# Synthetic Kronecker Graph Using RMAT
# K : 13, Sample: 2
# Number of edges: 22405
# Graph generation time (s): 0.05
2 1029
1544 113
28 1097
512 147
128 314
515 272
326 24
36 193
1704 320
416 200
136 341
1681 396
898 1056
768 1026
532 360
32 1489
5 1600
72 1794
1 2
139 64
1728 24
274 197
1665 360
176 71
1028 296
600 1408
518 1040
292 384
22 8
1545 196
43 20
1124 512
12 64
288 1154
45 1668
576 384
26 201
528 1262
20 24
162 13
273 202
661 8
364 1024
1576 327
2 353
1666 353
16 322
0 1275
4 138
1445 66
322 1040
962 0
278 576
456 774
258 1112
1048 226
20 64
816 1030
136 116
21 608
1 272
649 274
1024 274
449 8
770 1113
160 66
136 34
768 118
24 1187
1793 154
1953 24
520 136
1570 72
277 32
28 418
784 1059
128 522
166 1024
34 1996
451 8
1024 994
71 136
1168 801
256 1109
40 1095
640 529
360 18
709 1304
259 1092
16 836
1024 129
17 160
1418 65
522 1408
1067 384
1800 148
1284 74
1024 422
32 344
164 2
1777 8
1072 140
5 1984
1050 5
1056 81
1036 128
320 538
38 1184
32 776
1 232
9 1890
328 529
96 644
518 257
769 1032
1425 32
1536 176
229 514
833 1174
1792 138
549 452
578 40
784 14
1602 569
38 216
8 134
2 16
836 163
8 1648
1056 220
56 70
1481 6
802 1044
1792 16
0 309
609 1288
284 130
1026 161
256 687
2 641
35 1232
0 5
144 1376
656 1093
106 257
389 1027
257 1182
1102 929
100 1696
208 523
1540 307
160 68
132 1547
722 96
268 1122
336 517
257 636
532 355
200 768
256 1572
323 48
12 1201
1272 512
569 132
64 543
385 566
528 1966
1280 64
8 16
264 1218
168 528
704 0
192 52
390 577
1354 21
146 580
67 16
1025 582
6 516
1104 160
320 1682
768 605
72 1174
332 160
1280 647
534 1049
2024 17
1156 288
822 1
48 141
324 24
1348 163
24 0
92 1600
594 1440
1152 769
524 1170
1557 386
269 166
8 105
273 40
1800 549
18 4
149 256
1316 8
100 1427
484 512
90 1537
60 1795
400 581
1478 537
960 2
0 167
514 1044
1344 129
84 256
274 525
864 156
1545 18
1024 5
528 2
0 1741
1281 1576
1824 16
1 1796
160 4
1282 9
513 1130
1548 193
1122 65
294 65
80 514
272 1778
1296 44
1819 4
581 16
1043 1668
1332 577
160 1537
1037 2
1090 785
561 320
512 491
1040 1024
378 513
1744 44
1095 544
291 164
260 1800
556 1344
336 1582
262 216
1568 896
50 269
1281 644
530 360
258 1149
1040 198
8 1312
8 997
1099 128
1524 3
576 823
1030 136
18 0
1716 264
130 145
12 289
1578 81
32 0
32 539
1716 65
70 784
516 280
136 68
1580 80
796 3
1048 193
1603 8
73 1536
1569 26
64 1692
0 1737
819 72
1088 311
514 37
7 768
1040 526
1108 136
720 4
1067 976
0 1872
436 1098
80 800
1040 995
0 562
521 1236
77 256
769 1162
438 552
596 8
1088 530
388 1042
74 528
976 0
328 1029
14 209
0 177
128 264
288 72
99 1024
1080 132
1157 536
232 513
170 848
514 524
593 1322
9 1168
1296 47
6 521
0 65
771 0
88 773
1186 856
368 4
9 602
147 32
529 1344
280 4
960 43
1553 296
818 41
289 1678
0 1252
137 1280
1024 394
1408 514
106 128
612 1153
17 1600
100 136
544 64
40 1731
52 1992
128 1098
1024 443
44 528
1369 548
1220 49
1929 0
1 513
450 1081
160 285
89 418
96 1676
1216 806
1376 16
113 0
20 1632
1125 912
1608 6
128 565
2 1032
58 1024
39 152
512 417
257 96
1156 512
522 1088
20 1024
64 1664
34 274
72 135
1029 132
848 1069
803 1040
1038 176
674 1098
160 1797
1569 84
14 304
68 17
86 1416
260 659
5 608
96 664
656 1120
464 1568
8 1024
293 584
320 526
1544 33
32 464
40 64
64 284
36 1681
240 258
1650 265
185 1792
1098 417
17 1408
2 1685
49 1227
716 272
291 8
1046 288
529 6
1601 138
256 640
512 479
294 152
144 267
18 2000
1024 20
899 1112
1237 0
417 518
1128 529
515 112
14 576
452 3
1362 132
10 21
1432 76
92 1024
25 770
416 1024
1169 0
160 785
68 544
32 259
64 1808
609 0
1184 515
360 1154
1 554
772 1049
1128 658
65 772
1288 69
272 66
1088 319
1248 1
0 2027
646 48
181 256
544 964
584 388
1425 512
3 892
228 1553
483 1032
1290 48
40 964
16 132
8 914
420 1603
257 1738
544 214
9 1600
1129 402
0 210
20 193
1520 4
4 1202
266 1060
934 17
48 832
1120 536
194 280
148 104
768 1138
713 1298
806 80
716 0
104 646
22 1152
312 576
520 0
426 581
1554 133
128 0
136 1060
406 1089
147 4
1697 130
208 551
1186 280
0 1348
1106 801
1 518
640 1033
304 1094
256 606
292 1552
128 571
298 1041
64 1422
240 1280
580 1288
128 290
128 3
1228 1
1026 552
1848 81
48 335
32 732
144 1536
1413 576
577 260
1536 106
32 1430
1024 297
670 257
256 20
283 1093
19 512
901 32
553 356
1762 16
1639 512
402 546
258 33
264 66
1076 35
521 1314
1159 16
204 48
65 281
21 1122
540 354
547 1412
280 128
64 76
104 1152
1328 512
644 1033
643 1392
1 512
769 1026
785 110
8 768
4 1705
92 672
128 15
1037 368
852 1160
1039 16
165 128
182 1544
9 1476
1036 585
134 1104
8 626
144 576
588 208
0 75
1107 256
1320 196
1041 38
1024 526
12 0
918 1088
5 256
1568 97
1376 531
17 810
64 1411
32 258
913 6
628 129
1345 684
261 42
96 513
1060 1232
1088 296
570 1344
131 1826
315 1736
512 398
12 160
1 776
128 516
258 1196
1585 396
32 840
166 513
2 576
65 1538
1620 35
1025 28
1024 1152
36 600
0 112
1216 821
1440 590
1025 1796
69 1576
1680 13
840 16
1168 770
1827 16
315 192
0 1969
1049 288
516 1025
1253 256
49 260
144 299
1416 39
8 1492
1184 16
422 577
664 1056
1169 264
257 170
1297 38
69 1922
608 1176
1412 8
640 1104
1668 0
146 1068
898 65
1 1714
16 617
39 1857
64 405
833 1024
196 16
538 257
1792 142
256 1556
38 66
416 580
44 1024
192 272
1040 708
1280 64
81 1056
602 288
29 352
1795 20
1394 513
1041 962
1536 0
658 416
144 97
8 1282
258 516
240 514
1794 40
1128 1280
1546 368
162 532
1539 64
66 1672
0 977
40 1280
256 1545
3 960
266 688
707 1052
130 832
177 576
1438 64
81 0
102 528
513 1210
169 784
274 1024
304 521
273 108
36 1744
1025 16
1 328
626 421
184 769
148 40
0 1703
41 517
102 1801
130 1537
196 1032
288 525
640 26
210 268
528 463
52 138
3 96
772 1040
1474 49
1664 333
1314 632
396 577
225 260
65 1312
8 176
0 258
1 1183
277 1224
68 32
1384 18
16 1804
26 840
1345 152
212 10
83 516
33 1054
1043 744
1109 296
1 332
0 291
12 1106
160 271
137 64
1285 610
513 1186
256 672
1328 519
1104 389
257 0
596 1034
1288 2
33 1472
0 689
36 472
1024 394
1704 18
530 76
1040 590
592 130
51 132
800 68
72 613
56 643
1939 12
1795 72
436 2
520 118
54 1409
35 1164
1668 0
293 64
746 17
256 24
1120 657
6 0
311 1704
817 72
74 546
642 277
1300 128
33 536
1090 816
1028 60
512 80
1566 1312
658 1280
522 1168
1040 808
513 100
82 1028
1551 1376
27 1600
648 65
20 513
321 514
612 256
1538 209
1836 80
1432 3
1145 388
725 0
123 1540
46 16
288 1152
561 1162
16 1330
642 64
788 129
1 550
264 160
1571 324
772 1176
1542 18
559 1920
150 616
1088 546
1280 516
203 564
134 549
1624 419
56 1728
225 8
913 32
1 46
1 114
57 387
370 1152
40 640
4 51
1081 192
48 1858
66 533
258 105
1190 9
106 517
522 1044
1340 195
772 128
969 1024
1126 128
140 832
12 83
1728 256
1136 3
799 160
1696 20
24 1156
576 15
130 521
1316 515
295 520
390 73
530 256
315 644
1704 337
641 1112
1028 840
44 643
2 741
394 512
165 1
4 512
615 136
65 128
244 1025
553 208
1417 16
0 903
177 68
1605 24
46 1232
132 1312
260 1057
1670 97
1666 36
404 521
5 1938
896 1068
1538 96
88 130
2 73
1153 68
1096 0
1349 520
276 139
1040 257
865 1040
1240 302
1158 77
96 12
831 1024
1764 131
64 768
594 1153
264 20
609 132
1026 168
75 256
320 660
468 8
1285 640
258 64
1562 69
1074 392
53 1152
524 1120
1714 65
576 1328
545 2
17 520
640 1063
256 513
33 18
18 1121
548 200
130 101
1073 514
22 137
388 32
592 384
531 72
584 1187
654 112
292 195
34 792
512 1088
512 1252
512 1329
640 36
32 2015
1291 656
708 42
644 352
608 258
1300 544
4 1419
1088 392
305 576
1032 641
774 1041
290 68
384 1648
0 72
1205 322
152 1
529 226
240 520
262 1040
260 40
0 342
528 162
553 1220
2 1132
837 1042
544 70
441 1286
577 52
1044 97
1190 257
1536 192
320 39
8 1011
1490 0
417 136
36 323
1032 355
1548 1330
259 1024
5 1416
682 324
578 1180
234 1540
311 712
80 1541
297 594
200 20
1412 74
529 192
500 1539
1030 24
1030 9
14 1344
35 1425
264 210
1617 288
1125 896
292 1040
1159 576
6 33
112 514
5 312
779 84
2 785
1442 596
390 1144
80 997
1 272
4 673
164 777
455 1064
293 1552
33 1224
64 1568
96 1557
907 1028
1066 596
3 876
449 0
147 768
480 653
1028 298
144 71
1813 96
12 0
258 188
1322 1232
129 1826
652 1090
1025 1032
362 129
13 1936
450 1076
1321 16
1865 50
1577 146
584 389
258 1577
0 455
267 1776
131 1676
768 1080
134 97
2000 32
812 67
34 1424
524 240
1046 417
132 26
6 625
1049 164
1153 314
10 261
770 1217
17 1540
352 1550
272 1666
1600 301
809 22
81 1441
1813 32
641 1302
272 514
1026 513
289 68
280 1
1648 394
32 22
68 393
1409 516
776 1168
17 1056
1308 65
576 1156
8 1104
642 365
640 1303
1600 5
771 224
320 1698
38 384
13 370
71 1456
1089 569
1095 648
68 528
1056 64
1265 512
1060 962
1640 68
753 1284
28 643
147 608
896 1034
48 136
41 854
1667 628
273 196
850 1184
168 260
660 43
1379 16
72 676
720 264
265 1122
1034 33
36 1168
640 37
168 0
8 227
1160 320
11 288
1036 306
32 1667
1176 16
1636 9
2 1156
25 1284
642 48
267 16
138 1281
1792 222
1024 648
933 0
298 145
296 64
335 1072
512 1
320 1557
698 1
1354 181
521 1282
142 1568
1677 290
1408 30
550 0
268 1141
516 0
515 1312
807 208
0 1902
9 1856
32 280
641 100
1040 681
76 691
1472 37
416 88
64 163
120 515
320 560
453 552
18 773
612 1153
288 138
1800 20
1570 85
1638 9
3 156
516 1448
260 690
705 1062
1992 38
1281 56
8 561
1293 32
544 0
577 154
144 2
65 290
101 776
640 1060
576 152
108 512
144 520
448 1542
128 773
1473 0
560 9
610 141
1312 659
1056 141
820 192
292 728
1792 34
4 224
525 322
834 1036
20 105
1024 16
976 1538
4 1458
1026 165
52 1154
268 1441
1280 182
656 1089
53 904
417 10
256 1056
18 68
1195 16
1922 1041
21 928
52 1538
0 155
480 24
258 7
515 136
4 34
18 1604
768 105
162 520
320 1697
4 234
576 1296
98 897
573 1408
224 1538
165 8
258 594
900 1041
167 1032
101 138
50 640
248 512
26 644
338 1
33 522
258 4
1236 321
1049 642
1301 0
48 259
1024 552
261 538
974 0
1142 1
12 16
520 1280
1825 284
352 128
137 1046
97 2
130 77
88 1539
32 448
196 256
385 16
1025 82
224 20
1296 167
65 914
816 0
1421 544
1028 32
1032 16
294 130
233 272
288 1027
8 784
1240 35
256 672
2 1161
1353 164
514 308
65 1182
256 1800
5 184
101 529
296 1090
44 912
72 129
32 837
457 548
5 568
74 228
582 289
12 1152
1066 901
512 484
1126 145
280 1061
179 1612
1088 400
194 544
72 1312
587 164
134 1601
515 192
392 96
4 1262
1024 160
4 67
34 81
50 537
32 910
580 32
1235 776
19 1988
36 0
300 81
129 608
1536 89
1344 132
64 133
259 48
129 74
640 88
1537 272
1057 584
544 1028
1128 128
225 8
260 1104
192 276
1084 256
67 36
122 516
74 913
0 1792
1 1736
5 1042
12 1200
80 642
0 67
1577 144
1536 324
285 1122
1024 289
385 20
144 1062
520 339
38 1280
1110 32
17 1186
1024 341
149 40
1154 81
1168 36
248 513
280 726
1285 104
768 130
1034 530
392 48
52 1033
1336 576
1028 8
5 120
1731 4
515 424
1057 720
616 1283
723 1056
640 320
1668 9
0 330
1185 8
517 112
800 1040
672 1363
64 128
740 1
149 64
488 1684
771 1248
1088 568
872 18
536 3
688 1158
110 1920
169 1028
16 1828
2 1909
136 146
37 514
202 1056
536 292
66 640
1030 576
6 1153
161 1536
1024 228
104 402
21 1032
21 576
16 68
817 12
386 1068
489 2
1716 320
1296 738
1111 256
512 1080
1344 4
97 143
8 1028
826 192
0 534
1872 41
448 517
16 138
34 65
1472 33
260 33
9 538
17 290
1410 57
592 1065
288 1029
96 273
159 1025
512 1336
1538 161
611 1424
1558 360
800 7
1859 12
16 552
1573 258
852 1
264 1184
1088 557
274 612
36 152
1345 6
165 1538
8 418
9 448
1793 200
167 528
512 1150
528 42
74 1024
1074 832
138 1029
258 80
52 257
6 824
8 1601
0 189
128 338
80 1826
1040 320
264 512
0 338
1058 853
1584 384
529 104
1088 32
22 1096
1612 482
64 1664
263 1096
617 275
6 952
92 640
400 271
284 48
518 193
322 1565
258 12
134 1305
571 448
1313 598
316 0
97 532
522 16
1290 544
306 1668
264 1105
8 146
140 579
176 1865
897 1072
73 84
443 68
160 1114
578 309
1189 82
1579 320
82 1544
71 1592
1496 2
32 1604
750 0
518 209
1184 513
50 132
1546 497
771 1100
334 1032
513 264
1114 64
1036 770
160 1538
1137 514
40 1797
384 550
673 20
1152 261
360 149
3 1072
719 16
1440 29
290 1537
1042 256
1409 600
576 828
169 1542
417 1024
48 1163
452 1536
564 320
1792 109
240 268
17 330
1409 338
256 1202
1576 227
726 9
1575 128
131 536
1152 189
1478 16
1156 65
1105 388
1028 136
629 1152
136 1280
1025 92
274 1140
1573 0
1601 167
7 1408
145 1600
592 129
3 260
177 1540
722 1280
33 258
14 97
1472 48
576 183
1426 513
1224 518
768 218
561 192
107 1940
1217 540
1028 658
336 0
128 1092
771 1188
272 160
3 1568
840 16
1415 528
1552 69
146 36
0 331
1475 16
265 1682
2 1162
1304 2
134 576
1034 125
417 1552
1560 1
0 17
130 792
277 576
1408 46
316 1032
1186 585
274 645
324 24
1280 12
65 278
352 1173
566 129
1044 136
28 609
76 1
1100 1313
22 321
640 75
417 1540
20 641
1861 18
240 8
706 57
1041 320
808 1026
524 192
0 907
193 1828
1026 976
176 541
1588 258
320 649
1034 689
268 96
521 1088
1024 528
68 1448
21 64
1154 353
52 129
0 1826
36 1226
32 1229
128 70
1073 202
282 545
9 404
346 1284
92 256
132 48
1313 256
516 11
0 41
1080 6
1286 640
1034 740
1025 6
260 1184
1025 194
5 106
289 1166
32 332
386 64
354 144
164 592
2 1440
256 48
8 1507
113 140
536 130
196 1328
1024 721
1216 516
89 258
1036 66
1049 544
210 5
481 532
259 1196
17 548
1091 1044
0 134
12 1330
240 2
1216 33
1681 42
443 580
5 672
1410 688
66 1664
1393 136
1032 50
128 116
529 162
0 1666
2 1961
68 432
578 1072
10 1072
522 1092
38 272
2 262
74 1056
859 116
549 272
768 1194
1097 32
1024 134
1217 62
544 1235
1489 512
68 384
2 357
581 50
667 324
660 32
1025 192
1184 586
1111 168
1092 51
361 1040
784 128
261 1088
1176 3
1484 33
136 36
129 334
273 1096
268 128
22 808
881 1028
11 80
1131 280
1604 130
1417 48
752 13
8 1735
1610 36
258 233
1088 139
1032 641
576 34
80 289
1412 11
98 533
521 192
1620 1035
520 357
512 1098
513 386
678 64
768 1027
641 58
40 16
1346 641
1024 725
931 8
1617 32
1664 8
133 330
1028 624
512 1121
100 809
1409 66
1161 32
404 1634
1093 640
16 332
665 2
137 64
224 1551
512 246
386 180
1156 66
97 1564
256 0
322 533
144 1028
129 1064
68 1041
550 24
533 65
1248 1
1028 339
832 1193
816 204
272 140
16 45
1061 0
70 256
1280 219
840 147
1121 274
5 112
2 1184
400 1094
674 320
1802 161
96 2
576 1665
1280 26
1040 906
2 684
522 96
1088 928
140 1282
1376 27
401 1024
546 1173
76 305
1024 352
192 528
775 1184
415 64
1072 136
619 640
1284 512
1032 452
461 512
96 28
536 35
425 0
395 1028
0 1082
240 1024
1056 539
0 162
259 516
4 529
1888 147
267 212
22 264
141 1056
1538 148
568 1282
181 844
1 236
19 488
697 8
523 16
4 624
528 12
264 1105
204 1553
1 128
1536 1
1092 256
1794 0
272 1161
1536 285
530 1477
64 311
256 48
1200 68
10 1648
464 7
528 64
198 1072
232 516
672 1282
344 7
64 16
1025 104
1041 288
1733 34
866 1
518 304
1894 152
1152 256
283 96
1347 648
604 544
176 332
529 228
1280 523
80 521
552 21
130 41
69 417
1152 63
836 26
1888 10
130 308
1038 1216
1765 256
4 530
0 940
20 1152
361 1170
313 4
674 264
1648 260
1153 68
72 131
1164 33
152 96
871 8
387 516
5 890
1136 640
1185 324
1152 768
12 1506
320 136
288 9
1159 16
391 528
17 1700
0 780
1604 266
277 162
1036 32
0 198
5 584
168 1616
1170 101
208 2
68 1417
128 2
1034 32
41 900
170 404
302 640
88 1030
713 262
28 1824
907 36
244 258
1232 256
72 1216
1181 0
74 133
70 1068
2 1185
1160 424
1089 8
260 1672
20 745
288 1113
261 1250
5 360
0 1493
1536 333
512 1517
1654 265
133 1562
10 181
728 288
16 256
123 1152
1152 82
576 1413
304 134
428 641
42 1920
1313 142
769 196
1432 69
1536 275
542 488
81 172
384 12
1092 292
368 1032
0 257
1090 541
7 2024
1024 783
138 117
4 1664
386 596
1720 0
80 1167
265 1056
32 835
1029 520
65 1024
43 80
390 1648
1152 312
1058 916
25 228
1536 65
1297 6
1074 0
675 1280
576 33
11 1700
64 0
1058 768
1160 36
288 1678
2 1172
740 1048
258 664
768 0
37 512
20 585
440 5
136 291
8 1750
1115 548
708 1072
29 0
116 640
592 424
1112 33
1 862
129 66
72 5
0 385
816 129
72 256
176 513
1208 5
773 8
0 328
144 3
1516 513
273 1152
16 1096
1296 707
384 521
448 1068
1046 704
576 1429
134 1568
800 1232
385 518
384 825
1284 0
680 1075
218 1409
960 20
1264 539
140 850
144 1346
8 1655
10 1104
1179 836
680 1024
770 12
593 300
832 33
540 1408
1628 162
1280 82
534 1025
1069 80
678 0
1025 742
514 33
777 1196
337 2
1592 320
1040 523
0 992
67 672
704 19
388 72
1666 264
136 529
1032 659
1066 480
550 16
800 1244
64 163
1024 29
554 1281
69 1162
1168 270
720 1792
1677 330
461 1552
1105 512
586 385
1992 0
1660 0
1218 545
24 898
56 130
256 572
2 1536
256 49
32 403
80 1542
1414 520
1024 1432
1794 220
0 378
434 13
4 849
4 1560
601 1154
1059 600
128 1027
680 257
1476 1025
4 768
521 18
1281 514
836 8
66 296
48 65
1 1104
198 1552
1600 263
1122 515
528 1448
1158 536
192 548
264 594
1122 389
641 1348
832 176
292 1040
72 1571
122 128
516 96
53 8
1778 1
96 909
46 592
392 5
516 193
16 1123
16 513
1538 16
816 388
24 386
768 201
1376 541
296 64
876 1040
1677 640
1316 512
465 1576
8 240
519 1040
293 1096
772 1096
385 626
68 130
1056 479
1140 896
78 1200
1040 10
1301 192
70 176
1026 216
1991 520
1802 16
644 259
316 194
132 778
141 256
119 168
528 364
644 1384
200 48
200 1543
1240 579
69 1706
1 284
1381 0
1047 544
304 524
1681 258
1041 608
66 1797
48 90
1050 773
816 96
1032 119
384 537
131 68
16 292
17 42
1 296
36 264
1024 186
80 264
116 512
1746 5
17 1600
809 66
896 1312
1283 608
540 1120
193 282
1041 448
28 641
516 1696
128 1104
544 21
268 1056
1300 9
16 1132
160 528
336 1066
520 1398
305 64
170 577
647 328
278 1737
264 34
172 320
986 1056
32 84
621 392
1093 648
2 113
536 0
35 192
42 497
640 338
448 2
2 1548
649 292
96 16
1761 0
1057 718
1608 19
288 5
1568 152
6 1056
193 1040
398 80
1184 88
1028 656
64 1024
387 1028
1029 1144
1620 266
32 1734
1289 144
258 1209
75 0
1100 257
352 1182
256 1664
36 1107
400 97
1054 736
166 280
172 336
2 285
426 64
72 416
792 1025
579 182
14 128
12 338
96 1154
704 1024
1024 466
1 1248
200 1200
448 1
1606 293
1618 288
242 9
1152 321
401 1546
1280 64
583 48
897 1024
523 324
912 108
372 1666
1920 7
98 1412
78 81
1056 855
938 1104
9 962
261 1050
0 132
1552 471
8 1029
1060 258
1040 265
1106 44
256 224
1155 48
48 1485
547 1088
872 16
70 24
119 0
1281 154
25 2
170 20
137 1570
1345 700
194 1060
600 1410
1098 33
32 529
772 1040
388 1136
1024 936
1542 216
464 1037
40 1
1090 4
1 848
323 8
1225 4
260 1056
1170 325
274 196
5 257
752 9
80 7
634 1028
388 1096
1121 924
1952 84
1296 9
984 12
1176 256
525 496
2 373
129 1088
1561 260
584 129
1347 648
1068 536
2 376
1280 64
75 0
834 1216
133 626
1025 778
256 1176
609 132
16 1288
1297 76
1073 266
33 1540
1802 384
538 389
10 260
533 416
1024 853
512 1057
16 1224
656 333
1145 642
1096 2
648 113
518 320
580 57
192 34
436 578
130 60
1673 262
128 1400
43 1536
458 49
81 1056
1608 786
1048 545
16 389
386 1544
1024 308
516 49
0 185
12 50
258 1208
710 296
646 1305
96 4
8 1442
133 794
180 8
580 11
579 1056
512 389
488 513
577 100
1616 132
7 80
1844 8
1062 17
160 512
60 1665
12 1216
44 400
132 288
1988 546
0 1670
1137 18
518 1040
578 28
659 1032
33 1480
138 16
1152 824
1184 529
0 673
1856 55
33 18
417 0
64 404
1133 0
1034 961
1573 344
0 1477
227 532
343 544
1088 0
196 1072
35 516
520 1463
516 1529
273 46
1029 48
1 388
1292 658
160 1539
6 528
1056 193
402 1028
1088 673
768 1032
540 129
321 520
2 1429
1152 1635
1421 0
1104 930
160 516
312 1
1029 970
889 1156
1409 16
959 0
81 1061
192 1062
2 1125
1056 641
384 1024
98 28
1810 165
0 1377
518 1161
59 1152
130 1360
67 160
720 0
148 777
840 150
1173 608
0 1792
61 1482
1792 26
1024 832
256 1088
656 97
240 258
709 1040
0 1999
2 1101
13 480
64 128
4 1346
545 1280
833 324
560 1409
1080 512
554 16
256 96
4 386
264 6
1090 0
16 512
1058 137
68 274
186 836
40 1429
32 533
128 106
0 41
69 402
1152 380
1155 812
772 1130
1152 85
1 584
4 1
1194 769
2002 5
208 519
32 337
1573 146
154 320
1129 256
1808 145
512 336
20 1090
70 1192
1576 0
516 145
740 1024
60 1026
120 641
1674 5
132 10
27 4
899 68
3 480
16 1792
1288 39
1153 544
192 681
26 1440
137 1090
64 1196
19 40
709 282
128 1136
1032 628
368 1281
0 1186
1028 577
576 314
674 264
1176 358
1309 32
1120 259
72 1795
164 1816
801 1222
163 512
4 241
1328 6
72 32
1214 0
576 1026
8 1120
1285 112
677 2
8 341
53 64
1126 529
1164 35
11 608
1155 292
0 321
277 8
99 512
213 0
1355 52
8 1313
137 272
274 99
544 1419
1024 684
102 19
192 768
896 1092
0 808
76 1664
1056 604
4 578
152 581
1037 1602
0 224
194 1797
169 84
1 1898
517 1224
60 65
88 32
14 640
680 2
1554 0
296 641
328 1556
262 41
256 179
28 288
321 1160
288 1045
5 1536
1184 791
18 260
145 586
365 2
131 1808
1026 21
18 865
1569 194
577 1154
1624 676
48 1600
1115 800
768 1033
1105 132
32 518
386 1089
340 1162
1024 411
1728 260
1041 128
128 609
404 1570
152 1062
576 286
588 128
1266 8
1756 3
518 352
1328 69
0 283
132 1649
632 391
133 184
40 1859
1074 457
192 33
2 456
42 1296
154 292
2 1176
656 1
385 526
1024 131
397 1552
1576 192
258 176
256 596
649 304
32 323
80 1068
296 21
400 559
612 1282
22 776
1668 104
1537 58
1024 422
514 225
1665 328
264 1538
1106 812
548 129
261 16
26 1313
128 1336
1073 134
1047 201
97 410
17 458
32 154
628 1035
950 9
672 266
512 265
640 65
1280 13
549 74
1 14
400 1601
522 245
260 1040
1024 404
131 112
936 262
674 1281
673 1346
12 930
64 1027
600 39
17 8
208 800
4 410
256 1736
960 53
146 1377
280 1094
1032 976
80 1313
1025 706
261 88
1355 144
0 512
145 46
1026 528
1540 1
1048 133
1492 512
1046 96
1920 256
512 136
39 384
1940 34
165 304
600 290
296 1040
1068 721
492 578
480 1024
834 1024
6 1096
26 352
102 545
321 180
1592 0
33 1276
849 2
7 696
1296 232
27 160
10 609
1026 521
80 1184
148 352
128 1029
521 1472
1185 528
1032 65
400 15
354 133
361 20
146 1025
32 1171
1425 4
1128 5
384 1117
64 258
1181 608
160 75
4 609
1760 13
1152 0
673 22
1092 33
96 640
1300 224
1537 154
289 1034
7 1208
130 605
520 260
832 176
131 1096
967 0
538 480
1688 99
17 168
32 1298
684 2
280 1664
281 136
165 1288
394 1121
1 176
276 1226
216 1796
545 128
996 27
1617 428
192 263
1027 824
1057 704
555 1348
76 1329
70 816
1034 576
146 105
6 456
1556 161
594 1284
1034 496
300 579
56 7
262 1033
76 278
170 1810
544 392
1045 642
4 1027
608 1410
546 1409
1072 648
1670 97
236 1
16 1065
1090 800
1796 138
8 963
329 1540
257 1060
36 576
307 704
586 385
256 286
129 60
36 537
16 1164
1 346
1632 397
1027 344
33 646
1802 5
72 513
523 288
426 529
1352 160
1550 432
0 1161
1368 0
904 16
1825 128
1057 28
0 304
1878 136
160 26
297 212
515 1156
230 1792
1082 65
72 640
41 80
794 36
1616 3
0 73
1411 0
661 0
4 97
171 16
528 1218
1039 64
1044 386
1060 792
12 1024
2 1089
468 553
1290 81
898 81
324 176
202 512
70 400
679 1104
184 1347
386 1076
64 5
901 32
16 326
264 1508
905 1108
1070 64
388 0
73 130
1600 9
1564 160
441 0
132 601
256 1068
328 19
773 66
864 134
1058 713
776 1027
1028 247
32 2009
276 74
1 1856
165 2
126 1794
258 516
365 128
264 532
264 1040
6 969
720 768
384 100
227 796
72 1205
1217 20
843 1168
640 84
104 1029
9 594
774 1105
1537 264
513 259
65 1186
1188 80
1056 593
24 6
64 664
1280 147
400 1024
268 737
1028 459
96 1544
26 1601
192 1041
1034 705
128 66
328 1063
10 100
798 1056
325 528
96 142
1090 808
368 1196
34 221
1416 19
1348 42
36 1491
1536 46
1083 832
132 522
802 16
33 780
400 1024
1446 1
259 1056
556 1312
26 128
0 432
0 646
640 290
361 1702
24 1029
18 1601
26 1953
106 404
58 1217
514 360
1024 71
76 1056
1 782
516 368
22 896
512 1107
4 49
640 361
753 272
131 812
1152 324
580 179
275 1032
9 1106
33 1928
1496 6
80 1419
1280 244
1172 106
2 197
260 704
84 138
1248 286
64 174
1052 514
296 1540
1161 576
0 1192
4 24
35 24
1092 1
66 657
256 1109
1024 275
65 402
961 1056
516 129
2 529
1665 324
84 1312
1684 99
1604 19
859 1060
1153 570
520 3
948 2
128 22
1026 228
792 39
317 1024
70 1053
8 340
156 32
323 260
345 1702
1491 544
1081 640
42 528
513 8
548 1
0 1198
525 1520
544 74
1027 426
908 1057
256 1739
209 0
424 1602
80 1313
280 228
532 352
202 305
682 261
1312 579
265 544
225 256
26 4
168 1
1 1216
66 400
1632 274
1110 801
578 1025
512 1110
137 80
130 585
1086 705
206 256
546 468
1032 512
80 526
76 403
1026 769
626 264
1073 194
1029 48
1376 644
1 1256
107 512
154 69
516 715
1168 512
562 652
1096 771
489 1536
688 1030
242 768
1120 524
68 1696
1697 256
1024 521
1073 192
131 612
292 1728
1349 146
1296 70
1177 100
296 80
896 72
1178 356
1 152
38 1088
1928 544
160 322
1411 8
1159 328
38 1169
49 30
320 130
520 1520
200 2
17 1088
1044 194
836 98
1568 397
8 1282
1603 138
168 529
324 9
1152 259
402 1121
129 68
1553 390
1352 35
10 336
10 1812
28 802
1824 1094
150 1536
512 1126
305 1666
37 1408
387 84
1138 272
232 0
772 649
1072 704
33 88
549 136
7 1792
326 1665
204 51
1367 0
609 28
0 546
513 1440
515 1088
226 261
1217 30
1416 100
1089 396
856 148
2 1785
1667 72
208 1795
840 1072
385 1052
197 562
112 0
1793 52
232 771
556 1024
0 281
268 1098
16 1537
520 71
8 1681
657 228
308 1096
606 1185
13 1730
1722 65
1161 258
1484 512
1029 128
1312 212
581 1408
1612 129
1032 67
1798 64
581 1154
677 258
552 386
198 785
512 197
1032 913
1628 418
1058 524
1288 82
40 1313
200 1318
128 1068
130 1601
616 131
256 1212
36 523
12 842
1301 224
260 1056
33 514
8 565
1189 1344
0 357
1568 272
464 32
81 1794
648 51
1281 48
1344 42
1027 540
1025 168
224 1032
8 816
560 264
1541 200
520 1024
261 1024
1042 1
341 1536
160 10
768 32
549 1560
8 774
1288 580
625 0
362 1024
1058 213
1292 18
9 180
7 208
1240 934
555 272
289 1094
1105 161
32 0
1032 896
514 209
18 1600
1822 96
256 606
1024 82
6 412
53 768
17 1508
1480 552
384 1608
472 516
140 833
262 0
257 512
260 73
1928 68
40 133
880 1096
56 263
1026 769
1312 89
64 1925
4 13
1705 80
1288 4
16 1097
197 1538
1156 261
278 544
164 272
1633 270
45 1200
864 1154
320 1080
64 182
25 1602
144 1600
1285 536
50 1476
128 559
1536 306
514 1120
38 1104
8 1095
1414 537
11 80
1154 64
90 1024
408 1062
64 135
195 1316
650 1088
512 85
138 512
296 85
96 1175
28 194
368 642
1280 328
794 1157
22 585
520 405
160 6
140 1024
65 906
308 128
81 36
288 216
261 32
32 83
168 848
271 592
680 4
1536 4
290 660
68 776
7 720
0 24
44 192
589 1042
569 1280
192 1376
281 64
144 1088
0 1217
544 67
48 1612
201 310
576 136
2 1409
2 1024
9 0
0 12
1299 576
1728 1
24 1188
98 4
128 1048
232 18
1536 72
543 96
1201 6
227 788
834 38
64 1180
512 1091
1056 646
1040 142
1091 796
1144 261
204 42
263 648
554 1108
1040 1314
429 1090
40 518
19 520
69 800
154 293
544 1287
314 512
1360 544
2 1057
254 1
28 1059
642 1621
54 1
280 1606
366 1537
390 1552
1089 388
564 1409
532 353
0 800
1217 526
112 525
2 305
384 518
563 1036
98 897
468 1536
0 1280
1026 9
1540 322
70 1544
169 772
8 1653
40 1538
392 580
40 1969
64 642
1024 384
14 128
804 153
320 58
128 854
82 128
103 1028
512 1099
34 208
1120 543
1283 532
1164 544
1172 802
193 1068
597 1440
48 1546
1038 704
1045 872
1344 71
18 193
776 97
1408 605
1024 385
1800 98
524 80
1817 0
1124 16
262 1160
32 90
267 512
64 1833
1845 66
457 512
121 1284
1072 4
1568 111
0 30
544 407
25 1504
208 256
12 160
72 1670
522 449
8 3
66 288
1602 42
1027 744
160 1095
140 324
67 256
1120 275
160 594
24 35
1066 85
136 577
864 2
707 8
1090 52
776 21
144 12
584 1072
16 580
848 185
1580 386
916 1126
408 580
1156 347
2 604
513 336
776 86
1062 579
1542 200
1449 18
37 528
1568 27
1154 4
1189 80
1425 40
145 46
4 601
308 518
776 0
1218 317
1284 552
1537 964
1510 1
960 1033
32 709
274 64
704 1039
1025 322
580 1296
1028 136
1544 307
1800 5
596 130
768 1229
266 82
780 65
1180 546
342 1065
1860 26
76 1536
64 1184
780 1090
512 451
28 1642
812 1744
136 535
1074 641
260 1672
193 1026
93 1186
4 946
1060 210
20 200
1066 644
289 1692
2 845
1280 6
259 36
384 82
276 138
1281 648
1031 112
1635 1036
136 36
184 577
268 17
250 1428
230 73
275 640
1024 322
1024 256
32 576
150 32
544 90
258 64
1540 1044
129 1856
1027 0
36 720
256 84
901 1032
1033 384
32 1104
131 1076
1 64
561 1866
148 1128
1187 520
1800 132
1234 520
1669 48
257 714
448 43
20 1579
521 38
8 12
400 68
6 568
18 5
192 520
36 1923
1116 160
1026 0
65 1668
1024 432
1157 114
16 517
1177 512
816 76
1559 1312
530 1348
1000 0
1065 834
772 8
136 1059
45 80
128 13
4 1691
16 162
112 779
24 1798
641 1056
970 1060
576 1122
33 1424
160 529
131 44
1152 540
1093 952
1057 72
226 532
1025 370
18 388
6 336
5 608
1324 131
1 104
688 72
15 1808
537 0
34 465
5 1432
320 702
982 1033
1024 450
462 1025
256 552
686 80
1032 4
542 385
0 811
901 96
1089 144
10 588
261 1218
48 648
144 577
582 688
547 212
965 26
356 144
1034 112
642 297
1029 608
648 32
64 530
262 72
36 155
580 416
26 1728
1664 128
1286 513
1105 526
768 40
264 519
712 1044
0 1540
68 1801
472 68
5 1648
130 353
836 1546
1280 518
256 517
332 1538
361 1670
376 132
74 896
580 1312
40 197
84 514
260 1714
1296 130
8 146
844 1075
1576 259
466 1596
1366 12
414 1089
2 648
201 1312
768 1179
1056 335
257 1034
531 268
1153 8
1707 4
1028 736
1546 480
648 533
1832 134
5 1146
411 36
1542 257
1129 256
64 417
35 1536
1666 268
1448 518
395 512
582 1432
1280 148
139 1580
1537 264
100 1033
544 6
1820 162
52 129
321 518
0 40
1412 522
128 1349
1792 14
1169 300
621 288
514 1320
16 1669
34 725
82 1700
1579 0
1040 0
645 1378
25 1798
1026 521
1317 520
41 22
546 1028
34 520
10 272
97 650
674 1305
74 1680
652 290
110 1280
48 1665
681 258
658 1128
32 1152
1804 194
152 1056
1024 152
146 12
1027 176
816 205
1192 66
8 1906
592 296
1537 26
1120 129
1352 130
832 1152
2 1028
1111 776
51 512
38 64
1574 64
544 11
19 1576
12 538
548 24
150 106
36 458
71 256
1032 64
145 36
1954 0
261 650
64 1028
5 290
1568 0
672 260
337 132
516 1040
576 385
288 215
1808 68
518 1024
768 1056
1624 4
1720 68
1120 525
1335 128
45 1042
774 193
160 3
4 410
529 1132
162 768
232 1349
290 84
929 1094
1024 179
552 385
128 1540
641 1282
539 256
206 1057
517 24
8 662
1657 0
608 22
3 448
1058 793
534 1120
315 68
1027 516
512 1328
64 396
1538 272
1544 64
1357 160
265 576
178 577
7 320
176 780
21 1538
128 1824
1411 20
1409 16
1024 816
385 1124
130 1120
540 320
151 1288
1417 576
529 1028
336 524
289 194
776 193
1064 388
348 1060
1 12
594 1408
8 387
5 160
391 16
512 138
1740 1
1108 40
408 1058
49 258
1164 611
128 610
0 1069
39 720
218 1281
128 616
513 130
1024 786
176 1025
8 1891
276 128
144 1580
136 0
5 992
1192 517
554 196
514 1072
512 206
172 512
1796 19
525 1298
1416 512
20 130
142 112
57 1286
10 100
16 131
128 820
4 88
1050 4
512 0
0 1030
1052 898
97 1306
1614 129
1056 78
1538 224
564 1025
32 904
0 1059
896 1100
1041 548
625 1422
460 545
1408 577
800 220
9 1860
4 274
354 21
624 145
28 128
136 1297
51 1220
520 1363
0 1060
577 1178
68 1162
557 1282
16 1416
392 1600
128 281
193 2
96 146
332 657
292 139
530 281
337 160
17 1868
530 420
1536 400
580 11
320 1584
1148 128
272 224
0 625
264 100
832 1153
130 384
688 1281
669 96
1588 320
1024 64
1024 389
32 790
860 1153
52 1856
67 424
289 82
963 60
522 97
264 71
133 1026
16 142
424 1042
14 433
128 1864
563 1288
145 1826
1110 1008
192 528
224 1046
409 132
0 194
3 1672
1132 17
930 1024
19 1604
256 1544
41 662
264 86
148 1600
1859 20
1152 522
0 74
1056 850
1312 585
774 40
1748 264
1552 322
593 1460
536 77
832 10
34 596
120 135
26 103
384 1551
672 1102
1065 292
928 1092
1072 526
256 659
640 6
50 384
32 452
64 786
1064 2
768 1222
2 189
1155 616
33 350
4 576
0 0
320 514
5 314
1042 325
642 1133
1744 3
1553 74
1057 657
692 1289
113 0
2 1881
820 1219
200 545
1144 642
658 4
834 32
146 9
560 1282
134 616
1611 176
228 768
594 140
676 17
525 322
1088 392
586 1056
1105 672
178 780
544 277
82 1800
10 160
194 260
128 1068
576 276
1536 321
1024 364
384 11
52 521
874 1
10 32
564 1454
128 1619
51 146
387 112
0 12
1474 640
1036 912
12 466
57 640
4 296
1034 532
1346 13
64 257
132 867
776 1171
320 944
514 172
1728 32
1104 40
684 16
34 92
1280 687
304 1611
653 1188
16 384
1033 80
0 733
1155 8
394 48
788 1161
413 578
356 1026
4 112
328 644
0 512
196 1568
1122 644
1 144
1032 161
1024 155
643 320
8 131
361 132
768 1036
304 99
1273 260
1736 274
515 192
2 269
0 1510
408 34
161 268
128 379
796 1218
960 1026
77 512
1088 169
1572 10
2 1172
135 528
224 538
1888 46
1027 832
278 737
1 4
81 40
56 0
1 1528
8 273
259 188
1028 585
1580 832
1029 64
1302 512
195 1060
130 344
856 32
664 1344
533 416
264 516
34 1089
312 128
1313 512
770 112
264 1170
388 1131
772 48
162 1288
897 1030
514 17
266 100
1104 256
8 260
1031 513
160 1297
1188 17
216 1281
548 1371
518 16
807 144
706 20
1174 96
43 580
1024 199
126 1794
1312 208
1089 774
260 19
804 192
906 96
314 1028
1320 576
1066 340
0 1096
140 515
99 272
224 1284
165 1042
448 33
1897 4
560 136
64 896
1584 66
91 1956
806 65
862 128
1890 24
10 85
1025 130
1152 777
102 1409
80 896
404 1536
1457 512
1088 519
192 1573
96 538
582 0
1156 178
1035 0
349 0
744 1296
1562 5
1121 148
420 529
632 0
546 1408
526 1280
220 1030
137 1606
579 1412
1160 275
1220 539
130 1069
1648 258
1132 17
1168 1060
1093 402
1081 0
4 114
68 1114
440 581
1409 718
1408 1
384 1555
45 640
1152 336
131 88
76 641
1344 0
782 1408
1 353
352 1564
432 1097
266 656
1560 352
6 1697
1360 9
1796 203
658 100
9 594
704 1040
962 0
1280 659
14 705
1048 34
4 42
385 562
1217 102
277 706
198 776
1912 4
632 1280
538 128
2009 98
672 1
362 1540
136 529
256 715
4 2035
1512 513
1028 3
208 296
198 512
88 1026
652 2
1166 545
69 364
64 768
1032 117
521 1056
528 133
29 960
320 40
198 48
1088 514
644 1329
17 520
257 134
392 581
516 104
72 1027
640 1609
1460 1
512 224
1033 972
34 540
128 180
644 1336
1435 32
1032 866
16 194
1 708
144 608
837 1026
1053 416
1385 18
704 1283
537 390
13 336
1058 960
1054 801
512 60
1024 808
401 104
1024 579
1077 0
100 1408
208 769
992 1037
33 1104
5 1296
8 244
105 1182
298 1030
640 276
98 1280
250 513
133 8
698 768
72 657
538 1073
414 33
419 540
70 1040
560 325
1222 561
390 1056
256 1259
265 114
137 1874
1540 128
352 553
32 1412
114 261
4 1033
280 2
134 1569
257 1164
33 16
1668 376
116 1800
17 1544
1 1072
1280 231
837 42
681 1286
8 1249
929 1032
528 362
87 896
19 392
1024 16
1097 944
17 128
1384 130
640 77
23 1472
334 1025
259 1664
11 520
49 832
7 1808
64 536
188 257
66 1280
646 1072
32 787
1038 913
52 395
344 256
394 1552
16 1516
323 128
69 1555
1115 256
1696 320
389 1856
1062 648
129 324
260 1545
258 132
8 1731
1160 21
4 0
1025 48
1360 544
898 1085
576 60
133 1538
656 14
100 1425
1625 134
18 897
1076 833
538 161
1576 138
266 177
56 0
1793 68
1025 4
1429 578
369 1544
770 1205
529 176
1104 5
1594 65
52 65
1174 13
3 264
576 1073
14 32
272 36
1 1262
1098 516
435 580
1124 769
651 1360
517 16
103 512
4 449
396 1042
1061 586
156 512
1442 72
1926 41
1121 520
1068 272
1843 128
1092 794
196 515
11 112
67 160
1122 136
64 1819
1306 581
94 512
1671 16
1097 822
1104 519
121 1542
838 145
1064 132
1792 23
546 83
134 264
1040 132
1047 40
18 808
257 6
755 1280
130 289
34 1544
5 552
1284 761
0 1701
1795 68
401 516
128 1541
1323 656
1040 520
768 1042
1025 324
0 1667
128 523
1987 8
528 1121
200 48
66 520
256 14
385 1628
51 1540
1168 71
1152 780
1152 54
684 1027
2 1664
544 151
33 130
517 712
16 33
410 1029
1481 32
1416 514
263 1552
1346 16
512 176
9 434
512 1265
680 1286
500 526
165 1290
298 69
416 65
640 20
129 858
1087 64
662 9
8 1686
26 33
17 1668
1632 662
384 1545
619 260
137 324
1729 292
192 829
1052 769
97 0
10 1028
65 1308
372 2
1037 514
1632 393
728 288
1602 316
80 288
768 85
880 12
0 273
530 5
282 1537
189 832
8 262
548 209
129 320
336 0
131 580
1088 801
1465 512
0 74
400 1034
510 0
1156 529
1168 2
712 1031
530 1160
305 1092
704 290
1066 208
576 146
256 1756
1028 834
1836 144
105 720
1220 265
264 1168
1643 384
647 1032
4563 0
4101 104
5134 96
4384 519
5249 516
4864 1056
4104 407
4099 1648
4864 1165
4370 1060
4365 1218
4369 646
4352 150
4800 298
4186 1189
4435 4
4170 48
4097 1674
5121 8
4608 1297
4357 584
5728 2
4548 1066
5890 137
4494 1
4688 7
5152 960
4116 1122
4577 8
5892 225
5400 0
5220 257
4737 1072
4176 546
5136 484
4132 1866
4161 1456
4106 784
4528 64
4667 1024
5635 6
4112 514
4658 1293
5392 738
4216 1026
4790 268
5224 16
4323 772
4146 512
4423 688
5158 1
4106 1589
5169 320
4128 1168
4624 129
4408 649
4386 512
5482 528
4110 673
5452 656
4262 512
5458 129
4097 1024
4928 1190
5120 68
4290 48
5228 66
4170 293
5547 512
5588 512
4140 401
5184 389
4120 1152
5184 805
4097 10
4992 24
4480 86
5200 384
4417 165
4376 1089
4116 1704
4376 32
4224 545
4107 1844
4562 44
4450 656
4632 355
4613 184
5797 16
4370 672
5120 17
5520 10
4444 160
4248 6
4824 6
5145 1478
4264 518
4674 172
4416 131
4384 647
4673 154
4128 411
4388 1161
4233 1026
4428 1665
5890 240
5792 1
5894 40
4192 1812
5216 918
4134 2001
4360 1074
4178 1416
4162 1173
4120 322
5384 32
4232 770
4772 322
4420 138
4608 1096
4098 1698
5202 940
5636 659
4160 1172
4608 32
4610 1169
5318 32
5296 773
4306 525
4884 130
4768 1283
4717 1042
4164 546
4179 416
5632 3
4130 140
5680 257
4256 1677
4266 65
5640 423
4096 603
4241 38
4992 1093
4132 1040
5568 533
5387 212
4352 512
4243 324
4232 788
4968 1174
5634 8
4128 962
4456 2
5449 402
4672 176
5008 1039
4102 1456
4113 1156
5176 772
4938 160
5440 29
5587 164
4100 1281
4690 37
4229 1826
4624 12
4432 39
5643 100
5664 81
4168 37
4904 1
4737 1112
4616 373
4640 260
5025 1034
5191 0
5505 28
4936 34
5632 292
5150 0
4353 1712
4288 301
4992 1093
4360 163
4139 132
4348 1280
4110 1040
4624 1444
4097 821
5153 48
4372 80
4097 514
4097 1170
4146 1281
4375 128
4112 1058
4866 136
5667 324
4289 296
5192 817
5268 8
5780 280
4128 1603
4166 9
5248 317
5681 260
4168 1927
4744 3
5424 579
4266 96
4096 516
5122 560
4741 352
4865 1232
4747 1
4272 1886
5120 9
5632 436
5632 101
5131 32
4103 1160
4097 408
5921 2
4096 128
5408 129
4114 1128
4737 288
5185 406
4376 71
4416 39
4290 44
5448 179
5658 80
4612 1106
4420 1026
4357 1202
4419 1076
4146 772
4234 581
5283 548
5172 584
4100 1985
4508 1056
4128 1536
4818 1033
4112 66
4098 1125
4854 261
4114 812
4784 1089
4102 617
4450 1032
4201 4
5120 842
4106 1088
5589 2
5422 512
5216 649
4119 384
4610 0
5202 37
4098 1065
4096 404
5304 577
5825 34
4304 803
4386 1
5639 80
4746 1060
4705 348
4672 1302
5232 1423
4208 1028
4225 270
4096 1556
5184 687
5398 736
4628 354
4099 1944
4963 1176
4105 64
4454 1025
4112 778
4112 907
5570 1
4359 128
4100 1305
4126 1536
4300 16
4101 0
4872 100
5509 56
5124 960
4480 613
5296 524
4643 132
4881 194
4626 1345
4384 661
4384 534
4680 131
4336 1354
5640 193
5152 391
4163 1468
4100 1920
5440 25
4352 220
4353 1280
5896 88
5888 584
4112 1120
4256 1032
4488 35
4639 2
5393 200
4338 516
4420 1592
5914 33
4103 96
4369 2
4276 515
5260 544
4882 204
4704 1052
5251 260
4268 1089
5129 800
4176 585
4097 2004
5172 513
4496 1025
4370 1704
5440 181
5142 72
5120 153
4096 1995
5728 64
4464 1545
5129 2
4528 8
4096 745
4896 1159
4242 72
5122 705
5297 384
4496 513
4124 394
4128 468
4136 23
4256 1052
4240 0
5154 328
4872 1237
5332 2
4635 1312
4369 0
4705 1280
4106 1080
5156 72
4113 640
4257 76
4565 26
4736 1104
4982 129
4129 136
4224 1104
4166 128
5696 385
5257 292
5155 268
4304 1536
4378 4
4105 48
5137 808
4174 1536
4121 194
4249 1064
4468 1570
4800 1071
4180 544
5530 4
4098 1800
4360 551
4353 606
4230 0
4496 8
5187 0
4114 1036
5574 1
4113 384
5525 72
4609 144
4754 292
5122 1552
5250 16
5176 515
4100 11
4178 288
4390 712
4293 10
4232 1588
5192 129
4100 138
4872 0
4838 25
4225 302
4097 1024
5218 8
4356 536
5252 275
4442 32
4609 1370
4128 658
4224 785
4353 1208
4106 5
4352 800
4247 608
5265 258
4774 1024
4128 327
4229 1578
4151 1024
4372 138
4624 1034
4099 928
4169 561
4256 1025
5636 265
4096 83
4552 1075
4776 325
4256 1850
4505 1536
5416 528
5282 520
4380 5
4423 1592
5748 386
4128 1408
4746 64
4113 936
5632 355
4163 1028
4168 387
4736 82
4886 1096
4096 1840
4164 1056
4400 704
4145 1092
4664 0
4206 1152
4176 46
4180 515
4164 696
4130 1
4362 224
5414 88
4900 25
4192 1664
4869 106
4482 525
5139 328
4864 146
5266 0
4168 1045
4368 1028
4174 0
4865 1114
4262 513
4128 645
5592 5
4137 1536
4112 1160
4640 1226
5633 36
4146 1037
4096 1282
4106 1248
5649 40
4166 1024
4672 5
4097 288
4098 97
4278 1032
5124 17
4608 1324
5255 356
4134 522
4288 257
5408 577
5256 328
4904 0
4160 1280
4112 1416
4200 0
4516 537
5255 120
4259 1864
5426 513
5124 537
4361 692
4195 1024
6084 296
5250 273
5220 896
5441 56
4576 264
4116 137
4102 977
4612 136
4352 52
4226 296
4096 397
4100 1297
4233 0
4385 840
4230 1281
4097 1140
4613 202
4648 978
4702 385
4184 1792
4108 18
4450 29
4674 1056
6022 105
4493 1106
4672 36
4650 4
5378 584
4189 384
5621 522
5889 10
4449 1054
4256 375
5280 11
5144 1154
4866 137
4103 176
5952 1160
4096 21
5232 1049
4128 514
4740 257
4616 177
4616 7
4941 160
4320 1821
4133 1600
5824 40
5664 17
4105 1986
5216 404
5284 329
4104 304
4112 1326
5122 84
5187 384
4428 1042
4120 1475
4235 316
4480 1682
4994 68
4420 1056
4647 64
5639 144
4122 356
4224 87
4802 1561
4864 22
4387 152
4108 1537
4137 512
5632 21
4296 1538
5164 531
4227 1636
4104 1
5632 336
4568 32
5537 72
4096 1986
4098 24
5507 92
4644 1176
4770 320
4490 1041
4403 128
5665 208
4164 648
4672 257
4673 1308
5576 55
4109 464
4352 288
4480 520
4244 776
5888 112
5665 132
4376 133
5670 209
4755 4
4642 1040
4896 0
4177 32
4366 1728
4496 1030
4158 705
4876 99
5177 388
4707 176
5023 64
4754 32
5536 0
4352 704
4745 260
4677 0
5000 1156
4560 7
4100 1792
4619 0
4136 17
5154 393
5412 1664
4108 642
4416 1176
5561 512
4194 257
4224 1352
4368 194
4736 72
4136 1039
4336 580
4134 1753
4144 1993
4228 608
4128 786
5286 768
4105 1408
4704 1169
4680 1027
4545 1031
4356 1722
5376 112
4100 168
4128 661
4098 561
4376 931
4123 324
5379 4
4128 209
5257 312
5592 545
5762 89
4098 1228
4736 1035
5194 65
4648 1285
4263 1808
4135 280
5450 16
4684 259
4200 263
6024 50
4193 418
5385 28
4106 500
5160 192
5632 96
4742 0
4113 4
4097 962
4132 19
5121 578
5200 128
5650 129
5644 129
4260 280
4480 80
5120 128
4826 4
4139 4
4122 8
4222 385
5254 521
4109 210
4105 1632
4097 1034
4192 1284
4123 1312
4276 587
4356 727
5216 400
5168 15
5248 526
6016 69
4608 1254
4162 805
4776 1280
4162 769
4096 153
4177 8
5760 168
5146 708
5888 102
4141 16
4201 922
5184 562
4131 8
6010 132
4110 1376
4361 1158
5440 512
4673 286
4370 140
4498 544
4140 1042
4192 256
4168 1796
5414 664
4096 1733
4268 1104
4182 513
4103 482
4656 1288
4773 1040
4192 197
4096 210
4100 112
4225 330
4291 4
4098 36
4161 26
5250 108
4619 389
4736 266
4368 162
5137 774
5693 256
4126 65
5668 82
5648 397
5120 356
4096 137
5128 497
4650 416
4536 1024
5955 660
5936 9
4224 39
4232 0
4888 0
4392 586
5338 0
5579 16
4610 1148
5250 280
4390 272
4867 232
4234 1812
5384 737
4847 16
5124 136
4096 1556
5138 4
4304 517
5121 724
4273 10
4928 57
5308 256
4168 1936
4249 1810
4177 10
5633 268
5713 292
5524 3
4908 11
4132 1176
5156 259
4288 1298
5272 130
4096 593
4415 64
4097 798
4102 929
4096 1665
4616 948
5258 277
4096 611
4416 224
4310 776
5157 128
4625 1218
4800 260
5392 101
4096 1163
5128 65
4180 768
4449 1152
5026 1024
5640 416
5216 532
4608 1506
4176 512
5777 356
5404 32
4300 770
4096 288
5413 561
4102 1056
5264 516
4261 314
4506 64
4196 515
4240 544
5474 16
5188 655
5249 512
4108 64
4102 1057
5282 12
4890 161
4136 771
4869 1194
4116 514
4304 515
5120 19
4240 108
5138 420
5185 904
6040 96
4096 173
4144 2
5720 164
5776 2
4352 128
5200 810
4352 644
4151 585
4112 130
4268 67
5228 136
4358 528
5320 7
4615 72
4246 1088
4120 0
5125 616
4842 260
4388 0
4132 137
5120 24
5056 257
4225 768
4100 674
4649 132
5048 1025
4099 1568
5120 786
4177 136
5508 122
4099 1232
4616 562
4516 75
4097 1424
5184 0
5676 1
4352 670
4352 108
5164 0
4183 1024
4744 1062
4360 7
4848 2
4146 1793
4352 169
4232 1314
4275 1288
5134 81
4104 308
4904 1044
4184 1924
4512 64
4674 264
4302 528
4098 120
4608 147
4625 98
5492 3
5700 257
4160 530
5841 44
5266 65
4160 656
4233 580
4339 520
4608 20
4901 146
4416 1729
4372 73
4196 386
4231 1104
5410 660
4098 1609
4101 1888
4904 87
4482 65
4450 516
4609 76
5908 33
5688 1
4746 1025
4709 402
4880 14
5413 192
4160 1815
4385 222
4481 582
4128 853
5152 516
4256 1048
4608 1152
4097 568
4259 16
5770 336
4115 448
5888 197
4208 386
5251 520
4166 521
4160 9
5132 226
4880 162
5465 0
4125 1408
4116 1096
4924 64
4776 1285
4620 1187
5227 900
4288 1065
5889 106
5640 161
4168 918
4321 14
4098 141
5168 897
4208 128
4456 3
4226 5
4643 192
4816 4
4187 1188
4678 33
4162 525
4233 70
5472 571
4824 417
5124 321
5120 96
4304 105
4640 75
5120 400
4096 11
5160 67
5378 564
4580 17
5378 704
4153 256
4122 289
4871 1064
4136 1620
4100 1297
4896 1038
4363 1088
5416 64
4322 1
5288 514
4170 35
4634 352
5523 516
5124 833
4948 6
4804 265
4422 25
5946 129
4745 288
4096 1128
4416 12
4612 1048
5200 548
5636 296
4161 130
4133 1624
5760 74
4640 386
4448 1025
4099 1196
5121 72
4121 1600
5125 98
4146 0
4128 4
4120 231
5928 144
4241 6
4672 14
4115 1280
5008 3
4624 205
4114 864
4122 1569
4420 168
4288 769
4352 1216
4496 1036
4773 1282
4160 1060
4226 548
4227 88
4096 851
5649 328
4480 528
4163 176
4096 590
4264 337
4098 1441
5128 33
4132 394
5804 50
5344 24
4136 133
5152 840
4197 256
5122 37
5152 901
4113 1090
4240 1643
4756 321
4164 41
5506 77
5784 32
4689 1157
4096 1786
4354 41
4106 1797
5664 142
4817 258
4504 1665
4820 1097
5144 3
4644 320
4101 706
5121 90
4360 97
4632 133
4129 986
4274 64
4127 384
5136 106
4110 705
4225 776
4618 193
4608 1089
4256 1818
5640 48
4641 1228
4172 3
6080 51
4177 290
4368 160
4452 256
4296 1061
4096 60
4129 1664
4124 256
4176 672
4630 1288
4397 1616
4975 1152
4954 129
4109 976
4419 1032
4677 1561
4369 1632
4123 772
4101 882
4832 17
4632 260
4120 449
4116 1122
4994 1040
5390 512
5638 129
4983 136
4376 674
5692 2
4339 584
5321 512
4106 1601
4432 1188
4098 592
4181 32
4316 258
4288 1542
5409 130
5506 529
4480 96
5632 72
4480 34
4704 1028
5248 95
4632 1094
5017 1074
4561 1546
4741 1330
4100 1176
4609 434
5189 552
4392 1681
5504 14
4628 322
4298 1796
4098 136
4152 836
5122 37
4273 1344
4563 44
5908 10
5124 258
4096 288
4497 1578
4145 384
4621 208
4497 0
4865 72
4755 1128
5128 835
4256 1099
4622 656
4101 1201
4608 22
4226 872
4180 512
4498 576
5121 44
4165 1562
5249 300
4112 199
4482 1048
5344 13
4108 592
5124 393
4743 96
4096 1849
5138 932
5161 132
4194 268
4240 12
5204 271
4720 0
4096 1154
4113 258
4618 389
4096 72
4397 1024
5448 544
4117 10
4359 1769
5448 401
5928 195
4776 1024
5152 904
5124 790
4608 152
4352 1643
5394 548
4829 98
4633 290
5256 848
5728 1153
5124 154
4677 272
5296 68
4704 344
4288 537
4096 192
5830 40
4103 1154
4160 1029
4366 1025
4336 12
4213 128
4388 1746
4128 910
4673 152
4096 72
4516 1667
5136 335
4368 516
5774 80
4142 1680
4417 656
5168 654
5409 710
5668 72
5265 106
4416 1560
4161 1408
4098 768
4106 1457
4376 1092
4645 1096
4784 12
5284 835
4132 264
4224 1543
4097 1378
4371 4
5142 8
4609 52
4632 1028
5974 128
4864 1032
4326 1296
4532 129
5394 73
5385 176
4100 10
4144 1090
4164 162
5760 98
4997 35
4520 65
5212 512
4352 91
5128 592
4098 404
4212 1030
5005 32
4824 257
4677 1080
4738 16
5256 850
4490 580
5125 930
5504 17
4280 582
5664 276
5185 810
4608 64
4103 288
4224 32
4676 1056
5956 10
4103 80
4144 69
5204 779
4224 825
5137 12
4115 1312
4168 912
4736 8
4130 1217
4096 916
4416 145
4137 644
5142 769
4098 545
4248 1315
4620 2
4132 128
5504 67
4114 608
5264 872
4513 68
4132 80
5125 962
4116 1824
4231 376
5216 520
4128 451
4489 1536
5410 645
4096 801
5122 41
5786 256
5121 686
4883 100
4352 1039
5710 384
4224 59
4273 268
4608 139
4277 64
5124 17
5826 280
6000 0
4258 773
4257 770
5666 1
4129 772
4227 1
4866 1116
4624 1285
4616 134
5130 548
4362 1120
4356 1216
5126 793
4164 1056
4768 348
4116 137
5504 8
4612 1338
4769 1792
4178 928
4167 1672
4515 592
5316 538
4662 137
4636 288
4834 288
4164 43
5128 128
4101 480
4098 548
4904 5
4612 915
4359 152
4097 1296
5160 148
4241 194
5888 129
4240 234
4114 672
5256 2
4099 400
4800 260
4192 0
4697 1316
5017 32
4240 840
4132 1282
4648 80
4352 168
5012 104
4257 1308
4272 774
5670 320
4224 1800
4448 1089
4394 144
4546 32
4352 1184
4116 523
4244 33
4162 32
5511 32
4160 384
4992 5
4128 1176
5126 64
5405 32
4576 25
4772 273
5044 1024
4172 1027
4394 1024
4114 673
5159 128
5256 374
4864 1672
5192 165
4203 0
4152 1600
4145 196
4256 268
5132 513
4390 1536
5120 880
4997 1090
5320 800
4120 1159
4211 132
5378 73
4794 6
4618 309
4354 1044
4096 37
4102 945
4370 736
5536 4
5733 134
5192 291
4487 88
5808 322
5120 120
4174 260
4132 689
4385 0
4598 1
4173 0
4196 129
4273 1100
5152 770
5852 32
5193 272
5154 648
5256 263
5672 145
4676 1410
5329 288
4224 547
4545 1576
4872 192
4388 40
4393 82
4096 661
4134 1664
4224 518
4144 1027
5592 4
4146 905
4868 274
4480 88
4864 1043
6017 2
5452 129
5893 80
4293 264
4657 64
4673 768
5633 812
4149 10
4700 1408
4208 1192
5305 70
4361 646
5130 288
4178 1285
4640 129
5504 32
4113 584
5168 198
4392 516
4753 32
4097 1346
5786 0
4272 1035
5150 320
4235 548
4096 37
5418 1025
4120 640
5169 522
4208 1153
5248 113
4298 4
4680 304
5249 20
5401 194
4866 1152
4372 131
5315 32
4360 1184
4112 1546
5505 592
4608 340
4611 1076
5268 832
4353 1120
4448 1544
4432 132
4608 256
4148 1
5120 12
4865 20
4614 201
5122 289
4272 2
4672 273
5156 712
4099 1640
4360 1025
5959 8
5952 140
5204 425
5024 3
4242 1028
4240 256
4656 396
5144 292
5123 80
4162 1045
5153 212
4484 1536
4866 744
4224 16
4995 1136
4256 1562
5154 408
5120 668
4185 932
4352 1045
4393 1586
5321 512
4229 1128
4246 1281
4529 1100
4113 1420
5396 65
5136 512
4620 832
5128 610
5356 514
4677 282
4258 20
5673 132
4128 1344
4193 134
4225 256
4385 206
5656 320
4160 1070
4173 1152
4640 1116
4132 595
5088 7
5894 80
4164 1
4162 1280
5152 80
4177 1546
4437 642
4993 64
5120 330
5000 1092
4160 1044
5205 546
5646 32
4614 224
5434 192
4872 310
4100 274
4188 1026
5208 128
5763 1056
4384 584
5192 514
4311 0
5000 16
4296 306
4608 256
4390 1025
4929 1188
4096 1472
5152 256
4356 58
4520 16
4209 1416
4564 1027
5704 17
4481 1038
4170 1024
4242 9
4228 8
4353 1256
4177 1322
4224 263
5200 10
4682 1031
4897 0
4160 772
4124 523
5896 240
4772 1088
4612 3
5732 8
4704 1283
4102 797
4290 169
4168 1282
6016 34
4121 72
4228 1104
5126 529
5313 2
4128 1734
4173 514
4361 2
4368 98
5168 900
4362 48
4097 1334
4099 810
4130 536
4499 1092
4392 1221
4486 520
4289 554
4801 1072
4488 54
5440 1571
4137 258
4157 514
4357 0
5385 80
5162 273
4098 408
5168 259
4531 0
4292 882
4353 96
5452 513
4364 64
4096 1048
4098 292
4232 16
4096 961
4156 577
4096 781
4392 1090
4380 1248
4096 1794
4135 16
4504 34
4608 116
5632 279
5249 260
4293 272
4253 289
5148 451
5696 424
4644 1051
4380 162
5826 57
4129 1092
4110 1073
4808 1286
4240 0
4234 269
4241 1124
5635 512
4258 848
4304 278
4416 528
4576 1033
5012 1064
4161 1798
5442 4
4709 1024
5273 1028
4246 1088
4736 104
5028 1088
4097 846
4642 13
4104 416
5088 1050
4384 1224
4096 12
4115 580
4552 1046
4704 130
5648 288
5920 0
4456 6
4257 22
5066 1028
4352 713
4545 1076
5024 1040
4609 52
4618 192
4236 1952
5185 312
4180 1160
4101 1472
5128 324
4193 154
5122 461
5121 44
4737 96
4680 1319
4288 1032
4546 36
4816 269
5696 409
5642 449
4437 1192
4163 1052
5654 0
5678 17
4168 387
4495 113
4104 548
5446 529
4155 516
4192 1308
5448 4
5682 265
5153 4
5059 1080
5140 192
5130 48
4482 1117
4132 147
4352 1544
5536 40
4743 1376
4352 1
5376 660
4210 777
4200 643
5376 128
4104 1072
4768 1298
4865 16
5846 113
4616 214
4245 1066
4624 194
5154 837
4936 33
4160 148
4301 32
4644 144
4164 1792
4232 353
4868 41
4168 256
4493 1538
5680 136
4992 64
5184 1298
4161 1574
4288 264
4176 392
5568 560
4448 1690
4632 193
4096 618
4112 1960
4392 1664
4240 1063
5184 35
4706 280
5184 519
4384 1160
4354 1160
4288 1554
4194 1665
4643 128
5524 8
5649 14
4148 1857
5145 866
4099 1168
4713 20
4163 392
5137 38
4490 1601
4098 768
4643 12
4864 1041
4737 280
4312 1057
4193 1554
4624 1026
4608 1361
4096 781
4304 1
5125 192
5124 208
4835 0
5248 333
4102 1153
4185 256
4162 1320
4626 1029
4770 89
5182 964
5570 516
4696 161
5348 0
4280 532
4376 133
4792 1606
4626 421
4234 1604
4360 1079
5468 2
4200 1410
4544 1314
4224 68
4101 106
4515 132
4130 984
4264 1026
4773 0
5126 48
4111 272
4160 1547
5772 66
4610 1057
4609 1528
5633 844
4616 1090
4720 142
5826 256
4624 14
4144 1097
4228 819
4161 8
5702 153
4429 16
4160 1321
4640 58
5656 257
4096 5
4104 1697
4096 662
4896 1050
4263 1038
5194 821
5136 494
4384 1552
5200 136
4624 67
4225 16
5386 224
5477 136
4102 336
5122 783
5376 540
4171 1860
5216 8
4121 34
4800 1041
4152 1412
4417 698
5952 18
5889 18
5171 904
5009 10
4138 1092
4114 620
5912 1219
4225 328
5696 397
4620 128
4123 640
4097 116
4103 1168
4392 641
4136 128
4368 107
4119 0
4936 4
5409 202
5392 586
4427 1152
4464 136
4941 1160
4648 258
4872 1
5349 538
4616 1408
4096 1118
4128 1283
4257 1540
5121 36
5252 382
4098 1537
4228 1104
4108 176
5685 8
4100 1832
4097 110
4491 592
4237 1074
4760 1088
4544 1037
5908 128
4448 30
4141 723
4208 1037
4403 1092
4482 17
4513 8
4096 1312
4890 1
4402 4
4678 129
4096 100
4096 2000
5900 161
4435 1032
4552 1328
4164 289
5734 256
5853 288
5218 137
4833 1082
4128 84
4612 75
4163 512
4524 3
4102 548
5824 272
4608 1196
5635 176
5696 3
5384 146
4229 531
4112 1314
4114 4
4172 672
5135 104
4386 16
4480 550
5124 297
4120 1122
4488 1045
4116 1027
4878 64
5514 5
4100 800
4196 273
4108 192
4146 12
4164 272
4705 1412
4516 10
4636 193
4114 192
4133 704
4260 1041
4880 73
4234 592
4251 1024
4161 644
4266 1540
4128 131
5917 66
4236 16
4410 133
4864 192
4481 68
4616 2
5123 48
4160 1412
4106 260
4104 304
4132 1043
5465 36
4418 48
5120 34
4164 2
4353 128
4745 290
4612 1186
5320 263
4165 1184
4776 1040
4102 16
4200 256
4131 144
5967 0
4356 594
4178 1031
4096 1462
4098 1136
4169 294
5248 20
4611 1412
5408 65
4288 32
5267 552
4120 832
4161 290
6037 10
4098 699
4612 1234
4097 1208
5132 192
4164 1712
5124 41
4719 386
4256 1094
4138 660
4170 773
4128 961
4632 6
4209 130
4304 1581
4750 48
4170 0
4608 1317
4104 1041
4354 608
4544 1553
4102 48
5962 60
5217 132
5314 1813
4105 528
4245 10
4513 64
5891 132
5152 19
4252 359
4368 546
4673 1410
4176 1538
5665 590
5892 146
4620 128
4688 1316
5088 17
5121 258
4152 1411
5002 21
4097 1122
5184 518
5382 681
4736 1026
5186 785
4169 816
4324 272
5430 1225
4528 5
4130 321
5732 400
4256 850
4615 288
5512 68
4108 1921
4614 0
5248 845
4625 38
4131 144
4168 130
4305 46
4354 164
5303 456
5249 32
5508 616
4200 132
4192 132
5034 132
5648 419
4132 18
4105 1120
4226 1636
4098 5
4520 0
5328 294
4701 1152
4097 576
5120 296
4164 1061
5154 140
4774 0
5221 10
4768 258
4368 551
4136 1604
4110 256
5656 96
4356 64
5955 160
4323 520
4377 1574
4768 1106
5184 160
5704 274
5645 448
4102 305
4544 512
5380 644
4608 1028
4940 1040
5928 0
5665 128
5122 32
4372 96
4098 300
5140 896
4256 7
4673 1184
5761 256
5910 128
4098 964
4326 1803
4160 550
4226 1176
4098 152
4321 1030
4128 1363
5793 68
4096 1801
4790 1
4295 648
4865 628
4096 1065
5121 114
4329 6
4503 104
4290 1544
4659 0
5232 8
5312 10
4241 44
5268 64
4327 520
4440 1026
5648 397
4163 1460
4867 32
4424 33
4148 384
4634 1221
4176 1281
6024 17
5520 7
4145 0
4225 326
5200 9
4113 200
4563 1544
5930 20
4150 128
5252 344
4324 1546
4354 572
4100 651
5124 772
4738 25
4682 289
4377 64
4616 437
4616 417
4429 514
4612 401
4192 12
4120 1089
4244 289
5122 1379
4819 256
4104 1652
4320 773
5344 20
5406 673
5696 677
4114 1961
4196 1026
4417 1032
5057 1064
5129 274
4880 38
4096 543
4272 780
4993 78
4380 1666
4172 34
4244 99
4097 586
4688 35
4625 356
4128 1536
4611 428
4173 0
5536 514
5121 1564
4228 1538
4614 1624
4224 516
4672 386
5696 406
5185 60
4930 40
4644 144
4096 370
4116 744
4524 1536
4104 181
4256 7
4400 581
4100 475
4613 32
4363 518
4577 1040
4097 4
5328 263
4128 458
4144 836
5124 258
4760 161
5959 0
5764 67
4173 416
4832 268
4418 16
5635 80
5804 81
4246 512
4737 76
4608 259
4365 624
5319 768
4114 173
5632 6
5122 560
4814 256
5470 672
4422 8
4384 16
4324 1566
4112 1322
4676 1042
4192 1422
4632 4
4528 1544
4102 864
5157 192
4616 1296
4102 705
4100 1192
4232 564
4931 524
5402 4
4625 1120
4112 4
4352 722
4966 1177
4774 1280
4353 1574
4115 224
5776 260
5248 40
4160 656
5480 131
5683 12
4680 1376
4869 24
4172 16
4488 1076
4748 1064
4136 1409
4355 1058
5152 1668
4320 1792
4192 9
4738 13
4994 160
4450 1940
4136 1748
4272 1602
5345 1280
5186 912
5016 4
4802 20
5184 0
4224 1584
4098 49
4096 1044
4241 322
5120 613
4627 1312
4611 374
4618 33
4370 100
4547 1536
4105 1490
4496 1025
4946 136
4650 1089
4176 258
4096 176
4328 276
4160 909
4866 168
5835 21
4106 1108
4657 386
5340 288
4595 6
4424 1537
5203 136
4610 24
4352 1088
4130 256
4096 1284
4817 0
4699 256
5637 89
4608 1208
5026 1043
4621 0
4182 1185
5376 539
4129 4
4712 436
5270 513
4240 33
4160 562
4098 1025
5256 33
5145 902
4616 1221
5129 400
4353 1610
4117 1320
4612 1456
4289 1560
4137 258
5281 86
4164 1178
4136 594
4171 1670
4144 64
4096 1040
5453 646
5548 576
5384 583
4869 202
4880 73
4465 1038
4480 1
4416 35
5276 611
5185 660
4288 2
4654 1232
4105 432
5066 16
4097 888
4384 519
5168 200
4096 910
4698 1188
4099 280
5168 324
4224 1032
5088 1
4205 1538
4171 172
4810 32
4372 515
4113 1728
5193 514
4659 192
4630 1281
4640 207
5376 1120
4698 1024
4800 1040
5379 56
4736 1035
5120 537
4353 98
5188 528
5027 0
4366 64
4323 1540
5288 258
4354 544
4865 1056
4128 857
5656 321
4741 1362
4592 16
5187 40
5136 143
4166 1297
4102 80
4177 12
5364 10
4608 1148
4832 8
4648 1347
4465 4
5166 513
4384 129
4164 688
4886 64
4368 1537
5292 67
4097 800
4638 1089
4452 17
4372 1608
4288 780
4930 1672
4130 1540
4120 1988
4164 56
4513 1152
4872 120
4245 1584
4130 1413
4146 128
4924 208
4104 1444
4869 144
5456 44
5120 544
4260 1
4880 135
4608 1336
5211 512
4514 1025
5248 597
5251 8
5414 9
4340 522
4624 65
4240 837
4240 598
4098 72
4920 1089
4608 1239
4120 1253
4164 722
4099 852
5285 776
4514 1048
4166 1408
4562 8
5121 320
4294 560
4290 1413
4128 1608
4384 525
4440 41
4138 1617
4356 1234
4370 705
4492 1282
4274 0
4229 16
5640 176
4993 82
4272 1037
5647 256
4152 256
5128 273
4491 1024
4113 104
5096 18
4644 91
4776 20
5250 309
4099 576
4105 962
4099 104
4289 298
5905 170
4516 10
5147 132
4362 176
4128 1226
4162 1157
4265 6
4624 1321
4224 260
5194 289
5169 68
4112 1954
4096 1090
4802 281
5008 1098
4326 785
4544 34
4611 1065
4242 257
4490 513
5936 3
5136 78
5122 844
4105 1482
4866 66
4393 724
4293 770
4100 472
4229 48
5505 540
5120 64
4128 128
4098 1616
5824 10
4224 13
5121 128
5124 371
4097 216
4938 5
4744 20
4172 1968
4098 961
4134 1640
4807 20
5184 536
4356 144
5708 144
5636 203
5384 36
5185 432
4483 25
5130 5
6026 117
5122 192
5130 368
4682 801
4148 1
4657 388
5277 291
4160 1299
4524 19
5568 5
4113 360
4144 1794
5416 3
5252 578
5640 1027
4228 3
4120 103
4356 1152
4161 514
5519 512
4104 1088
4168 1921
5186 769
4240 1569
5136 256
4305 1282
4484 1560
4112 8
4624 384
4224 541
4900 81
4218 259
4242 1384
5312 1311
5908 12
4868 2
5538 85
4460 1027
4502 9
5232 524
4097 1096
5384 194
4114 526
4320 25
4226 1808
4112 578
5825 16
5250 304
4244 1028
4161 266
4096 724
5696 9
4113 1954
4420 544
5888 138
5156 323
4608 1281
5152 138
5142 40
4129 908
4357 1028
5387 64
4748 256
4132 154
4804 274
4256 1298
4096 456
5312 17
4634 1057
4833 13
4096 1182
4628 321
4154 1412
5263 0
4129 1088
5792 518
4360 1329
4676 280
4230 1096
4180 264
5429 66
5184 3
5440 517
4268 2
4257 76
4176 259
4106 1360
4160 774
4384 158
4153 512
4612 1315
5380 32
4104 194
4161 162
5664 129
5120 1802
5938 196
4128 1353
4116 96
5315 16
4874 1152
4260 516
4232 1909
4874 70
5124 330
4634 1381
5169 78
5427 128
4352 1186
5674 1408
4097 1032
4192 772
4224 1562
4096 544
5120 612
4096 326
4672 1690
6026 1
4615 1304
5142 324
4175 432
5240 768
5194 160
4184 513
4096 34
4098 896
5248 102
4840 1029
4197 128
5888 0
4488 562
5122 144
4122 544
4104 66
4274 260
4354 1252
4116 1602
4509 1058
4546 532
4893 192
4738 1329
4870 112
5186 825
5136 74
4720 264
5698 308
4164 1555
4729 386
4136 322
4112 1482
5400 577
5419 16
4144 590
4097 338
5458 556
4096 579
4882 288
4140 80
5130 516
4193 2
4608 92
5248 325
5506 73
5257 628
4160 782
4168 128
4244 1833
5188 51
4628 1121
4105 1668
4622 1041
5682 448
4144 808
5134 65
4259 24
5184 552
4744 256
5348 264
4176 648
4702 161
4712 1284
4129 576
4157 1152
4888 198
5202 548
4196 136
5319 1080
4361 518
4096 221
4147 516
5636 353
5634 116
4354 1641
5200 640
5339 4
5696 405
4256 1296
4232 96
5704 22
4353 81
4178 769
4352 196
5196 386
4608 178
5514 1
4098 4448
5161 4406
4864 5136
4198 5144
4097 4906
5180 4625
5915 4232
5154 5005
5720 4742
4161 5104
4096 4381
4196 4226
5640 4549
5505 5136
5377 4250
4544 5681
5893 4266
5763 4136
5120 4128
4760 4193
5312 4609
5506 4656
4140 4992
5122 4568
5121 4816
5142 4769
5089 4123
4400 5184
4672 5131
5376 4226
5169 4610
4620 4515
4169 5458
4244 5184
5185 4224
4916 4168
5165 4372
4336 5701
4097 6038
4354 5160
4097 4168
4288 4102
4993 5164
4372 4258
4649 4102
4097 4804
4160 4230
4640 4480
5570 4637
4837 5122
5728 4504
4228 4097
4641 5126
4161 4872
4678 4112
4632 4453
4106 4436
4370 4100
4226 5365
4738 5193
4906 4180
5532 4673
4224 5922
4712 4481
4480 5716
4117 5312
4096 4257
4104 4628
5250 4209
4753 5418
5120 4244
4288 5427
5536 4638
5920 4161
5632 4124
4630 4137
4144 4610
4480 4660
4120 5440
4393 4242
5124 4872
4154 5249
4481 4112
4251 5124
4196 5378
4160 5248
6272 7688
1030 4416
2 4356
610 5144
129 4648
712 5136
336 4613
1153 4322
49 4930
1287 4616
276 4232
1152 4462
580 4128
1092 4112
1347 4748
2 4620
272 4096
1296 4198
525 5328
1920 4153
8 4608
16 4291
16 4644
1048 4102
361 5776
1026 5420
577 4368
118 5505
644 4136
258 4276
91 5760
181 4874
44 4305
8 5378
1160 4145
0 5330
28 4736
20 4680
2 5937
64 4737
29 5344
1444 4112
1344 4132
1721 4162
144 4371
215 4608
1576 4114
517 4170
544 4174
1285 4160
137 4932
3 5392
236 4352
32 5905
42 6029
1453 4112
904 4183
325 4098
1040 4197
276 5259
257 5822
1033 4224
131 5389
1120 4106
1066 4097
132 5427
1025 4674
516 5121
2 4717
1312 4116
4 5786
391 4096
2 4209
784 5158
118 4608
609 4484
2 4976
0 4611
151 4648
12 4912
196 4616
0 5270
1031 4136
1541 4480
1042 4305
128 5216
34 4764
794 4128
64 4930
21 4610
2 5573
84 4145
1562 4133
344 4609
8 4226
37 5146
54 5376
976 5128
162 4104
318 4096
1030 4392
512 4372
128 4168
520 4421
931 4104
40 4176
80 5002
981 4098
6 5157
263 5232
432 4096
7 4274
816 4097
1153 4650
2 5173
1088 4740
528 4296
1024 4362
3 4496
655 4468
1044 4705
73 5122
6 4673
1200 4110
1704 4164
1153 4752
1528 4608
385 4136
1301 4170
1473 4736
1792 4133
576 4230
781 4226
264 5187
1183 4720
153 5158
680 5142
130 4360
20 4130
56 5378
2 5009
216 4640
64 4379
228 4107
160 4162
1512 4112
36 4441
769 4112
1113 4746
1380 4104
514 4452
1545 4114
1412 4633
179 4356
1024 5533
237 4624
8 4660
138 4417
0 4106
162 5396
992 4097
136 5187
193 5128
642 5137
9 4528
151 5128
752 4097
1209 4352
40 4114
713 4112
52 5505
178 5953
36 5393
577 5128
276 5851
88 4132
2 5104
334 4752
1024 4104
74 4109
1604 4281
13 5282
522 5173
1242 5029
112 4357
293 5696
584 4128
128 4112
1088 4134
128 5932
165 5136
72 5140
1632 4100
322 5140
1200 4866
280 4129
64 5894
1539 4144
1600 4384
1152 4100
899 4112
528 4484
1025 4640
67 4260
1029 4690
83 4608
4 6090
162 5388
36 5890
610 4117
1377 4764
1034 4738
64 4402
489 4177
770 4132
528 5257
128 4202
1388 5250
139 5141
197 5176
1112 4130
1824 4224
421 4146
1049 4132
32 4672
45 5760
792 4258
206 4657
1426 4105
669 5120
272 4224
8 4288
513 4508
116 4993
1296 4610
2 4764
26 4260
517 5138
1184 4614
4 5249
547 5120
1348 4641
0 4962
49 4424
528 5286
452 4105
6 4128
178 4356
928 5125
578 4112
80 5248
548 4304
128 4461
5 4984
708 4169
33 5120
1152 4704
96 4102
1072 4352
161 4686
1056 4417
1220 4378
534 5185
660 4129
328 5126
520 4448
1026 4242
1291 4772
10 4737
128 5674
328 4613
1550 4433
128 4895
642 5121
1736 4099
1560 4548
189 4096
386 4160
146 4621
292 4113
1089 4640
774 4241
1036 4224
820 5250
322 4096
512 4127
600 4131
135 5888
462 5136
0 4744
1106 4105
276 4161
521 5558
1422 4129
492 4609
384 5642
5 4994
522 4448
1036 4368
514 4248
649 5152
265 4662
260 4826
19 4128
1048 4452
1302 4704
0 4576
521 4518
1056 4804
1458 4161
271 5680
648 4368
386 4160
325 4148
1160 4150
265 5280
104 4880
1122 4352
6 5192
254 4097
263 5152
496 4101
768 5252
0 4266
1033 4336
552 4497
23 5824
1412 4224
1090 4780
1032 4164
626 4365
1058 4561
121 5120
838 4101
42 6017
272 4234
1621 4354
174 4176
520 4131
46 5185
404 5635
416 5188
321 4156
1048 4390
295 4760
825 4160
1056 4803
522 4101
1024 4649
128 4636
41 4370
32 4759
134 4656
16 4226
388 4098
835 5132
544 4308
1500 4642
676 4120
560 4546
34 4693
1032 4098
353 4110
428 5652
522 4484
1541 4522
42 5572
105 5254
1028 4426
553 4480
1154 4197
576 4278
1321 4100
624 4487
108 4224
35 4352
552 5328
178 5129
64 5146
1634 4104
1024 4388
799 4196
97 4864
1 5268
11 5504
35 5640
76 5408
1112 4355
588 4354
776 4230
832 5131
2 4169
1 4615
672 5392
210 4645
386 5189
810 4101
1 5088
1576 4230
128 5680
168 4180
64 4740
1097 5152
1358 4641
32 4622
203 4252
269 4864
18 5512
773 4216
242 4105
329 4736
257 4096
129 5226
387 5756
19 4588
1515 4608
256 4116
12 5152
40 4871
0 5180
464 4108
1312 4098
226 5397
32 4224
660 5409
1152 4919
385 4108
1024 4888
678 5120
1674 4384
512 4381
98 4353
528 4357
0 5473
1288 4098
290 4097
482 5636
832 4263
258 5360
389 5648
1162 4176
64 5139
642 4441
161 4676
789 5120
1299 4296
550 5440
674 4184
706 4117
520 5892
1 5348
72 4256
800 4100
387 4200
1160 4982
1867 4112
1720 4357
1872 4234
160 5713
6 4160
162 4892
244 4360
104 4367
336 4259
1108 4352
0 5213
737 5382
84 4456
175 5888
1304 4291
1600 4376
609 4244
264 5221
324 4640
1152 4156
136 4192
2 5576
408 5184
8 5381
272 4324
640 4657
8 5120
1670 4456
527 5248
1176 4898
64 6025
6 5632
272 5770
1996 4096
640 4264
776 4308
774 5296
1092 4235
1154 4192
260 4344
522 5392
261 5634
1409 4116
736 4096
132 5128
1045 4964
289 4676
770 5120
328 4112
1 4098
35 5000
904 5696
1768 4097
296 5132
1201 4677
608 4498
520 5409
257 4230
417 5646
1536 4519
832 4105
98 5273
524 5536
320 4614
16 5484
131 5292
280 5216
1536 4421
1082 4228
385 4136
174 4113
585 5122
1 4630
296 4624
1346 4773
785 5128
8 4272
1078 4616
644 4107
1097 5286
114 5377
2 4416
160 4376
291 4292
7 5232
72 4148
361 4630
1036 4112
205 4096
0 4253
645 4152
0 4933
256 4190
1217 4120
16 5632
1280 4757
15 5636
194 4096
513 5322
512 5409
1816 4164
113 4098
277 4138
1281 4832
520 4369
499 5644
2 4688
112 4234
1536 5204
848 5131
1024 4416
264 4129
529 5186
11 4388
1160 4163
19 5640
800 4118
292 4240
1640 4497
2 5409
640 4200
64 4362
1065 4112
57 4868
584 5522
1026 4849
1536 4136
640 4417
6 5508
417 5696
1301 4704
132 4665
307 4673
1040 4233
1792 4098
32 4619
1345 4150
628 4544
1382 4744
84 4899
128 5172
1056 4184
208 4614
4 5027
322 5640
262 5249
1120 4105
1202 4613
437 5634
9 4226
1208 4865
1676 4160
1095 4872
848 4128
768 5324
1664 4111
636 5600
270 4097
64 5120
276 4106
512 4367
320 4098
842 5153
1056 4288
258 5632
1068 4161
96 5262
928 4244
320 4116
144 5453
192 5174
0 5657
1186 5905
1282 4289
1128 4102
264 5632
1201 4360
549 4096
788 4104
1200 4608
1104 4866
2 4309
1541 4161
289 4304
546 4352
96 4097
74 5680
424 5125
146 4097
301 4162
28 4610
1156 4368
1688 4132
146 4612
517 5122
552 4305
1559 4352
64 4103
98 5172
41 5504
769 4114
512 5611
24 4162
82 5153
38 4377
14 5648
290 4252
128 5723
1577 4438
1586 4161
451 4652
1153 4720
1282 4132
1540 4224
1217 4372
1041 4320
425 5142
1284 4650
1381 4626
1075 4868
1056 4108
128 4162
13 5153
256 4107
352 5270
602 5120
240 4362
0 5504
264 5152
384 5648
1824 4179
1 5126
17 4098
640 5162
32 4418
361 5200
92 5664
1667 4356
1282 4128
1104 5889
58 4160
571 4102
896 4225
49 5132
808 4100
0 4545
1420 4208
1442 4720
384 4620
1153 4950
281 5639
785 4130
131 5236
322 5668
580 5280
320 5270
1 5446
257 5256
64 5681
32 5185
516 4538
265 5778
450 4105
1100 5010
97 4372
533 4296
84 5130
216 4130
305 5634
200 5909
544 4174
1024 4876
1557 4744
1035 4180
33 5968
32 5406
64 5270
1112 4898
256 4167
1163 4932
52 4485
8 5459
37 5252
344 5633
652 5410
32 5762
1480 4146
1540 4243
258 5653
1893 4104
835 4128
256 4258
1370 4097
59 5760
1415 4161
10 4144
132 5387
424 5650
69 5392
13 4704
161 5376
132 4114
773 5298
712 5412
5 4714
1664 4161
35 5396
404 4610
713 4384
1537 4434
548 4101
336 5792
512 5122
832 4107
13 5314
1025 4552
16 4233
1641 4228
160 5123
774 5153
592 5165
647 4416
1029 4360
1040 4548
1890 4364
385 5222
1036 4257
512 4168
128 5493
132 4960
156 5891
144 5121
128 5136
40 4946
1044 4640
720 4102
1280 4106
179 4360
545 4096
689 4172
772 4346
128 4904
80 4105
1408 4152
1336 4291
8 4672
674 5444
264 5248
130 4644
545 5330
30 4449
1316 5314
268 4177
100 4113
1797 4290
100 5787
524 4402
517 5232
90 5889
1316 4227
1859 4236
32 5833
916 4096
68 5689
521 4388
201 5636
200 4369
386 5712
1948 4210
0 5289
2 4352
1568 4240
1120 4366
162 5952
1557 5282
1414 4256
1568 4164
581 4096
30 4128
64 4132
38 4481
1076 4296
138 4176
658 5185
1438 4800
2 4360
802 4224
1264 4105
0 4743
402 4640
9 4388
16 5058
850 5129
38 5137
1544 4225
790 4320
51 4544
0 5176
512 4596
1608 4230
512 4133
176 4099
128 4170
1064 4097
550 4168
260 4129
5 5136
49 4740
326 5769
329 4241
588 4113
594 4385
32 5508
1029 4312
1032 4294
769 5298
338 4105
1034 5024
1041 4100
514 6122
392 5266
145 5384
324 5272
18 5185
80 4392
904 4119
1 5860
1164 4896
1542 4359
541 4226
1283 4168
340 4235
256 4757
201 4614
257 5136
68 4129
656 5128
102 5144
274 4804
753 4106
1938 4105
108 5537
960 5136
139 4128
532 5155
1152 4430
2 4160
1144 4098
801 5274
1033 4354
256 5336
256 4295
23 4184
100 4626
171 5696
521 4272
729 5154
977 4102
265 4116
152 5441
580 4120
193 4888
1026 4764
0 5498
256 4288
787 5192
429 5120
134 4105
146 5376
162 5968
64 4501
1024 4248
1319 4624
392 4636
1065 4502
322 5156
37 4376
814 5120
681 4160
2 4268
1284 4187
1032 4262
962 5173
136 4417
1708 4368
1024 4241
320 4754
1844 5313
1056 4947
274 4160
66 4736
1 5396
16 4812
258 5169
257 4336
256 5123
10 5208
270 4640
1732 4121
1248 4356
1170 4132
1581 4178
17 4740
584 4481
516 4384
1632 4100
608 4484
546 4432
1192 4867
8 4784
629 5130
111 4114
65 4768
930 4112
755 4100
892 5121
1540 4520
516 5480
128 5129
513 4354
1 4098
612 4360
640 4097
577 5416
420 5123
345 4100
1024 4361
512 4346
659 4104
472 4100
595 4642
604 5507
566 5444
1169 4878
529 4226
114 4096
18 5513
12 4672
979 5160
520 4320
144 5731
579 4516
529 4128
1024 4580
3 4276
1563 4292
200 5921
1185 4112
513 4478
771 5168
113 5634
80 6019
262 4304
1 5128
1762 4096
1042 4520
717 5432
142 5169
128 5415
257 4148
528 5198
1166 4096
450 4608
524 5568
332 4739
302 5121
577 4500
1029 4378
781 4128
1 4302
263 5088
256 4741
546 5120
96 5916
34 4620
193 5668
1121 4232
1172 4163
256 5313
1284 4272
128 4354
0 4288
1056 4168
262 5744
1208 4352
48 4106
24 5152
1030 4289
1281 4680
84 5898
1088 4138
576 5156
66 4372
969 5286
1300 4104
304 5894
1264 4100
2 5957
907 5120
1540 4105
316 5635
45 5010
129 4112
329 5120
21 4328
1889 4234
1 4630
886 5120
1360 4614
96 4096
137 4112
674 5128
1694 4098
322 4741
273 4096
0 4928
1028 4609
71 5152
0 4389
131 4100
448 4632
1124 5017
1637 4432
1184 4108
293 5698
313 4118
288 4638
1152 4121
1029 4449
1073 4360
1728 4096
57 4416
546 4880
1536 4224
1282 5225
1219 4872
32 5900
1348 4146
0 4618
392 5185
136 4965
128 4513
144 5474
120 5123
1348 4114
407 5632
1796 4161
1320 4673
108 5251
1048 4418
1059 4744
780 4320
73 4864
1030 4224
34 5200
130 4660
128 5138
1824 4162
672 4177
525 5186
32 4613
1106 4097
184 5901
192 4617
1314 4312
195 4644
1040 4142
1428 4163
1312 4165
132 4641
89 5124
326 4641
1056 5015
772 5170
425 4100
512 5555
1024 5567
1616 4585
1040 4397
25 5280
708 4361
4 4096
832 5250
513 5238
11 5892
1165 4096
525 4363
50 4100
322 4784
778 4244
8 4160
37 4242
1091 4108
1569 4480
640 4208
674 4097
1216 4358
1316 4689
1044 4202
1184 4161
384 4167
930 5128
129 4148
76 4769
40 4500
194 5144
1729 4112
666 4133
674 4182
12 4688
260 4626
7 5120
928 4160
1040 4096
537 4234
778 4240
11 6080
20 5318
148 5184
4 4141
336 4241
579 4236
1568 4354
1534 4608
401 4616
184 4102
1125 4608
525 5378
514 5653
279 4704
1537 4114
144 5216
907 4096
834 5136
611 4096
780 5312
38 4680
162 5392
1268 4096
1027 4128
567 4104
64 4652
1160 4711
1029 4096
1028 4874
1442 4125
7 4248
642 5236
555 5376
546 5120
1742 4176
425 5124
778 4160
773 5282
1152 4174
72 5286
1073 4686
1319 4992
656 5124
304 4099
35 4316
1984 4138
459 5120
1536 4236
656 5418
706 4121
1585 4096
263 5664
18 4264
1035 4388
128 4617
1072 4298
320 5152
772 4178
256 5654
1665 4152
0 4360
1408 4673
1184 4110
1057 4504
64 5376
769 4168
592 5127
4 4107
1160 4614
648 4096
1552 4171
1410 4689
64 4528
560 4544
0 4114
1 4876
51 4160
70 4249
454 5769
1127 4376
396 4160
1888 4178
1044 4880
544 4248
36 4105
1632 4114
292 4234
1560 4192
169 4160
1160 4356
1024 4813
262 5145
129 4626
1041 4672
385 4690
1060 4105
331 4480
154 4129
1030 5688
321 5250
1090 4360
21 5540
302 5153
1042 4161
32 6021
140 4112
288 4680
1220 4633
298 4097
906 4128
544 4168
624 4357
520 4565
257 5672
264 4610
1190 4105
1168 4202
1536 4164
281 4288
144 4910
840 4098
256 5133
584 5296
272 4333
40 4995
32 4420
512 5508
132 4147
928 4100
1096 4356
19 5196
40 4352
433 4162
1088 4493
96 5270
104 5888
770 5389
484 5122
552 4177
1112 4612
132 4138
1928 4132
1282 4133
160 4418
529 5130
552 4421
10 4272
64 5642
514 5408
12 4192
420 5344
528 4352
706 4113
32 4236
72 4128
4 4186
13 4098
1080 4609
384 5161
80 4611
1792 4245
417 4620
138 4152
1051 4224
17 5508
180 4096
9 5574
4 4937
45 4674
650 4385
147 4132
40 4610
308 4232
649 5190
536 4416
324 5160
9 4406
264 4770
105 5766
19 5708
1224 4609
66 5017
176 4941
8 4401
1792 4281
600 4512
128 4646
16 4233
11 4272
512 5317
12 5921
0 5489
1420 4113
785 4162
74 4161
74 5121
488 4612
584 4100
1541 4216
65 4116
1024 4146
4 4138
266 4612
328 4754
530 4201
388 4642
1409 4096
288 4738
1024 4212
1032 4405
624 5251
931 5128
564 4099
1164 4138
17 5024
16 4385
2 4776
281 5122
1061 4616
256 5218
290 4747
1165 4418
323 4652
1154 4192
4 4161
256 4259
532 5184
1281 4224
1104 4249
1666 4180
1184 4611
64 5138
272 4800
1665 4370
552 4352
1024 4260
20 4234
258 5844
1345 4880
266 4677
598 4104
1376 4250
324 4264
416 4175
696 4103
16 4743
32 6035
1378 4612
8 5153
1280 4778
1824 4226
136 4964
1697 4178
0 4201
76 4352
9 5712
10 5664
802 5216
1576 4097
9 4450
1153 4372
387 5920
1367 4736
1154 4208
1024 4892
1444 4160
37 5784
1536 4097
268 4832
48 5190
652 4368
292 4160
1584 4236
218 5681
64 4107
4 4864
196 5633
552 4544
81 4142
515 4144
1291 4368
1339 4800
512 5577
262 4100
176 5698
577 4146
161 4106
20 4520
532 4490
32 5122
912 5122
304 4097
1034 4356
0 4130
16 4270
384 5160
98 4868
66 4224
131 4892
617 4352
1060 4434
2 4108
23 5800
1800 4096
1174 4136
17 4612
406 5192
33 4352
96 5393
1256 4690
7 4112
257 4194
145 4678
1936 4207
713 4102
641 5226
131 5904
1024 4625
304 5253
661 4352
2023 4612
73 4276
1648 4105
209 4104
512 4158
186 4354
536 4128
1057 4180
834 4225
392 4208
363 5120
552 4097
544 4167
841 4252
1025 4308
0 5538
340 4139
1104 4643
1031 4168
274 5312
916 5152
1060 4736
144 4682
319 4096
1698 4176
1308 4611
833 4156
1159 4352
1 5488
172 4146
324 4153
0 5002
642 5473
72 4481
665 4194
104 5122
512 4124
704 5379
512 4122
516 4106
80 5130
1294 4160
196 4882
577 5164
113 4864
604 4129
1314 4168
640 4153
33 5838
161 5202
561 4164
64 4616
161 5132
8 4422
1050 4097
1120 4357
10 4944
0 4647
392 4674
16 5768
152 4354
1537 4212
1136 4610
1607 5392
12 4112
363 4112
24 4229
180 4416
640 4967
192 5129
148 4395
224 4618
1026 4125
137 5696
1028 4576
128 5210
138 4613
260 5282
33 5396
768 5147
385 4102
1888 4636
2 4984
960 5140
65 4116
1024 4484
120 5120
1024 4405
592 4485
128 4645
1258 4884
16 4354
96 4757
578 4204
5 4128
465 4098
1857 4256
1090 4801
1801 4114
16 4193
0 4393
1177 4420
136 4194
620 4624
128 4176
71 4512
1288 4740
776 4176
530 4673
0 4964
516 4592
1088 4414
3 5212
1552 4144
377 4608
1025 5040
1064 4112
96 4955
1096 4913
122 4996
1060 5058
23 4344
24 4128
131 4648
77 4640
4 5881
1281 4752
1408 4170
108 5248
521 4352
270 4096
272 4102
1536 4258
192 5662
48 4256
578 5140
17 4326
0 5847
17 4096
76 4880
80 5152
66 5797
66 4376
6 5472
1058 4373
104 4100
1056 5021
9 5476
301 5824
532 5378
512 4109
20 5185
394 4112
706 4133
1056 4800
1 4636
1284 4786
1036 4560
9 5284
534 5257
160 4096
1059 4764
340 5673
681 4176
65 4096
40 4612
128 4384
1152 4115
170 4881
129 5384
513 5380
1580 4362
85 5408
164 4624
256 4155
1185 4352
328 5664
512 4304
987 4128
1044 4098
772 5152
308 4163
54 5576
1112 4384
896 4143
1029 4096
854 4513
1028 4144
624 4364
1793 4344
356 5640
194 5120
797 4096
80 4866
1796 4300
32 4113
1864 4224
1089 4772
14 4240
578 5132
1032 4307
32 4764
1560 4195
650 4112
22 5385
806 5128
263 4144
948 4160
12 4737
0 4500
96 4511
770 4116
400 5228
136 4129
769 4206
594 5284
1152 4370
1258 4628
33 6018
120 5378
136 4096
256 4848
288 5777
1323 4800
598 5280
256 5171
577 5394
20 4202
1221 4104
131 4116
130 5668
1024 5846
640 4180
588 4114
152 4674
5 4108
1536 4566
1056 4609
129 5734
1449 4624
199 4912
105 4736
448 5640
1894 4097
649 5203
202 4609
628 4098
130 4432
44 4096
1024 4628
80 4360
9 6020
35 4828
114 4357
64 4867
18 5152
544 5576
465 4132
1680 4128
28 5009
512 5430
1033 4244
370 4100
1312 4243
16 5856
579 4156
1045 4130
80 5122
21 4586
272 5120
787 5228
162 5725
64 5635
282 4228
1028 4904
1288 4243
136 4163
130 4352
64 5380
1222 4872
260 4128
148 5122
224 4360
0 6086
706 5156
580 4411
65 4098
518 5264
1858 4132
1040 4801
214 4352
656 4133
193 5640
1025 4484
1120 4376
0 5418
80 5542
9 5472
1610 4115
128 4401
128 4932
1560 4257
641 5206
73 6048
12 5121
48 4424
194 4097
80 4353
513 4130
644 4136
1828 4305
1043 4773
806 4104
1024 5088
1378 4240
290 4124
1144 4608
1192 4354
144 4420
1044 4226
1088 4618
32 5740
67 4618
48 5772
132 4730
1578 4416
528 5418
72 5650
1032 4946
1545 4276
256 5178
104 4373
129 4386
200 4402
32 5147
322 5660
1024 4676
1280 4197
1304 4704
1032 4618
1793 4136
1116 4864
626 5549
1536 4520
1186 5176
260 4264
128 4097
1536 4128
128 5149
598 4481
324 5666
1194 4609
771 4248
4 4128
561 4096
1096 4706
160 5400
1040 4935
562 5320
76 4129
64 5152
256 4652
552 4228
1035 4512
1344 4748
64 4645
1240 4096
66 4620
4 4288
2 5841
640 4097
33 4274
1 5012
772 4112
1312 4113
11 4608
1217 4148
1284 4713
227 5636
172 4368
2006 4097
896 4204
45 6048
17 5260
72 4864
1216 4641
161 5202
1024 4408
400 4100
2016 4102
193 4368
133 5720
1548 4114
856 4133
130 5637
45 4608
1089 4114
1632 4536
433 4160
1604 4097
66 4501
104 5248
292 4180
387 4632
163 5128
1540 4288
256 4615
18 5320
771 4177
37 4194
288 4106
532 4104
56 5126
51 5004
1800 4096
2 5084
104 5142
290 4624
170 5393
1618 4488
16 4544
910 5120
80 5248
143 5732
456 5126
1312 4736
530 5509
128 4452
40 5634
1104 4227
0 4755
641 5130
562 5124
25 4932
65 5154
386 4304
260 4848
100 5632
34 5385
516 4297
1153 4098
206 4640
641 5528
960 5128
19 4172
1232 4387
2 4316
1122 4620
1025 4410
69 4746
128 4200
584 5140
522 5137
49 5824
800 5204
289 4170
537 4194
1558 4264
1233 4608
66 4097
256 4164
10 5184
980 4235
16 5162
17 4686
128 4352
1064 4608
60 5442
1025 4614
1160 4711
1112 4097
903 5136
116 4489
288 5336
13 4992
164 4627
770 5152
32 4172
664 5379
128 4628
552 5333
80 4101
642 5193
72 4608
566 4168
1167 4672
1130 4612
1282 4625
4 4352
499 5132
130 4881
32 4160
608 4491
256 5841
559 4224
544 4182
576 4362
448 4615
1505 4118
1368 4736
300 5840
320 5809
1312 5191
1634 4112
1545 4130
42 5125
518 4297
272 4130
1202 4416
24 4422
22 4225
834 4116
40 5184
322 4140
232 4949
1048 4516
896 5195
216 4388
17 4128
40 5762
64 4896
288 4826
1669 4208
560 5377
513 4208
132 5146
14 4883
640 4179
1666 4177
1116 4099
8 4163
16 5195
1096 4514
532 5408
140 4209
512 5505
130 4628
1024 4896
1073 4110
1576 4368
65 4614
1 5066
260 4632
336 5124
1408 4713
1585 4164
1428 4896
964 4122
164 5977
48 4865
0 4929
1618 4353
566 4096
448 5409
1040 4904
2 4133
1108 5026
49 5256
194 5380
514 4265
872 5137
512 4218
148 5208
606 4352
1030 4344
424 4625
100 5642
448 5666
9 4352
84 5123
28 5632
17 4812
117 4290
120 4484
4 5642
646 4872
514 4460
138 4656
1569 4426
582 4240
2 4361
32 4485
1042 4421
41 4126
17 5860
324 4616
1314 4692
56 4933
152 4416
1564 4544
656 4138
20 4162
416 5126
16 4384
64 5539
12 5969
0 4682
20 5185
1996 4112
40 5466
544 4165
1027 4372
44 4226
1300 4097
1664 4897
18 4097
138 5152
548 5528
161 4880
584 4261
186 5888
4 5442
261 5130
25 4134
686 5441
1089 4486
98 5004
1536 4129
1024 5667
4 4882
323 4608
676 4610
520 4152
225 5140
276 4680
2 4404
160 4127
256 4829
663 4120
86 4608
896 5208
1538 4116
165 4096
6 4129
100 6026
836 4232
192 5649
200 4101
269 4130
776 4227
40 4170
66 4136
1035 4576
784 4162
320 4116
1 4244
5 4400
33 5440
1537 4134
801 4096
1600 4288
836 4130
1058 4676
759 4160
256 4805
708 5426
81 4096
1104 5632
612 4120
520 5152
387 4104
853 5120
192 4097
1154 4172
321 4788
1360 4130
262 4616
1160 4164
1033 4384
1104 4643
202 4101
64 4393
48 5832
1322 4692
289 4620
326 4745
960 4400
783 4528
0 5893
81 4226
977 4388
685 5136
481 5640
274 4677
1096 4304
1536 4393
32 5696
1553 4110
1113 4484
1182 4385
17 4484
150 5128
44 4160
261 4184
256 5715
576 5290
261 4800
1472 4639
456 4660
1282 4644
1024 4845
560 5378
209 4610
470 4232
480 4611
288 4175
43 5190
1027 4489
69 4608
789 5346
1832 4102
300 4817
97 4496
732 4608
1826 4097
310 4809
280 4608
576 5401
280 4164
704 4098
1157 4168
128 5426
337 4608
54 4200
1552 4391
270 4288
8 4448
504 5652
1024 4865
35 4116
138 5936
296 5649
1296 4256
1836 4099
1411 4160
1432 5154
34 4185
514 5552
177 5192
1024 4121
273 5706
38 4309
24 4096
176 4102
9 4613
256 5649
1106 4096
162 5140
1730 4352
52 5632
1352 4230
1730 4893
1097 4228
8 4161
44 5379
1059 4504
1359 4768
410 4704
26 5760
338 4257
320 4252
57 4868
1025 4490
512 4362
1474 4108
649 5456
658 4352
128 4130
1025 4504
595 4225
256 5280
41 4418
528 5317
234 4359
208 4106
172 5123
296 4293
176 5387
1088 4638
564 4232
6 5409
128 5902
40 4290
1090 4236
642 4457
1172 4194
1072 4674
663 5120
272 4098
1 5408
76 4626
1060 4113
1160 4884
1796 4202
773 4232
1539 4248
487 5632
1544 4227
1075 4104
827 4164
1830 4240
325 5680
334 4641
218 5377
1234 4870
16 4643
1041 4616
1281 4204
1089 4266
418 4629
19 4324
73 4528
1840 4265
1075 5124
792 5120
1537 4192
554 5217
584 4147
530 4485
959 4160
556 4416
291 5248
40 5446
1552 4098
24 5129
609 5144
268 4193
400 5184
7 5122
1030 4216
512 4163
145 5632
322 4112
133 5128
656 5121
1236 4384
320 4101
0 5320
1111 4256
1024 4225
1122 4100
576 4124
1220 4376
1411 4096
386 4644
1860 4098
264 4258
34 5253
1032 5067
265 4128
0 4798
642 4353
1053 4128
529 5580
1539 4356
1728 4402
62 4097
326 4225
200 4868
24 4876
192 4121
1680 4098
1059 4340
141 4866
0 5315
30 4737
1092 4642
79 4352
1104 4356
1036 4512
38 4472
1029 4616
528 4488
1280 4140
1740 4354
54 4680
516 4352
1100 4865
386 5188
1153 4906
1181 4096
260 5123
9 4612
99 4248
792 5284
82 4741
128 5910
1024 4402
1152 4864
65 4488
64 4398
49 4498
576 5123
640 5384
6 4328
709 5144
144 5637
800 4099
130 4680
1298 4704
1602 4372
108 4754
68 4145
79 4736
12 4098
6 4608
337 4136
704 4102
525 5282
385 4818
1026 4501
416 4125
616 4498
1024 4736
168 4608
522 5121
1828 4226
159 4864
1552 4390
3 5136
1408 4161
32 5376
1536 4150
6 6017
104 4102
136 5414
1649 4480
212 5930
1940 4137
546 5120
140 5120
65 4352
272 4620
172 4355
76 4368
811 4224
1316 4618
49 4096
320 5633
1668 4406
1214 4416
772 5306
1072 4482
300 4290
704 4108
32 4121
835 5152
8 4103
1028 4257
1120 4892
1477 4624
1166 4465
142 4161
660 5218
9 5186
195 4892
36 4872
896 5151
1666 4116
40 5571
618 4372
736 5139
817 5126
1361 4136
1234 5632
98 5256
1090 4513
8 4148
528 4118
1408 4196
384 5173
69 5144
1932 4099
321 5120
339 5632
304 5188
0 4470
512 4516
1032 4483
832 4104
1132 4227
33 4434
273 5248
1090 4792
1712 4353
570 5760
580 5169
1056 4267
172 4609
384 4129
544 5454
1160 4961
1652 4224
1032 4151
1140 4096
1664 4352
898 4173
1666 4208
1664 4117
140 5264
1666 4121
704 4128
144 4353
518 4464
394 5189
27 4320
202 5632
608 4116
512 5441
913 5128
1088 4120
1790 4353
264 4785
144 4134
578 4352
258 4337
4 4929
1 5538
74 4224
12 4497
327 4152
361 4096
4 5530
8 5777
129 5476
775 5128
528 4136
547 5444
262 5384
137 4448
946 5121
1839 4112
214 5649
1616 4366
1541 5376
417 4096
782 5153
8 4625
776 4099
166 5120
64 4492
0 4630
3 5656
14 5328
256 4612
163 4688
516 5553
0 5964
33 4110
160 4113
140 4880
12 4209
561 4110
1632 4480
257 4618
272 5344
1552 4326
1090 4648
1600 4104
1984 4166
256 4224
259 4244
1164 4368
7 4680
64 4617
13 4098
1120 4241
394 5732
1032 4096
38 4176
320 4113
579 4352
3 4752
80 4610
116 5120
1282 4112
8 5540
1688 4416
19 4296
1537 4178
802 4120
1552 4356
1858 4096
1154 4700
1310 4192
1256 4096
58 4672
48 4992
577 4532
456 5154
614 4497
528 4330
430 5121
640 5486
1819 4132
34 4544
226 5136
464 4100
169 4370
302 5697
0 5197
0 4227
1591 4480
65 5524
1344 4647
147 5388
48 4224
104 5760
137 4416
1093 4120
277 5739
153 4672
772 4163
36 4106
566 5131
8 5410
1040 4672
210 4612
512 5217
131 4136
128 5650
268 4898
1419 5124
1281 4806
1409 4146
256 4672
1952 4161
1048 4261
1047 4744
109 4880
67 4912
1320 4241
1626 4481
235 5382
1090 4640
560 5251
289 4668
96 4611
144 5640
450 4617
326 5792
564 5376
390 4113
1096 4259
768 4104
961 4096
308 4097
1067 4164
560 4288
1631 4480
554 5253
1153 4884
17 4454
1216 4096
647 4184
1312 4308
1012 5128
132 4177
875 4240
11 4192
129 4162
524 5395
216 5888
880 5124
911 4208
41 5194
3 4424
848 5157
9 4368
418 4937
85 4138
384 4209
848 4260
608 4498
536 5419
1442 4609
98 5768
514 4164
42 5136
323 5124
0 4404
677 4104
1610 4096
1040 4674
96 4499
513 4404
1595 4228
576 4098
1312 4828
1280 4324
256 5175
32 5576
2 5338
16 5636
1105 4366
137 5152
1728 4112
1593 4304
1873 4236
66 5248
1200 4614
2 5888
1137 4100
1170 4672
1025 4304
677 5186
526 5200
592 4244
402 4161
1058 4752
6 4224
20 4265
810 4289
303 4768
1482 5152
84 4137
56 5252
360 4742
1312 4253
256 4130
1088 4656
904 4118
1282 4109
355 4608
146 4425
133 5728
715 4224
25 5510
1248 4610
4882 6401
5633 6338
4240 6212
4110 7601
4625 6528
4608 7255
4304 7694
4698 7045
4097 7686
4195 6404
4626 6372
5121 6274
4114 7080
4160 6589
4160 6155
5177 6720
4880 6306
4120 6288
4112 6275
4391 7184
4608 6320
4136 6145
4120 8036
4610 6464
4352 6313
4113 6950
4935 6280
5297 6978
4212 6528
4234 6192
5740 6275
5889 6250
4802 6477
4224 6201
4880 6184
4225 6656
5504 6147
5757 6274
4307 7464
5102 6145
4096 6547
5393 6154
4992 7191
5264 6157
4646 6145
5376 6233
4312 6944
4096 6212
4372 7232
4104 6928
5890 6172
4418 6808
4233 6432
4120 6531
1184 2076
32 3420
1 3210
64 2065
6 2080
161 3650
193 2328
1025 2946
1087 2500
1 2176
1408 2124
117 3202
545 3355
611 2052
147 2312
323 2600
1168 2560
1045 2600
770 2145
136 2065
1473 2084
1637 2312
917 2056
1304 2117
24 2080
608 2053
1171 2124
1319 2832
35 3328
576 3092
128 2066
512 2053
1096 2560
1168 2048
386 2096
256 2197
260 2049
984 2085
777 3202
1601 2082
305 3652
1098 2820
529 2472
1073 2342
1132 2837
1280 2124
56 3720
618 2304
932 3088
1232 2340
34 2816
0 3092
0 2632
1481 2608
1059 2048
1665 2072
797 2144
313 3074
1392 2048
1282 2104
1392 2176
328 2210
0 3475
287 3776
155 3616
2 3168
1200 2304
1032 2992
289 2696
81 2754
19 2240
76 3984
855 3744
772 2048
128 2884
812 2183
774 3257
1536 2307
8 2580
594 2084
256 2059
1249 2056
257 3594
4 2377
396 2096
1189 2888
402 2668
1111 2049
594 2092
384 3092
128 2905
1536 2104
259 3116
67 3840
64 3257
1285 2731
1157 2096
195 3328
9 3604
1104 2180
1032 2067
1824 2056
52 2566
201 2598
1794 2057
1324 2242
257 2054
1357 2192
1033 2436
152 2050
35 2576
1320 2688
1249 2580
1025 2252
1105 2600
1824 2073
260 2586
68 2865
728 3330
36 3072
674 3545
1216 2309
1952 2060
32 2259
1880 2049
160 2624
1089 2876
848 2087
1036 2065
512 2360
73 2196
93 2688
104 2206
522 3456
307 3288
512 2354
33 2638
186 2564
518 2192
18 2560
614 2177
586 3104
1 2630
411 3104
1292 2592
136 2049
52 2121
519 2272
693 3402
0 2825
1287 2064
1090 2049
896 3082
367 2576
1281 2112
1487 2064
1060 2578
220 2338
532 2049
5 3722
1154 2400
834 3200
0 2725
1094 2609
329 2052
656 2060
280 2293
1122 2057
537 2342
668 3169
1197 2642
424 3584
610 2440
283 3104
393 2644
1154 3904
1216 2052
516 2066
276 2760
0 3140
640 3352
10 2069
1032 2737
94 3073
72 2573
630 2432
548 2305
913 3078
512 2236
1027 2340
48 2432
1312 2569
160 3902
35 3400
642 2652
81 3328
1 2894
273 2048
612 3144
1124 2320
1097 2832
512 3336
1076 2626
10 3656
896 2078
170 2372
272 2624
1352 2049
648 3392
512 3216
403 2116
1091 2064
425 3328
788 3080
512 2348
1792 2117
529 2790
533 3212
256 2129
64 2473
388 2160
362 2564
75 3456
1056 2458
490 2069
794 3200
1048 2185
1676 2114
314 2561
16 3264
1180 2080
1032 2801
290 2705
1225 2071
809 2116
513 3094
1329 2244
154 3335
1612 2450
96 2180
1050 3072
1097 2196
590 3072
4 2939
1355 2064
180 2113
400 3173
160 3584
1158 2305
416 2140
1025 2704
896 2049
513 2146
8 3334
80 3077
448 3198
1035 2544
320 2612
432 2058
520 2513
787 2088
132 3666
272 2057
34 2057
277 3594
161 2128
1608 2354
650 2149
1976 2375
38 2945
323 2576
788 2123
544 3282
514 2192
1190 2632
657 2062
673 2382
1347 2576
6 2920
1814 2051
80 3240
565 3338
8 3490
964 2066
0 3385
18 2220
384 2624
962 3105
19 2252
1169 2050
1900 2050
20 2273
1152 2064
1024 2266
1029 2210
652 3376
468 3362
257 2072
1536 2352
1301 2600
1760 2306
1056 2435
337 3074
1360 2092
1798 2169
771 2064
538 2432
40 2357
65 2180
10 3360
1312 2048
146 3681
1056 3210
264 2289
762 3332
1168 2377
4 2104
1248 2060
1584 2242
4 3137
9 3377
517 2448
1026 2048
193 2834
384 2071
262 3793
1056 2624
139 3072
64 3968
292 2256
1136 2179
1536 2590
1541 2264
306 3148
782 2081
1 3912
1449 2816
334 3121
2 2125
2 2376
1056 2455
144 3136
130 2344
1640 2066
97 3478
517 2088
8 2592
32 2817
67 2052
64 3365
1156 2833
1538 2400
227 2320
26 2242
1136 2440
0 2730
1 3614
66 3329
132 3640
1064 2050
160 2117
1066 2625
32 2121
1550 2464
1133 2194
77 2050
1024 2276
1664 2069
261 3080
1601 2442
689 2122
400 2338
11 2304
1813 2152
792 2247
91 3200
776 2212
513 3234
896 2120
260 3140
1313 2112
128 3086
17 2888
136 3079
321 2108
528 2152
1859 2100
168 3397
576 2225
460 3635
464 2566
1569 2052
144 3337
59 3332
676 3392
8 2656
32 2182
584 2340
642 2321
21 2050
160 3912
1280 2054
273 3650
160 2068
464 2048
1280 2050
16 2604
19 2752
514 3120
578 2064
276 2049
1376 2689
1281 2188
544 3464
318 2784
57 3394
1048 2725
1298 2785
18 3205
403 2560
104 2321
276 2627
512 3380
644 3872
722 3073
1548 2083
20 2114
789 3208
100 2970
832 3096
517 2136
260 2728
184 2880
4 2626
196 3330
1060 3064
649 2128
8 2068
544 2112
392 3138
514 2077
1028 2552
109 2962
737 3336
32 3089
1796 2097
8 2598
232 2594
545 2178
528 3172
612 2328
577 3482
794 2212
1044 2920
16 2061
1090 2705
800 2048
1796 2258
340 2721
36 2625
1024 2563
1058 2124
1097 2336
128 2112
1040 2563
0 2936
0 3674
1042 2433
8 3144
40 3137
77 2080
1033 2422
597 3112
523 2096
1281 2140
622 2049
137 2352
576 3205
609 2176
1455 3664
60 2049
272 3649
264 2724
553 3072
1568 2310
4 2450
1024 2196
1825 2130
386 2568
1288 2181
1025 2690
27 2368
540 2059
4 2850
86 3464
170 2328
1153 2876
1824 2117
24 2087
929 3072
196 3640
1397 2560
67 3380
805 2194
1182 2049
0 3328
105 3076
549 2064
1560 2080
196 2762
1037 2400
34 2080
288 2050
896 3125
1024 2217
1028 2456
3 3880
1032 2564
1737 2048
658 2381
416 3608
1 2208
1028 2641
291 3792
1811 2280
44 2944
1046 2944
308 3265
93 2048
1029 2208
0 2632
176 2394
514 2096
1054 2784
72 2994
64 2061
45 3586
0 3098
75 2320
288 2391
770 2296
70 2065
512 3265
563 2504
1858 2104
386 2592
1058 2456
6 3408
517 3152
259 2612
264 2051
1537 2324
384 2080
1576 2135
657 2052
97 3216
793 2144
512 2467
0 3594
129 2364
52 2313
1284 2289
524 2240
1097 2564
433 2060
1216 2081
1084 2641
1025 2666
772 2216
578 3209
40 3073
128 2085
1536 2304
140 2161
328 2098
320 2598
1152 2312
1050 2849
1182 2656
1089 2358
1489 2080
9 2640
429 2048
516 2393
688 2147
1228 2083
130 2416
344 3712
2 2240
1281 2072
136 3632
1796 2113
26 2693
1061 2768
813 2048
262 3168
257 2754
19 2944
33 3418
264 3681
1132 2450
852 2051
64 3095
832 3083
1084 2241
1120 2818
289 3734
4 2209
677 2098
5 2120
1545 2188
640 2066
293 2138
112 3716
226 3600
336 3621
153 3138
1280 2112
872 3076
256 2742
262 2096
1233 2852
1640 2064
578 2481
104 2817
212 3617
10 2192
36 2624
56 2945
83 2052
16 3435
178 3917
64 2840
1536 2177
642 3392
21 3114
6 2472
16 2215
1664 2407
1552 2305
3 2436
1537 2370
289 2124
1031 2912
706 3076
64 2193
224 3078
16 3785
530 3243
657 2304
200 3858
356 2187
721 2050
298 3217
36 3930
272 3652
64 2840
0 3464
228 2057
546 2125
268 2048
32 3479
4 2352
70 2321
1284 2808
261 3504
1025 2076
594 3340
64 2600
149 3848
64 2713
6 2080
17 2116
420 2048
12 2081
35 2120
52 2049
256 2640
66 2832
319 3712
1434 2657
80 2561
512 2064
772 3179
0 3264
1572 2568
256 2076
1027 2568
731 2080
530 3105
1026 2328
1792 2185
4 2177
1859 2048
167 2304
130 2933
592 3459
162 2625
804 2192
1746 2084
1608 2306
3 2604
156 2881
1028 2618
86 2849
105 2304
110 2769
1101 2978
1826 2060
668 2337
524 3088
1117 2952
776 3249
1280 2209
1796 2138
804 2249
630 3337
148 2176
1073 2574
277 2570
1553 2370
1221 2568
962 2137
99 2840
612 3073
13 2112
931 3156
330 2193
1312 2688
256 3147
1217 2308
513 3090
1057 2688
1040 2466
707 3380
745 3072
224 2576
266 3264
67 3378
514 2464
516 3153
75 3712
808 2129
1540 2120
0 2059
1601 2048
890 2052
549 2120
332 2196
546 2497
521 3376
1 4056
259 3080
204 2305
644 2313
1 3130
1157 2346
321 2568
152 3586
66 2048
4 3304
1588 2184
64 3114
772 3168
2 2605
128 3861
1680 2340
138 3408
50 2957
1265 2562
1572 2120
272 2083
1220 2609
1642 2196
1297 2054
1072 2376
768 2212
544 2113
293 2240
129 3072
1617 2208
168 3334
513 2358
1281 2288
145 3112
1292 2565
1703 2056
449 3248
792 3111
456 2596
406 2120
0 2146
1553 2118
689 2116
1256 2816
1024 2108
80 2570
50 3465
1425 2080
1096 2308
160 2899
656 2146
1155 2144
10 3088
768 2379
1049 2052
128 3951
1344 2051
97 2692
130 2056
648 2834
5 2076
116 2377
320 2701
4 2643
132 2128
138 2834
290 2252
277 3778
7 3224
68 2609
289 2050
1097 2338
33 2176
1312 2070
16 2152
682 3088
520 2160
523 2112
233 2050
417 3092
608 3328
1956 2250
104 2055
1313 2688
129 2594
77 3104
269 3586
1042 3048
1280 2580
769 2160
33 3474
274 3749
356 2208
92 3201
608 2322
576 3358
1056 3984
1024 2132
146 3454
48 4043
72 3872
5 2208
1172 2664
1040 2688
344 3233
1384 2709
17 2856
187 2880
544 3092
550 3072
1824 2184
776 2080
4 3784
1355 2084
64 3713
537 2244
0 2438
7 2736
163 2068
1632 2048
220 2080
561 2058
1553 2312
1152 2673
128 3640
1792 2522
787 2208
76 3074
2 2201
1153 2884
391 3680
0 3856
1032 2151
98 2560
16 3493
26 3236
1155 2164
512 2147
0 3238
860 2048
386 2048
6 3627
1045 2624
68 2352
1220 2610
640 2304
1235 2856
3 3420
1169 2496
0 3590
20 2402
1164 2611
97 2306
4 3282
4 2883
514 2476
1668 2051
64 3336
1307 2720
516 2067
64 3615
1024 2560
20 2432
1548 2289
73 2464
1037 2592
33 2762
64 2712
182 2056
256 2069
53 3008
977 3072
1120 2819
1665 2104
1073 2242
274 3716
1345 2070
46 2516
208 2313
744 2053
1025 2688
10 2068
832 3217
22 2408
512 3401
28 2240
1490 2049
254 2304
1028 2832
8 3812
1408 2579
328 2708
1618 2057
1672 2054
8 2262
16 2093
256 2194
1025 2160
832 2060
192 3122
104 2310
715 2304
259 3588
1360 2054
0 2404
0 3274
84 2088
34 2128
1306 2689
308 3201
1190 2624
836 3213
72 3233
1740 2051
81 2692
1546 2516
5 2114
134 2665
1290 2576
1536 2090
1232 2081
138 2308
1026 2896
1492 2569
1 3600
322 2697
67 2080
0 2509
357 2240
132 3410
16 2508
144 2560
128 2150
1551 2400
258 2049
1418 2800
544 2066
1048 2561
774 3224
805 3146
56 3649
1026 2816
1356 2177
135 2304
739 2304
1553 2400
1313 2202
298 3601
211 2080
324 2064
387 2052
410 2664
1162 2688
32 3153
130 3396
683 2048
548 3472
1606 3212
843 2176
1072 2049
298 3089
1537 2246
260 2081
676 2146
52 3008
938 2130
28 2051
26 2784
456 2594
552 3331
1168 2634
515 3176
1608 2102
536 3397
1576 2320
1030 2704
1108 2186
802 2136
1184 2908
804 2184
1347 2596
1 2068
1474 3625
280 2755
1481 2067
281 2084
48 2629
192 3625
133 2354
533 2346
544 2077
260 2697
128 2070
136 2593
404 3594
393 3168
1056 2496
144 2085
690 2061
128 2401
769 2096
1027 2516
18 2341
0 3308
1345 2572
1041 2792
1050 2945
252 2562
29 2560
1826 2187
1515 2052
0 2148
114 2443
321 3122
1410 2048
792 2050
576 2059
256 3607
1130 2052
325 3072
16 2052
596 3383
464 2599
1668 2336
1024 2720
153 2048
65 2618
403 2664
536 3300
1177 2310
1168 2560
17 2688
644 3328
2 2468
1302 2216
579 2196
1808 2145
416 3085
1904 2049
1028 2050
1857 2072
1105 2088
0 3073
29 3394
1416 2884
1792 2122
0 3441
433 2560
384 3090
634 3201
1834 2065
480 3615
1154 2084
1880 2086
32 2135
1028 3009
256 2564
1096 2049
1433 2082
128 3630
705 2330
432 3150
585 2308
104 3844
1600 2048
5 2633
1037 2770
161 2646
1584 2313
0 2952
709 2064
323 2620
513 2112
508 2568
128 2129
640 3129
256 2642
521 3520
72 2568
88 2084
13 2882
1574 2248
374 3081
264 2064
672 2566
64 2568
192 2352
168 2564
1084 2432
1057 2770
1058 2568
1544 2498
528 2432
424 2128
16 2084
7 2280
0 2312
466 2092
178 3144
1265 2690
576 3072
576 2305
322 3713
8 2978
112 2242
37 2570
472 2566
1073 2180
1103 2336
1536 2290
1038 3026
1346 2089
1220 3106
64 2048
1107 2728
1176 2912
176 2145
388 2128
1425 2060
560 2122
706 3384
649 2051
1058 2628
1064 2691
166 3136
224 2316
12 3616
11 2144
256 3700
31 2048
1120 2825
439 2048
530 3208
294 2049
128 3605
65 3888
288 2048
1296 2179
208 2725
1315 2184
258 2120
22 2241
736 2817
512 2049
723 2304
528 2048
1040 2959
384 3108
290 2245
432 3149
1244 3619
288 2113
1042 2625
1865 2096
1 3096
448 3172
737 2316
553 3472
33 3008
1664 2372
258 3077
136 2626
1632 2325
1040 2536
116 2688
400 2058
394 3124
129 2124
605 2304
520 3235
489 2576
1666 2324
0 2297
516 2146
1536 2152
602 2148
1056 2954
261 3760
331 3216
192 2072
776 3237
1168 2314
538 2304
1280 3707
192 3122
1216 2576
1280 2094
16 2252
264 3313
512 2580
1026 2848
4 2186
1136 2561
1040 2472
5 3922
1360 2081
144 2120
1823 2176
7 2066
528 2113
260 2624
8 2226
67 2188
80 2050
1042 2944
241 2310
28 3651
81 3072
0 3123
9 3238
69 2058
430 2627
16 2082
160 3931
800 2177
4 2248
1322 2069
80 2433
1024 2108
4 3408
416 2643
530 3081
320 2177
1397 2050
1394 2625
1558 3464
458 2560
516 2050
64 2461
810 3080
1556 2241
1027 2760
321 3596
78 3201
642 3092
1138 2208
106 3349
132 2104
896 2061
258 2124
1348 3586
816 2126
66 2048
773 2216
516 2080
982 3105
554 2113
8 2693
513 3456
1088 2178
1092 2210
5 3264
1572 2246
129 2104
416 3584
1328 2177
0 2409
1106 3082
1292 2113
320 3117
96 2567
516 3264
32 2710
1133 2960
358 3608
0 2139
1536 2055
272 2187
1029 2346
1210 2116
0 2134
10 3360
6 2688
266 2256
0 2048
97 3472
521 2256
1024 2191
198 3128
69 3588
1114 2144
1092 2088
1176 2368
1 2048
1164 2611
842 2049
96 2692
920 3073
769 3202
1121 2994
512 2326
64 2208
132 2368
136 3201
828 2240
326 3736
2 3457
128 2382
0 3234
145 2092
1312 2568
78 2584
1089 2466
1050 2176
256 2515
840 3204
33 2060
262 2601
272 3656
13 2560
832 2202
136 2576
1025 2468
138 2577
17 2118
41 3077
22 3240
1614 2177
1040 2215
70 3384
144 2664
401 2630
1569 2068
1698 2816
1185 2126
320 3736
0 3020
1617 2190
514 3072
1 2462
1265 2818
452 2569
774 2048
400 3172
1156 2560
1228 2071
256 3710
134 2336
131 3172
755 2328
160 2881
128 3676
326 2104
140 2098
1253 2328
1034 2592
1380 2185
884 3201
11 3648
1844 2258
526 3344
532 2122
1 2824
624 3072
610 2065
76 2691
660 2122
8 2064
547 2888
270 2048
26 2501
965 3610
272 3587
40 3542
1033 2756
1312 2651
1536 2065
872 3088
17 3520
132 2576
731 3106
42 3585
1168 2309
517 3104
1040 2177
512 2238
122 3076
1096 2608
836 3097
256 3264
805 2266
1760 2048
28 2723
550 3288
33 3584
1264 2059
1148 2050
512 3456
33 3086
100 2073
1664 2083
289 2714
889 2052
128 2816
23 2592
146 2317
19 2956
1024 2384
1026 2304
19 2156
776 3301
1060 3162
130 2068
1667 2112
1060 2304
0 3105
1024 2450
671 2304
0 3413
4 2048
1096 2560
448 2063
99 2584
528 2496
71 2048
67 3076
1102 2064
10 2176
1666 2117
382 3208
176 3594
1126 2312
224 3337
352 2182
1423 2656
9 3604
1 3074
1048 2563
264 3671
84 2561
1312 2563
1441 2570
752 2306
256 3209
768 2219
76 2865
833 3076
1169 2088
272 3176
10 2276
1226 2336
1037 2594
644 2053
232 2066
261 3474
0 2113
1328 2186
256 2065
385 2078
432 2564
592 2184
10 2304
97 2560
1153 2120
676 2048
1329 2566
1028 2114
167 2568
948 3074
1445 2113
130 2560
649 2386
17 3044
312 2114
4 3114
1282 2096
640 2121
1416 2562
898 2092
89 2338
633 2058
1540 2337
166 2048
752 3338
536 2051
849 3110
816 2063
544 2433
1126 2832
35 2776
9 2576
1946 2053
1094 2560
64 2435
1538 2418
1692 2082
264 2242
1538 2320
1037 2626
523 2432
6 2689
1548 2048
690 3148
109 2562
512 2064
645 2082
640 2055
2 2709
546 2060
14 3091
770 2096
1024 2276
1188 2066
38 2112
230 3088
1334 2625
21 2570
648 2100
385 2064
1029 2122
1000 3090
76 3601
146 2304
1025 2276
1921 2112
1122 2049
544 2124
66 2440
800 3208
18 2081
36 3674
1376 2192
40 2195
896 2052
2 3908
842 2225
580 2312
288 2050
280 3174
2000 2060
1 2054
1632 2090
368 3072
1056 2067
260 2066
240 2571
652 3123
1657 2178
0 3328
100 3737
403 2124
17 3010
1025 2062
200 3075
1006 2048
312 3089
1312 2569
1592 3075
0 2692
8 2306
1060 2112
260 2576
139 3696
536 2228
256 2084
768 2058
1829 2370
1059 2320
130 2652
86 2082
133 2370
1024 2758
672 2628
1088 3232
76 2208
1034 2452
389 3592
1094 2872
1831 2120
1156 2656
650 3076
21 3203
26 3204
98 2689
528 3120
1604 2225
160 2882
65 2820
4 2689
645 3120
1222 2325
69 2312
1328 2240
868 2178
788 2177
8 3731
64 2089
6 2336
1156 2385
292 3074
684 3339
104 2433
256 2124
564 2145
1732 3607
385 2074
16 2562
104 2176
80 2572
12 2593
1676 2050
4 2769
611 2073
41 2624
548 3264
1472 2052
588 3457
1088 2992
1060 2962
8 2368
946 2056
64 2596
576 2099
25 2468
568 2243
10 3748
669 2642
2 3340
1033 2246
8 2881
512 2175
144 2565
771 2052
116 2825
1135 2192
65 2704
152 3329
320 2725
1072 2054
34 2896
1561 2503
1300 2113
1568 2560
1824 2057
513 2140
176 2314
1478 2080
312 3264
1800 2166
77 2946
67 3456
644 3362
204 2064
665 3168
1027 2188
1296 2667
576 3491
293 2584
420 2058
384 2770
1196 2896
548 3473
260 3113
512 2349
576 2434
1248 2579
102 2456
913 2148
1096 2963
65 2076
145 2080
72 3072
1409 2112
1548 2256
536 3111
1024 3064
11 3368
127 3840
2 2312
512 2242
229 3600
33 3272
1837 2562
325 3072
72 2051
1155 2304
554 3236
906 2049
272 2564
2038 2056
6 3137
516 3554
1307 2240
0 2417
75 3072
1435 2048
2 3436
1306 2180
165 2050
8 3126
1287 2104
73 3860
1028 2387
1006 2049
1097 2176
577 3336
128 2152
1344 2704
1036 2560
36 3072
528 2150
12 2608
2 3933
137 2066
259 2608
106 2820
545 2062
1296 2664
394 3712
0 2835
1320 2192
56 3200
10 3340
516 3360
272 3659
1554 3392
1426 2568
384 2103
320 2064
5 3434
560 2120
306 3200
1410 2065
0 2240
1792 2113
1102 2432
0 2579
1 3396
1808 2120
1072 2184
1089 2720
257 2134
0 2176
1792 2633
56 3396
4 3329
152 2561
166 3794
1089 2566
1126 2193
133 3154
130 2065
1 2496
4 2304
390 3168
673 2048
548 2058
4 3138
594 3244
516 2184
29 2370
32 3777
280 2212
800 2063
524 3078
3 2736
1222 2592
140 2144
544 2199
1153 2646
128 2100
9 2384
1324 2176
177 3074
16 2703
777 2116
818 2240
1026 2432
1616 2474
1040 3397
1088 2332
0 3170
257 2252
1232 2053
1157 2856
66 3373
532 2443
1600 2312
284 3075
1198 2624
1024 2224
15 3440
450 2048
1200 2566
264 3173
1554 2188
32 2948
4 2568
1152 2067
32 2757
1176 2051
16 2823
131 3596
1032 2641
96 2560
80 3328
262 3769
1560 2080
512 2311
162 2824
1347 2700
1536 2271
144 2825
390 3616
878 3088
144 3091
1920 2128
806 3280
1111 2056
1475 2560
24 2854
523 2132
200 3329
209 2560
32 3458
65 3490
637 2432
1289 3648
1028 2363
130 3592
4 2219
1570 2433
26 2308
72 3222
1048 2048
392 2608
135 3089
44 2305
1258 2084
144 2368
5 2288
1028 3016
1410 2048
116 2304
0 3154
433 2562
1936 2146
70 2336
229 2306
32 3342
644 2073
385 2072
0 3218
546 2280
1313 2890
164 2392
1929 2116
562 3457
160 2712
18 2852
704 2054
1312 2134
82 3173
290 3288
404 2602
264 2576
1058 2560
1300 2720
288 3596
128 3078
8 3878
284 3072
1207 2376
1600 2176
1542 3504
1172 2883
1856 2202
1280 2698
1561 2406
1154 2656
4 3410
34 2340
237 3074
1168 2060
1144 2432
652 3442
96 3072
801 3078
1280 2688
1060 2752
281 2752
600 2180
1432 2560
290 2564
1056 2702
1301 2730
258 2208
40 2176
260 3106
562 3074
17 3584
668 2115
80 2732
560 2054
1632 2060
1026 2260
0 3152
1224 2065
1872 2048
42 2753
513 2063
898 3088
768 3147
1068 2113
1025 2608
1304 2148
685 2368
4 3588
904 2144
1128 2821
1069 3008
200 2164
1552 2176
648 2135
32 2529
1136 2566
2 2333
1440 2048
786 2081
274 2048
1035 2208
320 2600
1026 2048
1537 2386
256 2563
260 2776
106 3472
149 3400
144 2062
657 2310
332 3227
1552 2309
193 3632
1108 2696
32 3289
192 2606
200 2581
5 2128
20 3912
386 3153
3 2116
72 3234
50 3904
754 2316
17 2324
213 2602
267 2096
87 2152
69 2048
0 3786
416 3659
519 3336
80 3968
16 2048
332 2177
1121 2456
672 3328
1121 2176
160 3856
916 2080
64 2851
832 2057
448 2563
1396 2178
1053 2210
193 2052
515 3136
10 3424
1586 2308
1428 2072
655 3184
640 3328
775 2256
514 2169
11 2932
242 2057
644 2080
0 2246
402 2057
728 3107
177 3180
66 2057
321 2104
552 2438
18 3149
258 2061
1062 2449
1024 2213
2 2740
136 3335
129 2572
9 2326
419 2588
650 2174
256 2759
14 3841
260 2057
1136 2689
509 2048
40 2245
592 2189
581 3256
328 3127
590 3080
68 2971
257 3772
513 3476
936 3072
1117 2048
1604 2097
18 2572
133 2568
552 3205
36 2394
16 2217
69 2632
1771 2048
264 2182
1601 2270
1408 2594
129 2384
258 3440
1729 2080
773 2146
643 2080
256 3122
258 2080
214 3105
1239 2368
845 3072
1027 2208
1058 2244
560 2176
97 2062
269 2114
1972 2056
80 2432
4 2528
200 2593
218 2081
322 2593
36 3738
1557 2664
18 3108
64 2950
1024 2346
130 2657
653 2048
1190 2832
1544 2465
1674 2065
77 2176
1735 2320
1056 2112
385 2112
104 2308
1155 2752
662 2144
1793 2136
1804 2208
145 3338
518 2169
12 3266
144 2115
6 3368
35 2836
144 3586
401 2144
576 3482
770 2164
336 2085
512 3205
1133 2582
64 3724
516 3304
5 3304
838 2208
1547 2112
6 2848
144 2500
885 2208
4 2825
1072 2953
1043 2312
1681 2149
16 3201
1281 2056
772 2200
1063 2176
96 2846
266 2177
1538 3172
579 2437
515 2240
24 3265
656 3076
2 3616
832 2105
14 3105
32 3136
632 3328
1320 2198
1154 2581
29 2048
192 2336
395 2580
193 2088
20 2080
1316 2688
128 3088
0 3177
314 3077
228 3328
1568 2257
1098 2304
261 2720
1794 2240
3 3172
738 3336
142 3120
1704 2069
641 2060
24 3589
937 2048
8 3136
258 2640
148 2049
802 2368
1369 2080
338 2217
1056 2126
336 2087
204 2320
10 3396
848 2058
280 3808
65 3848
160 3137
1899 2180
422 2112
534 2057
0 2872
1684 2304
1558 2305
1049 2150
20 2817
1028 2568
397 3297
1025 2604
1600 2310
66 2089
7 3256
5 2808
258 3713
484 3096
322 2700
514 2049
149 2658
1668 2163
1600 2064
1828 2203
22 3584
16 2182
1538 2048
1043 2596
963 3596
1024 2184
128 3924
72 3236
176 2369
4 3153
1074 2440
5 2088
1282 3217
1537 2180
22 2304
1364 2089
528 2145
649 2114
128 2085
64 2058
1094 2480
204 2833
1216 2064
595 2152
256 2592
6 3248
1088 2053
1064 2370
320 3662
516 2481
1058 3781
1622 2305
74 2308
8 2919
482 2581
272 2082
1056 2117
384 2593
704 2304
8 3778
73 2850
1056 2368
128 3648
101 3728
108 2304
419 2060
1222 2848
1040 2313
114 2048
40 2752
72 3494
160 2882
131 3104
1537 2306
836 2082
516 3105
1136 2561
326 3081
1288 2136
26 2116
710 2344
153 2340
169 2384
257 3824
1234 2340
162 2836
12 2048
1024 2596
1040 2433
1312 2766
1032 2226
17 2146
405 3144
160 3873
304 2120
0 3072
329 2208
1306 2145
272 3127
512 2068
9 3160
134 2873
1024 2736
1056 2759
103 3856
96 3715
1040 2757
513 2192
274 2657
416 3072
595 3332
641 2074
144 3619
25 2180
1800 2176
261 2138
405 2562
0 2704
112 2059
529 2476
41 3076
644 2170
4 3472
918 3080
439 3136
52 3840
84 3971
262 3152
1057 2122
530 2089
580 3082
416 3080
1024 2125
1024 3017
0 2117
560 3089
1536 2049
240 2312
329 3200
1027 2188
678 2064
1068 2432
2 3376
161 3340
262 2272
1152 2064
1560 2215
225 2818
240 2560
224 3349
290 2180
1168 2153
280 2179
112 2700
1226 2308
65 3768
296 3269
106 2449
1537 2152
1280 2474
128 2396
1280 3641
464 2568
10 2160
672 2072
1891 2060
12 2338
529 2272
178 2308
144 2112
13 2064
516 3072
40 3216
1084 2368
32 3346
18 2220
786 3208
811 3072
8 3681
523 2320
73 2432
594 3381
899 2068
193 2066
176 2116
450 2057
1 2688
73 2566
258 2137
446 3073
304 2761
1588 2504
0 2562
288 3208
1058 2513
16 2912
33 2304
523 2400
806 2264
1061 3026
259 2624
1056 2692
576 3077
18 3717
165 3392
1168 2624
822 2248
1033 2784
1420 2560
1965 2050
1088 2856
264 3074
43 3136
129 2896
80 2048
1080 2944
586 2304
1472 2060
21 2304
801 3614
32 3970
1410 2082
472 2051
1043 2504
1064 2452
36 2136
259 2056
1286 2665
0 3674
257 2130
514 2192
384 3077
576 3469
125 3072
0 3248
40 3904
160 2073
1122 2052
29 2080
1062 2568
1 2160
1026 2640
34 2196
208 3330
1 2074
67 3852
1402 2304
384 2114
657 3114
784 3297
129 2150
481 2562
384 3085
1112 2086
1312 2053
289 3600
1696 2241
136 3696
386 2560
524 2385
36 3160
1062 2072
792 2368
1153 2644
1666 2400
919 2112
1672 2068
67 3184
1043 2048
285 3810
1088 2445
1280 2133
0 2048
16 3329
1580 2432
39 2752
1672 2371
261 2160
1220 2097
1225 3584
24 3173
137 2128
328 3712
18 2144
34 2052
64 3086
132 3616
259 3652
112 2693
416 2134
876 2688
0 2099
1186 2584
104 2177
1 2156
224 3586
154 2336
240 2311
324 2691
272 2282
88 2690
22 3168
1058 2580
960 2065
50 2828
1 3584
1 2064
11 2640
574 3072
407 2560
18 3264
128 2061
71 3104
1290 2692
1 2634
135 3160
0 3084
642 3184
19 3008
254 2561
64 2593
316 2112
512 3082
12 3200
1040 2981
202 3509
97 2304
1285 2192
1200 2628
48 2432
1282 2592
2 2273
75 3232
274 3776
578 2076
576 3331
245 3080
1283 2272
44 3208
552 2176
1536 2480
321 2334
26 3236
2 2088
1028 2376
1728 2096
131 3196
132 2570
262 3592
80 2082
16 2693
788 2080
1185 2504
1730 3069
1828 2048
320 2696
24 2593
1346 2081
163 3584
0 2378
139 3584
11 2708
128 2660
128 2885
160 3605
468 2091
657 3116
130 2625
55 2816
174 2625
1029 2770
516 3524
1600 2307
193 2602
1033 2630
1672 2835
270 2161
296 3076
865 3220
330 3089
1457 2065
207 3888
460 2081
1225 2438
4 3522
528 2274
264 3090
273 2628
193 2698
0 3181
41 2066
742 3072
66 2352
768 3200
784 2118
530 2376
293 2576
74 2224
386 2148
909 2050
802 2112
1174 2080
1100 2304
592 2432
129 3334
664 3072
1205 2632
165 2576
1094 2096
387 2564
1026 2064
531 3308
112 2057
44 3137
768 2113
2 2120
228 2306
259 3120
1808 2732
224 3156
391 2624
42 2432
870 2105
0 2276
72 3616
467 2568
39 2177
612 2331
1537 2172
192 2096
128 2562
1121 2050
704 3346
1035 2064
792 2245
68 2433
297 2566
422 2056
513 2324
274 2084
292 2049
1187 3840
1538 2313
36 3102
1241 2564
512 3420
1674 2080
1569 2442
1632 2449
65 3372
656 3403
576 2193
1024 2519
1184 2835
1400 2053
452 3595
418 2132
96 2560
188 2627
1792 2090
405 2110
12 3664
1 2918
640 3168
528 3232
1076 2371
663 2368
534 2373
136 2067
354 2067
321 3584
512 2438
544 2064
796 3122
1026 2188
596 2218
1564 2113
482 2061
302 2048
521 2048
256 2739
72 3072
37 2136
1808 2054
681 2064
202 2080
19 2272
1296 2563
2 3073
64 2076
1261 2560
648 2070
1024 2519
1553 2370
115 3720
1040 2986
1272 2055
8 3680
392 3169
1952 2056
170 2052
552 2050
257 2610
0 2100
3 2058
193 2568
1184 2694
26 3972
1412 2106
1 3603
66 2308
1320 2560
1564 2178
370 2177
160 3144
1936 2114
664 2081
230 3072
1106 2701
38 2849
0 3898
384 2638
66 3640
136 3451
262 3584
1688 2084
1 2320
5188 2576
5136 2082
5091 2064
4096 3969
4681 2310
4610 2240
4610 2197
5266 2560
4312 2051
4644 3411
4496 2565
4244 3360
4778 2048
4420 3751
4289 2614
5312 2316
5267 2412
4664 2496
4812 2322
4242 3368
4098 2560
4520 2069
4680 2068
5184 2575
4104 3205
4178 2080
4108 2065
4190 2050
4160 3610
4886 2048
4168 2450
4112 3810
5568 2570
4132 3162
4392 3732
5702 2232
5128 2848
4385 3788
5188 2561
4617 2486
4112 3072
4904 2131
4206 3585
4762 2049
5248 3106
4107 2272
5422 2176
5380 2258
4232 2336
4160 3214
4421 3121
4610 2072
5696 2274
5184 2074
4160 2048
4224 3128
5248 2062
4354 3296
4169 3508
4513 2655
4384 3116
5188 2577
4338 3076
5970 2318
4197 2050
5632 2308
4112 3333
5204 2216
4100 3202
5377 2246
5133 2112
4866 2200
4112 2059
4704 3204
5440 2094
4129 4040
4232 3411
4112 3021
4618 2369
4673 2192
4144 2061
4163 2048
4608 3082
5123 2309
5252 2368
4232 3600
4392 2051
4310 2072
4224 2082
4192 3844
4873 2308
5184 2057
5923 2256
4616 2065
5148 2560
4741 2136
4356 3153
5922 2064
4186 3365
6027 2112
4660 3203
4512 3648
4642 2196
5134 2129
4356 2081
4386 2196
5512 2212
4113 3456
4400 2708
5632 2275
4168 2082
5120 2849
5667 2120
5257 3940
4098 2097
4616 3334
4738 3092
4648 3089
4096 3625
4736 3337
4417 2632
4138 3345
4098 3413
4184 2592
4864 3080
4098 3190
4586 2070
4160 2098
4100 3528
5281 2130
5187 2060
5170 2177
4136 2125
4282 2368
5232 2056
5133 2384
5633 2496
4570 3077
5640 2338
4100 2440
5368 2816
4980 3072
4904 2177
4420 2179
4240 2817
4360 2052
4365 3626
4225 2340
4232 2082
4404 3074
5362 3072
4354 2296
4099 2828
4435 2568
4096 2618
4115 2828
5228 2065
4144 2954
4420 2048
4108 2833
4115 2368
5124 2104
5667 2052
4097 3360
4618 3345
4304 3360
4818 2305
4889 3174
4145 2504
4194 2816
4226 2365
4487 2568
5704 2305
4352 2250
4121 3074
4455 2176
5408 2691
4612 3074
5165 2576
4324 2321
4618 3234
5893 2218
4293 3330
4128 2183
4177 3366
4130 3153
5456 2691
4644 2138
4167 3762
4226 3340
4534 2057
5376 2049
4485 2666
4385 2256
4929 3090
4865 2100
4640 3273
5645 2544
4694 3208
4483 2156
5253 3372
5153 2314
5062 3072
5064 2049
4608 2060
5189 2962
4656 2314
4105 3604
4610 2400
4114 2468
4107 2116
4112 2761
4102 2704
5125 2270
5196 2049
4100 2074
4293 2592
4096 3099
4611 2192
5817 2240
4320 2052
4144 2051
4864 3162
4704 2071
4356 3153
4163 2176
4369 2118
4948 3208
5656 2273
4194 2056
4230 2857
5222 2633
4100 3096
4352 3084
4232 2816
4128 3851
4354 2113
4416 3587
4113 3234
4612 3152
4224 2657
4162 2336
4631 3168
5125 2506
4994 2076
4239 3072
4224 2925
4129 3329
4145 3411
5652 3395
4128 3976
4122 4064
4160 3880
4232 3138
4677 2328
4992 2056
5122 2109
5184 2338
4176 2345
4160 2064
4868 3088
6025 2068
4625 3328
4113 2990
4996 3099
5284 2050
4128 2178
4367 2144
4354 2176
4610 2088
5381 3266
4611 3380
4225 2116
4224 3915
5648 2054
5305 2179
4876 3111
4142 3201
4616 3143
4096 3113
4096 3514
4142 2368
4416 2069
4610 3097
5846 2056
5736 2305
4096 2254
4368 2084
5126 2064
4110 3488
5659 2400
5088 3081
4879 3104
4232 2340
4109 2240
5129 2052
4304 3074
4761 2080
4192 3220
5632 2130
5188 2176
4611 2332
5624 2048
4292 3618
5184 2369
5313 2590
4112 2120
4099 3104
4166 2064
5269 2090
4672 2332
4724 2440
4432 2185
4096 2667
4230 2560
4378 2081
4416 2616
4874 2117
4620 3108
5953 2062
5185 2856
4430 2208
4488 3633
4160 2562
5250 2829
4132 3113
4996 2056
4224 2306
5606 2065
4106 3108
4097 3084
4646 3073
4320 2053
5258 2816
4876 3216
4416 3088
4100 2081
5923 2252
4736 2052
4360 2228
4620 2144
5146 2528
4480 3180
4640 2204
4420 2208
4097 2834
4397 3216
5264 2082
4135 2240
5222 2065
4864 2146
4114 3297
4128 2368
5760 2380
4629 2272
5405 2816
4746 3136
4736 3440
5667 2368
4737 3328
5440 2193
4664 2054
4102 2160
4112 2432
4259 2056
4208 2757
4745 3136
5705 2080
4203 3649
4380 2496
5139 2824
5270 2304
5635 2432
5138 2912
4121 2564
4176 2063
4392 3730
4180 2347
4143 2576
4608 3330
5744 3461
5632 2144
4434 3584
5020 2081
4288 2817
4609 2320
4258 3328
5644 2337
4362 3649
4866 3129
4689 3204
4992 2072
5185 2218
4640 2213
5196 2960
4884 3136
4720 2055
4176 2176
4950 2048
5063 3096
5120 2785
5249 2136
4889 2182
4234 3329
5201 2958
5992 2208
5656 2306
5318 2064
4178 2441
5644 2049
4120 2052
4626 3372
5584 2083
4802 2317
5146 2945
5888 2280
4683 3238
4416 3604
5188 2049
5640 2120
4769 3090
4224 2565
4229 3176
4352 2691
4137 2960
5310 2048
4496 2635
5182 2368
5732 2304
4482 2624
4880 2727
4129 3648
4368 2280
4882 3237
4096 3626
5251 2401
4098 3017
4228 3441
4370 2692
5721 2464
4160 2591
4214 2057
5122 2936
4745 2084
4448 3731
6017 2070
4136 2176
4742 2364
4245 3436
4109 3970
4482 3149
5138 2913
4136 3604
4433 3592
4492 3072
4504 3107
4164 3641
4389 3152
4549 2072
5665 2058
4288 2345
4112 3460
4128 3728
4362 3588
5484 2560
4706 2048
4114 3016
4416 2076
4267 2832
4101 3538
5608 2577
4554 2048
5760 2312
4164 2706
5128 2147
4097 3397
4736 2378
5154 2772
4097 2708
5120 2461
4620 2129
4212 2377
5769 2148
4352 3748
5152 2441
5136 2184
4098 3572
4268 2626
4428 2226
4100 3250
4192 2188
5402 2085
4977 3080
4620 2290
4132 3969
5156 2067
4352 3594
4111 3840
4744 2359
5298 2305
4360 3074
5698 2490
4120 3013
4810 2197
4172 2070
4946 2468
4232 3078
4098 3468
4358 2132
5028 3152
4353 3638
4170 2192
4274 3652
4161 2316
4484 3665
4136 3350
4226 2593
5203 2440
4115 2436
4680 3108
5252 2632
4168 2711
4356 2051
5376 2436
5529 2112
4176 2216
5648 2127
4164 3611
4352 3660
4928 3232
4115 2120
4129 2326
4608 3077
4374 2240
4244 2155
4176 3083
4194 3336
4705 2060
4961 2048
4362 2209
5016 3137
4363 2192
4644 2194
5728 2051
4100 3763
5711 2096
5376 2603
4865 2084
4865 3240
5904 2178
4353 2100
4113 2094
5121 2066
4370 2080
5376 2249
4760 2145
4233 2896
5440 3200
4484 3112
4176 2746
5162 2625
5516 2112
4597 3074
4352 3648
4560 3105
5382 2601
4240 2081
4113 2048
4624 2048
5138 2152
4356 2608
4370 3792
5136 2066
4744 2100
4480 3586
5634 2253
4429 2560
4660 3328
4736 2051
5397 2690
4384 3096
4996 2121
4181 2856
4308 3331
4608 2209
4356 2089
4624 2086
5640 2086
4096 2051
5893 2144
4501 2592
4593 2062
4620 2082
4357 2603
4248 3075
4144 2956
5876 3353
4620 2656
4096 2631
5541 2576
4116 2186
4570 2053
4357 2064
4130 3344
4474 2048
4097 3428
5662 2176
4866 3200
5138 2341
4243 2312
4737 2062
5325 2354
5571 2064
4100 3395
4138 2065
4672 2049
4361 2214
4168 3588
4120 2914
4934 2096
5656 2401
5893 2248
4736 2084
4097 3156
4096 2144
4968 2181
4928 3084
4112 2316
4609 2154
5389 2784
5265 2308
5132 2441
4144 2306
5145 2208
5251 3168
4364 3217
4137 2880
4654 2304
4098 2225
4392 2195
4550 2608
4352 3800
5147 2404
4425 3764
4992 3118
4424 3127
5125 2250
4196 2057
4208 2884
4120 2433
6080 2106
4434 2600
4128 2267
4229 2640
5152 2581
5408 2561
5123 2656
4768 2382
4129 3584
4100 2332
4422 2056
4096 3426
4235 2116
4362 3077
4624 2061
5120 2179
4111 2688
5697 2066
4864 3114
4291 3330
5121 2182
5382 2048
4104 2976
5265 2050
4162 2832
5188 2320
4488 2129
5397 2764
4904 2064
5632 2480
4410 3140
4133 3352
4708 2098
5387 2720
4244 2829
4200 2069
4177 2442
5404 2083
4384 3613
5394 2052
4260 3072
4421 2576
5248 2085
5121 3652
4264 2562
4396 3265
5921 2068
4112 2052
4642 2388
4148 2244
4880 2088
5552 2152
4098 2660
4876 2128
4452 2561
4098 4051
4224 3344
5507 2568
4128 2304
4136 2052
6085 2104
4184 2049
4328 2565
4097 2136
4161 3842
4160 3856
5162 2565
4360 2097
4296 3104
5828 2091
5518 2560
5228 2179
4136 3714
5120 2595
5448 2176
4890 2213
5714 2088
5760 2316
5641 2448
5170 2060
5787 2128
4115 3104
4549 2104
4104 2837
5264 2084
4378 2085
4393 2240
4163 2184
4352 3248
4612 3336
4232 2147
5634 2200
4164 3585
5148 2817
5328 2340
5265 2572
4649 3202
4628 3488
4129 2188
4112 2112
4745 3410
4236 2880
5056 2072
5164 2131
4578 2080
4160 2851
4737 2060
4096 2656
4324 2305
4885 3146
4104 2083
4130 2116
5841 2338
4732 3472
4868 3082
4672 2058
5000 2134
4632 2048
4101 3075
5904 2208
4138 3608
4112 2080
5147 2656
4168 2305
5581 2064
4766 2048
5260 2049
5136 2082
5152 2437
4112 2314
5132 2625
4134 3860
4360 2722
4096 2258
4485 3186
5604 2097
4625 3232
4106 3856
4648 2440
4433 2052
4160 2067
4432 2689
4624 3276
5296 2408
4945 3082
5008 3104
5384 2051
4417 2086
4253 2658
4282 2116
5223 2824
4128 3609
4097 2176
4642 2376
6056 2129
4132 2113
5640 2182
4410 3648
5124 2779
4288 2083
4245 2058
4448 3205
4192 2841
4772 2312
4868 2185
4646 3528
5194 2320
4096 2178
4098 3633
4234 2081
6048 2141
5283 2632
4506 3584
4098 2580
5952 3082
4231 2120
4500 2054
4140 2242
5896 2292
4106 2177
4705 2200
4096 2178
4302 2561
4097 2832
5267 2892
4160 2069
4880 2088
5194 2576
4240 3300
5663 2304
4194 3340
5826 2145
4868 3153
4233 2562
4208 3722
4132 2120
5195 2800
4176 2085
5653 2058
4102 3107
4385 3606
4096 3116
4466 2569
4115 2148
5134 2320
4448 2068
4256 3655
5760 2128
4616 3442
4330 2325
4357 2208
4132 2112
4172 3473
5125 2184
4257 3402
4640 2451
4361 2192
4224 3623
4210 2056
4128 3970
4338 2052
4115 2340
4936 3109
5890 2208
4264 2129
4608 3248
4104 2179
4424 2080
4674 2057
4674 2193
4489 3200
5139 2120
4304 2056
5704 2496
4611 2052
4129 2840
4994 2152
4804 3106
4108 2290
4482 2116
5710 2048
4099 2568
4672 2433
4260 2051
5060 3080
4128 2564
4160 3633
5130 2833
5647 2184
4224 3113
5392 2216
5314 2064
5769 2568
5124 2308
4352 2286
5536 2139
4249 2624
5452 2064
5738 2180
4386 3073
4753 3400
4162 3984
4367 3088
4676 2330
5651 2176
4292 2866
4131 2192
4772 2064
4101 2432
4368 2180
5654 2176
4752 2916
4420 2563
5527 2080
4232 3108
4425 3972
4096 2906
4140 3074
4130 2828
4370 2156
4610 3153
4224 2111
4832 2064
5040 2049
4192 2570
4324 2064
4800 3110
5388 2288
4625 2154
4224 2564
4247 2624
4994 3424
4252 2048
4513 2314
5752 2180
4102 3136
5213 2048
4264 3344
4117 2242
6084 2049
4672 3365
4224 2816
4487 3073
4369 2248
4114 3808
4617 3104
5296 2383
5217 2064
4296 2096
4748 2161
4233 2112
4272 2368
4118 3904
4192 2948
4636 2372
5888 2184
4224 2320
5376 2057
4736 3168
4368 2562
4096 3073
4676 3346
4544 3593
4160 3988
4296 2096
4096 3624
4108 2112
4612 3208
4100 2185
4196 2696
5192 2306
5129 2484
4096 2905
4928 2050
4096 2639
4224 3591
5780 2154
5152 2375
5196 2570
4256 3164
4741 2336
4414 2176
4688 2054
4864 3301
5836 2355
4169 2066
4404 2050
4108 2305
4516 2626
5700 2225
4434 3081
4096 2634
4164 3600
4100 2114
5664 2048
4420 2090
4934 2176
4609 3344
5057 2098
5912 2048
5668 2309
5152 2129
4162 2736
5144 2052
4385 3136
5642 2305
5124 2112
4232 3634
5129 2400
5137 2056
5354 2068
4168 3602
4105 2052
4623 2528
4425 2580
4610 2073
4193 2320
4658 2504
4977 3078
5129 2148
4644 2059
4098 2272
4485 3178
4401 3080
5890 2113
4516 2048
5508 2568
4228 2890
5248 2080
4248 3686
4380 2080
5812 2050
4762 3361
4161 3640
4104 3126
4660 3721
5976 2065
4921 3138
5025 2054
5284 2563
4120 2563
4262 3417
4402 2560
5220 2304
4246 2120
4112 3360
5640 2193
4129 2246
4320 3079
4544 2560
5248 2069
4105 3878
4889 3074
5296 2383
4368 2048
4416 2564
5889 2048
4160 3577
5131 2368
5282 2908
4097 3074
4099 2072
4141 2754
4353 2236
5125 2576
4685 3488
5676 2385
4128 2648
4098 3233
4180 2313
4224 3328
4234 3173
4372 2217
5380 2772
4630 3201
4242 3877
5736 2068
5248 2086
4512 2056
4144 2053
4362 3616
5020 2083
5392 2729
5552 2117
4146 2432
4420 3609
4370 2184
4742 2096
4105 2070
4449 2240
5892 2304
4236 3841
4417 2602
4354 3264
4784 2052
4324 2057
4572 2048
4096 2576
4164 3603
5028 2066
5674 2132
4376 2688
5120 2323
5680 2432
5248 2312
5331 2592
5640 2117
4608 2050
4384 2690
4608 3236
4112 2592
4165 2601
4192 2581
4877 3124
4800 3336
4226 2056
4641 3082
4138 3909
4136 2512
4113 2560
4097 3092
5120 2620
4160 2204
4270 2576
4345 2562
4106 2508
4612 2416
4096 2223
4289 2816
4480 2684
4096 2690
5636 2335
4234 2064
4353 3704
4096 2349
4225 3114
4354 2148
4524 2130
4745 2116
4224 3596
5378 2184
4705 2054
4626 3340
4120 2987
4144 2510
5647 2176
4260 3096
4140 3330
5060 2072
4217 3588
4290 3073
4131 3272
4832 2052
5272 2087
4272 2305
4096 2188
5440 2196
4738 2424
4488 2144
4105 3396
5512 2113
5958 2056
4096 3186
4642 2449
5130 2368
4932 2561
4199 2560
5125 3554
5782 2156
4976 2314
4106 2324
4322 2577
4235 2400
5891 2220
4193 3612
4420 3745
4120 2946
5876 2056
4384 2121
5184 2573
4480 3604
5340 2178
5636 2314
4658 2241
4769 3400
4112 2094
5417 2624
4096 3724
4315 2600
5249 2310
4401 2626
4121 3842
4122 3904
4688 2176
4289 2072
4354 3120
6086 2057
4486 2672
4168 2562
5658 2180
4229 3154
5653 2336
5124 2353
5122 2164
4098 3140
4358 3256
5032 2114
4805 3128
5312 2068
5078 2056
4640 2051
4108 2241
4152 2627
5185 2090
4097 3600
4276 2370
4808 2096
5652 2208
4424 2211
4609 2432
4116 2344
4109 3184
4554 2128
5130 2736
4658 2368
4634 2372
5909 2080
5120 2882
4176 3713
4480 2111
4424 2180
4162 3344
4546 2092
4680 2178
5312 2083
5724 2336
4113 2178
4098 3252
5957 2048
4873 2064
4356 3128
4760 2080
4872 2080
4288 2342
4098 2393
4130 2632
4608 2394
5703 2080
5384 3047
4202 3457
4326 3073
4096 2091
4608 2990
4128 2317
5136 3106
4553 3078
4353 3589
4232 3393
4612 3113
5144 2050
5120 2181
4304 2310
4993 3142
4120 3200
4612 3230
4106 2304
5012 2145
5312 2069
4162 3644
4420 3712
4946 2177
4228 2050
4612 3456
4144 2818
4398 3201
4096 3916
4136 2310
5697 2096
5154 2325
4632 2304
4356 2720
4883 3232
4114 2693
4356 2274
5889 2122
5264 2048
4482 2088
4513 3074
4152 3392
5152 2640
4168 2197
5121 2384
5666 2176
5168 2181
4238 3649
4096 2818
5376 2564
4100 2081
5377 2564
4114 2085
5152 2434
4106 3092
5379 2588
5914 2145
4802 2056
4497 2632
5672 2048
5379 2256
5640 2343
4096 3008
4100 3113
4428 3603
4616 2514
4232 2678
4118 2824
4288 3594
4096 2586
4234 3153
4450 2565
4143 3024
4101 2962
5640 2886
4113 3530
5162 2453
4672 3106
4768 2321
5288 2048
4357 3432
4624 3424
4489 3618
4419 2748
5825 2314
5253 3176
4104 3081
4806 2304
5632 2179
4608 2097
5409 2060
5376 2134
4132 3346
4776 3072
5215 2704
4099 3088
5120 2869
4230 2824
5408 2050
4232 2420
4122 2084
4126 2657
4936 3141
4133 3082
4230 2816
4393 3590
4912 2246
4353 2050
4499 2084
5120 2520
4422 2048
5568 3584
4165 2722
5680 2629
5959 2208
4182 2337
5178 2688
4628 2144
4098 3072
4393 3152
4424 3239
5889 2148
4432 2064
4400 3593
4396 2097
4496 3073
4226 3108
4736 2172
4182 2560
4768 3090
4610 2444
4576 3601
4869 3088
5640 2048
4376 2145
5888 2160
5376 2766
4168 2689
5284 2576
4627 2472
5211 2210
5248 2925
5468 2048
4672 3076
4106 3668
5252 2322
5145 2656
4307 3588
4736 2065
5716 2344
5256 2848
4102 2257
4242 2656
4402 2184
4768 3332
4224 2132
4104 2224
4925 2050
5248 2081
4097 3145
4120 2048
4124 3304
5002 3073
4112 2088
4182 2056
4352 3717
4098 3076
4137 3974
4294 3593
4160 2564
4996 2129
4098 3472
5153 2254
5668 2049
4480 3145
4481 2568
4631 3136
5308 3392
4099 3072
5128 2700
5769 2064
4548 3584
4420 3130
4576 2182
5008 3180
5514 2596
4370 3241
4896 2056
5264 2310
4229 3840
5136 2532
5260 2048
4172 3616
5124 2707
4512 2140
4532 2624
4720 2182
5657 2404
4688 2052
4161 3478
5168 2565
4289 3346
4160 3629
5792 2050
4192 3200
5507 2116
4480 2644
5888 2048
5890 2192
4116 3208
4232 2344
4608 3362
4112 3266
5120 2122
4224 2931
4289 3134
5120 2291
5121 2274
4161 2080
4640 2441
5284 2064
4099 3376
5120 2361
4672 3464
4752 2082
4096 3181
4240 2113
4612 3097
4096 2410
4613 3146
5280 2050
4416 2075
4160 3072
5193 2050
4672 2105
4096 2178
5504 2056
5002 2129
5449 2082
4323 3348
4208 2691
4624 2084
5634 2448
5124 2240
4932 3075
4621 3474
5388 2064
5654 2336
4278 2568
4689 3210
4263 2624
4450 3077
4626 2476
5226 2437
5618 2049
4115 3302
4484 2651
5128 2832
4192 3714
4096 2421
4435 2592
4192 2321
5171 2312
5377 2332
4292 3472
4096 2086
5202 2052
4820 3105
4144 3785
5153 2176
4099 2052
5129 2418
5158 2496
4130 2316
4302 3601
5248 2049
4629 2056
4193 3586
4370 3752
4096 2437
4496 2634
5120 2117
4353 3192
4209 2048
4160 2182
5440 2068
4624 2309
4129 2058
5387 2100
5248 2639
4688 3208
4098 2320
5703 2192
4425 2562
4353 2578
5168 2655
5322 2608
4361 2080
5184 2688
4134 2064
4361 2734
4112 3584
4162 3220
4098 2584
4908 2240
4168 2437
4225 2848
4166 3329
4608 3328
4400 3718
4100 2193
4508 2112
4096 3072
4192 3467
5315 3096
4226 2069
5124 2546
4201 3222
4359 2624
5200 2830
4226 2088
4344 2305
4376 2080
4918 2051
5152 2711
4512 3658
4992 3112
4432 2564
4753 3339
4613 3456
5640 2449
4656 2176
4760 2629
4232 3072
5124 2163
5144 2244
4616 3440
5121 2376
4096 2125
5508 2147
4129 2048
4867 2144
4164 3088
5160 2754
4136 2305
4641 2246
4872 2448
5141 2688
4110 2944
4288 3745
4097 2578
4112 2990
4110 2081
4096 2589
5260 2099
4628 2121
4912 3072
5121 2048
5519 2656
4098 3176
4832 3105
4099 2688
4870 2089
4609 3568
4771 2380
4992 3600
4353 2130
4286 2328
4392 2135
4160 2688
4662 3136
4296 2835
4148 2888
5910 2049
6024 2080
5298 2064
4127 2816
4162 3840
4226 3088
5146 2304
4628 2342
4277 3592
4230 3680
4393 2114
5120 3840
4146 2828
4548 3091
5120 2177
4130 2116
4612 2339
5252 2912
4613 2272
4161 2824
4609 3504
4752 2119
4354 2137
4609 2272
5136 2219
4114 2464
4512 2048
4130 3596
4098 2984
5136 2949
5249 2328
4448 2064
4288 2068
4224 3393
4181 2690
5385 2770
4102 3137
4652 2193
4167 3104
4423 2072
4320 2049
4882 2080
4616 3218
5325 2592
4162 2957
5314 2369
4770 2116
4416 3210
5768 2561
4646 2064
5187 2232
4249 3332
4611 3220
5384 2177
5282 2137
4224 2361
5281 2136
4617 2128
4152 2119
5805 2064
4470 3200
4357 2178
4164 2458
2347 0
2249 4
2944 0
2058 1925
3856 34
2306 1028
3584 359
2194 1992
3128 514
2699 114
3528 517
3480 68
2328 576
3314 5
2064 643
3184 32
3851 52
2756 35
2208 528
3340 144
2496 39
2776 1125
2674 1060
2242 536
2595 0
2192 768
2305 74
3976 103
2152 0
3104 976
3328 22
2064 1032
2195 1348
3672 386
2432 40
2065 1284
2568 1104
3586 516
2640 1033
3072 29
2120 659
2560 1388
3612 256
2265 768
2107 708
3073 288
2320 645
2178 321
3092 128
2054 393
3340 195
2433 1556
2176 340
2065 584
3089 836
2624 412
3584 35
3417 0
2156 1873
2714 288
2052 66
2197 1858
2506 544
3115 656
2176 621
2258 549
2336 1040
2183 336
3152 809
2817 1070
2113 1556
3650 30
2228 64
3370 64
3078 816
2048 357
2053 618
2433 1128
3074 33
2132 1281
3138 5
2390 1033
2111 1664
2512 70
2221 324
3624 150
2192 32
2594 472
3010 1333
2052 104
2176 1332
3126 769
2945 1040
2048 324
2565 1216
2055 1840
3329 28
2444 594
2048 189
3516 66
2824 98
2472 1616
3076 81
2432 97
2068 833
2930 1156
3400 720
3331 232
2576 1156
3392 6
2196 91
3456 21
2098 1160
2176 78
2312 578
2948 106
2196 1
2104 165
3089 168
2360 1549
2560 1256
3654 162
2124 1411
2438 1080
2760 293
2574 352
3904 982
2577 68
3584 384
2088 1538
3608 453
3264 516
2144 644
2563 24
2082 661
2184 1280
2376 578
3328 156
2312 516
2380 1568
2112 175
2116 328
2176 259
2828 1200
3378 136
2317 96
2161 138
3077 360
2280 1793
2465 6
2089 1680
3089 556
3601 104
3683 264
2640 32
2964 1089
2189 1552
2049 148
2052 224
2834 141
3608 359
2566 1722
2084 209
2625 562
2740 73
2348 1
2321 1224
2166 1024
2048 1252
2321 512
3617 408
2800 257
2176 633
2328 1669
3082 800
2775 40
2050 8
2182 1336
3078 416
3330 221
2586 324
2058 352
3075 406
2064 580
3384 128
3169 648
2406 0
2244 1562
2112 512
2560 28
2593 1284
2328 1058
2378 1029
2326 689
2055 744
2344 1728
3105 2
2817 72
3906 137
3270 817
2049 220
3072 192
2081 1668
2706 1796
2314 1233
2977 70
2178 64
3616 130
2784 26
2148 1026
2146 784
2560 343
2950 1152
2304 1048
2049 720
3154 936
2048 856
2058 324
2976 1104
2053 1730
2144 1692
3456 45
2059 132
3811 9
3081 16
2112 1585
2601 1040
3585 486
2060 160
3720 18
2563 64
2049 24
3459 28
3078 208
2402 1040
2176 3
2561 276
3093 64
2052 1673
2080 87
3584 497
3684 2
2825 1028
2054 1728
2603 192
3330 196
3144 16
2084 1673
2612 394
2745 6
2145 26
2208 259
3075 256
2064 644
2176 6
2064 389
2212 834
2065 1410
2118 40
2064 1570
2304 200
3221 512
2051 112
2178 24
3164 384
2192 1194
2113 1682
3072 276
2067 1768
2586 1028
3908 11
2834 1088
3426 3
2052 184
2394 516
3584 432
3140 547
3600 76
2564 40
3396 3
2100 131
2314 96
2048 1509
3937 2
3587 80
2626 288
2573 1360
2306 1029
2864 192
2224 1795
2120 1
2336 194
2704 1313
2867 1164
2124 1792
2196 10
2980 1042
2662 1048
2072 422
3124 1345
2445 80
3334 9
2272 36
2048 1
2181 90
2632 1172
2124 928
2072 837
2816 160
2436 1096
3237 320
3848 86
2096 1
3081 356
2115 1816
2120 386
3137 405
2976 140
2068 1834
2080 176
3076 536
2057 1092
2740 257
2852 0
2566 80
2057 20
2112 1026
2497 516
2054 1816
2562 1028
3232 888
2210 592
2316 1553
3720 278
3845 136
2128 677
2289 1550
3664 288
2061 1810
2117 928
2688 42
3585 128
3588 265
2644 2
2098 1281
2072 1056
2068 41
3136 134
3596 321
2052 1128
2816 47
2050 1152
2729 0
2144 390
3360 539
2209 520
3330 16
2122 1153
2657 262
2882 4
2336 1677
2067 832
2689 1288
2331 4
2564 313
3672 36
3584 64
2119 128
3184 5
2064 1286
2069 898
3904 18
2561 1280
2697 320
2694 1032
2338 1097
2169 384
2624 1030
3619 320
2888 1025
2084 648
2386 673
2356 64
3124 76
2642 11
3105 384
3074 1
2179 1864
2080 336
2721 11
2642 1184
3129 518
2057 1030
2096 257
2312 1713
3869 64
2090 1041
2903 0
2062 1553
2050 1228
2497 8
3009 32
3128 18
2820 0
2380 2
2512 6
3222 264
3072 24
2128 160
2176 521
3536 531
2208 896
3208 1794
2696 1060
3348 193
2080 1162
2722 1092
3660 257
2050 770
2852 1154
2307 1028
3683 136
2849 74
2624 1284
2176 1564
2084 257
3354 160
2240 24
3721 534
2064 329
2128 391
3137 128
2088 353
2312 228
2577 448
2104 1796
2478 578
2081 1048
2760 7
2336 154
2261 8
2073 1186
2053 876
2064 206
3196 32
3969 100
3125 386
2048 574
2706 320
2612 1027
3368 694
3075 428
3630 320
2244 27
3136 172
2250 52
2312 115
2912 1033
2049 1270
3137 152
2144 388
2224 1285
2058 9
2690 268
2057 208
2386 649
2213 522
3137 900
2086 145
3008 59
3226 608
2203 1284
3072 567
2513 1670
2692 370
2323 552
2944 1080
2052 593
2114 940
3073 808
2326 1673
3203 828
3200 771
2048 1856
3368 7
3137 528
2688 40
2048 545
2338 597
2194 1608
2692 120
3072 17
2335 64
2370 672
2184 116
3224 292
2248 2
2128 268
3332 568
2788 0
2688 1
3584 183
2262 1034
2648 38
2304 5
2692 346
3584 55
2344 1540
2052 1312
2056 1793
2601 16
2060 1058
2145 532
2052 1026
3592 369
2361 1024
3406 673
3592 64
3584 146
2224 395
2049 256
3590 136
2072 616
2138 1413
2708 64
2561 1202
3234 853
2147 796
2448 1028
3076 608
3604 521
2114 132
2080 1728
2576 1093
3456 45
3159 16
2305 232
2258 32
3072 21
2050 96
2324 1634
2313 1248
3096 354
3656 182
2114 1797
3872 0
2384 1156
3504 578
2048 642
2052 760
2640 424
3026 5
3138 137
2064 524
2312 1029
2226 513
2529 8
3595 4
3331 64
2308 248
2064 44
2321 1704
2048 519
3376 517
2754 1048
2065 388
3328 172
2948 95
3219 772
2570 1088
2073 34
3648 7
2368 159
2138 288
2320 14
3592 1
2825 690
3075 224
3617 210
2538 5
2624 1313
2066 489
2433 64
2825 1024
3980 16
2049 536
2592 1096
2470 1536
2092 403
2054 264
3372 986
3592 0
3458 16
3715 45
2126 288
2048 1062
2444 97
2816 1032
2050 793
2113 1024
3153 804
2576 269
2113 1846
2049 36
2584 329
2080 576
3460 1056
2065 384
3115 912
2273 774
3105 322
2560 64
2184 36
2176 785
2577 129
3876 339
2692 32
2714 96
2848 7
3144 784
2056 1826
2080 1600
2239 256
2222 1345
2080 1863
3145 308
2052 880
2906 1157
3268 40
2531 1664
2120 3
2568 3
3773 6
2560 3
2217 1088
2704 40
3202 560
2169 2
2162 677
3584 257
2657 1164
2344 134
2448 36
2564 130
2066 257
2118 137
2240 1797
2051 1372
2515 0
3072 608
2088 256
2049 14
2144 1038
2578 292
3154 256
3224 768
3552 270
3344 131
2380 33
3522 4
2050 585
2760 56
2565 48
2570 1280
2314 20
2060 337
2137 640
3076 42
3144 531
2128 936
2689 1044
2617 67
3148 512
2146 772
2676 1
2113 264
3712 280
3153 0
2089 1280
2816 145
2329 6
2390 1088
2314 1024
2578 69
3128 640
2788 1290
2128 1570
3600 232
2438 553
2696 34
3152 3
2388 1061
3185 386
2592 1060
3220 106
3594 436
2304 1036
2056 1386
2664 391
2256 1568
2080 1048
2844 1088
3138 265
2697 1136
2560 66
2576 37
2656 394
2593 4
3376 714
3363 656
3921 6
3240 4
3088 520
2088 832
3595 276
2347 1028
2305 1610
2057 896
2361 1094
2305 712
2124 272
3267 32
3104 532
2054 1225
2200 1856
2056 1603
3588 384
3872 1216
3074 844
3088 38
2326 9
2706 1028
3090 105
2864 202
2304 1089
3121 452
3136 262
2095 336
3075 828
2306 217
3136 0
3648 1432
2051 1024
2180 1089
2182 1848
3482 32
3297 12
2064 69
3203 280
2888 20
2053 1848
3128 260
2056 1729
2100 456
3080 54
2305 552
2437 1608
2826 1170
2437 0
2081 1026
2273 1032
3379 832
2340 523
2370 1552
2182 0
3136 10
2114 897
3203 40
3806 256
2185 576
2066 396
3681 0
2144 1036
2320 1067
2308 57
2320 37
3201 124
3461 336
3328 224
2120 276
2080 151
2320 546
3101 96
2569 276
3864 96
2163 1032
2053 784
2562 449
2053 338
2640 40
2312 83
2081 542
2082 921
3072 1171
2340 592
3128 5
2113 384
2232 1028
3587 120
2628 2
2198 1568
3625 134
2445 1088
2901 0
2826 148
3140 18
2052 1
3072 469
3869 194
2080 324
2588 34
2896 166
2305 770
2129 256
2470 1091
2613 1024
3236 578
2321 1227
3344 193
3667 0
2189 1138
2817 72
2128 1288
2100 1345
2614 9
2568 131
2337 20
3617 145
3382 520
3136 702
2586 320
2305 146
3841 136
3088 404
3136 48
3075 780
2596 25
2568 1153
2220 1346
2070 1480
3218 265
2612 138
2065 804
3169 16
2337 666
2561 1098
2112 16
2306 520
2176 360
2449 64
2308 522
3285 258
3584 108
2152 128
3288 512
2054 264
2850 217
3104 640
2176 813
2116 897
3648 128
3488 17
2048 1582
2562 173
3200 364
2052 577
2050 584
2048 529
2310 129
3085 130
2054 1384
2086 520
3349 160
2093 1538
2111 1664
2097 202
2564 137
2610 384
2372 201
3088 460
3086 417
3460 0
2049 270
3721 84
2262 32
2304 1129
2052 576
2048 217
2505 2
2560 130
2240 1043
3360 602
2217 512
2224 331
2200 5
3360 726
3217 12
2192 1632
3712 307
2080 384
2184 1122
3520 36
2049 386
2342 512
2048 276
2576 129
2121 20
2673 134
3702 1
2050 1601
2088 256
2521 1028
2849 1088
2069 400
3065 0
2081 1930
3176 274
2214 576
2116 1800
2818 21
2202 517
3360 9
2221 1876
2059 1920
2568 455
2312 610
2186 1
3680 18
2152 257
3658 128
2304 40
3082 609
2341 1152
3405 0
3173 272
2085 1408
2425 3
2114 272
2134 1441
2064 1380
2833 1062
2345 1090
2066 20
3281 512
2225 256
2333 1664
2208 1032
2448 519
2066 557
2608 137
2128 35
2184 67
3138 680
2768 3
2184 354
3188 521
2304 558
2184 790
2624 1330
3018 37
2050 1537
3232 578
3593 36
2418 173
3456 630
3976 626
2212 520
2304 554
2064 634
2496 1037
2055 576
3136 390
3620 152
2852 1152
3304 256
2201 770
2356 1674
2347 1156
3593 308
2819 128
3146 128
2100 1291
2220 320
2755 0
2048 584
3330 69
2124 433
2176 538
2051 1416
2208 1810
2112 1034
3073 28
3136 2
2384 130
3088 1
2820 147
3009 12
2606 450
3532 4
2444 546
2188 1890
3648 388
2832 1546
3616 76
3072 640
3072 962
2645 384
2212 1032
3169 256
2393 1168
2882 1168
2064 640
2304 1602
3186 396
3188 130
3221 522
3072 814
2048 1824
2250 530
2248 519
2828 3
2571 1224
2118 537
3596 81
2600 1473
2643 436
2475 1540
2053 66
2844 65
2184 336
2096 512
3200 273
2240 543
2755 1076
3484 32
2817 152
2432 1585
2629 162
2634 161
3649 1314
3651 256
3585 226
3086 449
2816 238
2515 512
2060 1042
3298 16
3264 1797
3073 330
3336 608
3083 244
3142 536
2322 0
2068 1355
3269 528
2304 1608
2065 1354
2621 0
2080 605
2560 1088
2841 1092
2368 61
2725 1296
2177 84
2114 804
2822 168
2880 1158
2306 40
2069 1056
3588 242
2630 128
2050 1560
2280 1044
2657 1408
2596 82
3078 257
2314 224
2369 144
2608 142
3716 322
2688 291
2164 1289
2272 1542
2337 1664
2581 1280
2262 41
3972 89
2438 1729
3472 67
2578 260
2305 80
2818 1089
2584 672
2667 1664
2160 11
2098 1092
3127 8
2072 1376
3060 1025
2228 587
2060 544
3585 424
2547 1088
2264 293
3334 65
2161 1732
3138 565
2578 232
2883 17
3091 812
2052 1057
3272 770
2081 540
2344 70
2368 158
3254 512
2060 112
2563 320
3752 18
2644 1
2114 1328
3604 264
2332 1123
2090 341
3425 1560
2216 1043
3018 176
2372 0
3624 130
2092 192
2253 1328
3380 201
3116 401
2130 817
2337 1152
2112 32
2740 1090
2676 1418
2657 290
2311 0
3606 577
2816 261
2114 1817
2162 544
3969 96
2193 326
2752 1055
2309 202
2703 1088
3102 64
2098 512
2960 40
2320 13
3074 260
3676 0
2560 1092
2222 1616
2866 128
2112 8
2112 384
2120 256
2696 363
3077 82
2788 1306
3652 163
2065 1888
2056 1586
2330 132
2148 1795
2082 1217
3168 912
2190 1313
3140 56
2180 1
3698 388
3584 34
2059 464
2610 777
2331 224
2209 66
3162 0
2579 288
2233 1026
3590 113
2048 518
2312 1216
3590 264
3170 129
2068 426
3209 96
2312 514
2560 1492
2162 896
2986 4
2057 1300
2588 97
2124 544
2627 401
2056 4
2624 1168
2048 1026
2592 1226
2050 844
2327 640
2176 96
3106 81
3010 0
2388 1539
2830 1153
3714 221
2884 145
2728 20
2735 64
2962 1096
3396 520
2305 18
2432 58
2704 76
3200 76
3210 4
2152 1713
2052 1123
3648 425
2772 33
2065 1378
3306 788
2602 1028
2400 18
3841 160
2058 433
2181 1888
2564 88
2705 1066
2570 16
2724 1105
2276 1051
3946 21
3249 1100
2565 360
2209 574
2564 1496
2417 650
2973 1282
2106 64
2577 136
3456 0
3120 520
2177 48
3081 850
2128 1676
2384 1067
2150 1153
2313 1600
3714 20
2144 131
2282 0
2326 705
2048 1582
2057 992
2774 300
2650 0
2567 1024
3104 258
3211 544
2376 512
3116 2
2105 194
2829 64
2577 1127
2052 545
2368 530
3090 200
2112 1064
2176 2
2159 0
2624 1024
3924 161
2856 82
3076 458
3105 260
2656 1292
3328 99
2065 1026
2571 388
2304 608
2130 512
3394 1553
2452 1097
3466 192
2048 1828
2240 282
2560 271
2512 41
3630 144
2074 1056
3172 145
2112 179
2048 1043
2114 1161
2502 512
2130 268
2082 537
2446 65
3425 666
2212 1352
2052 1130
3586 48
2072 1894
2544 16
2052 1162
3360 113
2752 8
2912 0
3082 164
2048 1281
2240 789
2178 48
2336 1615
2833 1250
3650 268
2766 1024
2076 1728
2320 1666
2116 32
3480 518
2089 1924
2616 67
2850 29
3081 384
2056 786
2120 1920
3328 161
3136 897
3127 768
2378 7
2176 1049
3104 644
2048 34
2105 964
2086 1048
2123 1024
3072 729
2743 768
2337 528
2570 51
2192 619
2874 192
2081 1408
3277 560
2048 178
2817 100
2048 68
2048 1552
2065 4
2088 1943
2112 6
2048 41
2062 0
2072 7
3330 29
2961 4
2179 872
3139 84
2096 398
3748 256
3112 145
2384 551
3106 528
3659 132
2182 320
3084 387
2696 1043
2337 710
2526 1056
2505 36
2760 1348
2344 1601
2581 1352
2249 772
2645 32
2311 128
2464 0
2176 1033
3720 1296
2628 17
2883 1208
2128 526
2576 97
2573 130
2048 395
2722 1032
2602 1024
2826 1045
2642 1025
2336 77
3072 716
2568 146
2444 1376
3400 6
2064 1216
2456 50
2123 180
3096 839
2048 317
2582 96
3072 173
2307 1124
2244 1026
2976 2
2083 516
2659 16
3620 25
2048 1537
2061 178
3586 17
3328 706
3088 38
3094 393
2112 288
2058 1184
2436 1056
3428 514
2821 1168
3726 49
2121 1044
3189 514
3136 518
3082 709
2050 144
2241 1
3460 40
2260 1793
2851 1088
2344 135
2587 1200
2114 8
2380 0
3105 24
2057 48
3076 408
2180 536
2328 1633
3092 170
3096 771
2353 136
2080 138
2240 1049
2145 7
2064 544
3144 642
3089 256
3232 841
2324 611
2463 1536
3079 288
2157 1282
2176 105
3078 49
2191 800
2056 661
3072 392
3072 230
2873 128
2112 1068
2233 836
2049 1248
3072 466
3552 21
2176 1024
2112 46
2112 1210
2051 1320
2117 1696
3341 0
2131 520
3280 546
2084 256
3394 20
2561 7
2496 1594
3292 770
3075 200
3143 896
2832 134
2337 8
3217 780
2564 1091
3360 8
2564 307
2324 1033
2068 544
2568 200
2730 65
2057 1600
3165 418
2212 1298
2164 1
2115 1068
2082 392
2096 611
3747 280
2208 1816
2919 8
3387 192
2193 258
3082 325
2577 1216
2240 1073
2049 1212
2822 136
2048 1861
3233 4
2085 1246
2240 1284
3169 642
3011 132
2054 491
2101 1920
2051 1728
2576 1443
2563 10
2093 594
3151 128
2496 0
3106 648
3393 22
2376 128
2053 12
2177 2
3619 84
2196 109
2320 1573
2928 10
2113 32
2312 1091
3104 152
2337 1558
2064 1451
2120 1424
3410 641
2467 1050
2191 336
2128 13
3553 515
3628 450
2594 130
3600 416
3105 514
2587 196
2048 460
2220 67
2124 163
2160 520
3107 336
2174 1536
3105 795
2144 1920
3712 353
2613 161
2576 5
2208 1026
2327 608
2145 1158
2359 1536
2312 202
2496 50
2564 1090
2182 864
3328 64
2305 208
2576 463
2112 681
2048 547
2849 192
2306 564
2448 1024
2241 1048
3590 48
2336 1688
2572 1280
2692 1578
3585 384
2840 4
2848 204
3088 513
3590 288
2944 1084
2276 0
2121 1
2081 0
2374 1181
2065 623
3590 160
3332 536
2172 640
2583 32
2242 1
2052 1
2277 282
3589 104
2204 579
2192 809
3078 337
2060 1153
2208 84
3402 129
2176 66
3221 98
3592 6
2052 411
3656 35
3168 218
3468 5
2048 1330
2260 1352
2891 4
2113 0
2576 1452
3730 97
3145 672
2176 1325
2440 1536
2090 784
3332 128
3920 0
3137 406
2058 149
3714 273
2117 1024
2048 854
2320 1222
2114 1
2252 1024
2305 652
2128 1956
2184 512
2256 526
2051 64
3072 572
2112 1286
3380 203
3075 580
2065 264
2610 64
3088 579
3272 17
2178 1109
2050 1184
2720 320
2742 10
2982 1088
2630 257
2061 1328
3204 794
3072 530
2565 256
2184 597
2670 1168
2308 377
2560 1098
2309 88
2130 1572
2181 274
2464 1026
2049 1304
2050 353
3200 287
2049 1042
2176 514
2081 392
2609 264
3104 849
2370 1673
2952 0
2240 1834
3078 0
3141 40
2442 16
2632 20
3428 144
2209 840
2181 1632
2241 54
3584 1324
2833 1184
2192 1318
2386 161
2097 290
3908 10
2176 1914
2881 1084
2594 1696
2050 1928
2304 1084
2632 272
2052 524
2210 529
2938 64
2368 640
2584 1349
2192 935
3122 780
2130 136
2569 454
2065 1572
2086 1409
2048 746
2152 279
2136 544
2306 1168
2340 531
2595 1032
2180 1074
2126 160
2056 1537
2920 1180
3072 688
2194 300
2328 513
2176 280
3136 34
2594 72
3648 50
2439 1032
2260 514
3714 76
2304 593
3201 276
2112 1562
3154 520
2128 44
2124 32
2112 1280
2816 96
2517 1608
2048 1232
2068 1570
2752 14
2700 1330
2373 682
2195 1544
2049 1042
2128 1812
3090 993
2826 196
2665 464
3148 640
2628 313
3139 444
2544 512
2066 1280
2080 1
2256 1828
3748 282
2120 516
3168 29
3860 1056
3337 1762
2464 16
3088 576
2115 164
2048 3
2112 16
2081 292
3088 70
2179 328
2080 1408
3352 647
2240 16
2576 259
2602 256
3089 548
2158 1280
3272 55
3573 0
2640 1409
3593 160
2624 166
2877 130
2560 259
2704 14
2548 523
2753 4
3272 20
3609 68
2312 1328
3608 38
3866 67
3737 34
2132 256
3842 68
3080 181
2132 768
2305 32
3044 1024
3089 948
3459 64
2944 38
2594 332
3330 704
2052 273
2820 147
2190 40
2177 264
2049 202
2064 98
2146 128
2305 1708
3502 80
2054 513
2113 54
2537 1536
2880 10
2582 1056
2211 256
2573 1282
2403 668
2056 128
3310 256
2496 1545
2100 202
2504 1555
2188 514
2048 1454
2049 1410
2561 1024
2106 69
3088 391
2054 1617
2368 48
3141 1424
2752 22
2048 129
2168 1281
2082 333
2080 5
3584 258
2288 1794
2560 1024
2564 100
2403 512
2244 266
2072 420
3172 1945
2057 960
3336 48
2845 1056
3202 618
2438 17
2568 597
3729 68
2144 21
3112 771
2849 1026
3456 545
2081 332
2600 7
3072 89
2437 112
3492 72
3712 52
2310 1024
2101 1098
2161 1034
2466 528
2182 552
2336 1626
2448 71
3100 674
2081 76
2088 18
2820 75
2064 3
2214 776
2640 256
2657 64
2216 849
2309 192
2695 1312
2704 8
2177 86
2414 1040
2596 321
2370 1036
3328 153
2224 1603
2122 293
2128 396
3072 610
2059 720
3203 520
2056 354
2504 544
2369 520
2176 1296
3618 261
2638 49
2338 29
2624 265
3365 16
2304 512
3201 800
2086 80
2080 985
3730 13
2256 896
3584 176
2592 1430
3347 548
2086 8
3780 8
3600 294
3240 70
2627 532
2472 625
2434 1545
3368 215
2129 1440
2245 770
2132 161
2181 82
2049 1460
2242 1799
2048 1060
2150 1689
3120 95
2689 1134
2085 1474
3090 712
2127 1
2060 560
2844 64
2232 256
2122 1413
2050 512
2304 169
2100 259
2048 1415
2116 1569
3480 1
2485 1602
3586 212
3076 320
3585 108
2088 512
3270 264
3232 787
3140 898
2443 516
3884 21
2180 323
2048 5
2106 1249
2050 353
2051 76
2467 1032
2058 49
3074 161
2336 1233
2576 1026
3612 322
2088 337
2114 1921
4000 581
2752 23
2240 776
2864 201
3072 716
2048 1627
2402 660
2628 16
3584 61
2950 1073
2064 256
2104 1667
3353 672
3480 515
2626 1048
2420 1032
2337 1556
2081 770
3154 937
2336 86
2305 1028
2055 456
2178 101
3078 712
2049 480
2072 1664
3489 538
2120 1536
2464 0
2057 182
3154 577
2049 32
3072 48
2532 513
2052 578
2048 10
2084 512
2048 195
2881 0
2321 1090
2700 468
2544 514
2354 71
2216 21
3101 256
2053 1610
2048 1111
2287 400
3089 836
2400 1564
2520 160
2057 1052
3461 322
2312 675
2384 512
2209 342
2944 1026
2050 329
3096 172
2306 1240
2056 321
2624 146
3457 52
2453 8
2604 0
2339 66
2324 1024
2119 896
2568 1445
2518 1544
2369 144
2313 1024
2081 1156
2560 150
2090 532
2625 1184
2242 1060
2065 166
2163 394
2197 1568
2945 28
3072 426
2630 1056
3147 0
2056 688
2456 551
2176 540
3072 268
2048 140
2341 146
2070 0
3360 75
2561 1138
2059 1124
2617 1158
3238 512
2090 704
2380 1073
2249 0
2052 465
2049 1296
3597 0
2331 548
2109 256
2058 1092
2064 328
2085 794
3398 544
3209 38
3776 9
2122 256
2432 1540
2177 1856
2704 67
3072 771
2832 109
2306 232
2993 1028
2100 65
2050 304
2978 1036
3232 0
2325 642
3208 273
2314 1589
2088 1092
3140 826
3584 242
2304 1790
2196 0
2589 226
2070 768
2518 1025
3336 736
2082 465
2368 1152
2856 2
3584 496
2152 274
2048 356
2468 10
2274 1280
3112 69
2080 977
3331 576
2785 1040
2243 812
3600 192
3910 45
2161 30
2066 264
3508 584
2843 1088
2322 1024
2130 776
2051 68
2673 1420
3170 408
2504 1026
2565 160
2234 1792
2130 1161
3376 648
2245 1280
3216 300
2089 1554
2334 32
2062 1472
3372 81
2055 24
2209 576
2180 73
3297 774
4006 1040
2248 34
2712 1026
3098 608
2176 270
2308 704
3125 256
3668 1
2474 1045
3144 564
2852 1168
3664 41
2083 1036
2064 109
2497 56
2064 1570
2688 1024
3144 37
2706 1068
2192 281
2056 948
2052 1384
2612 64
2432 25
2178 785
2637 18
2882 1153
2230 290
3136 786
2856 99
2082 141
2576 1294
2216 1292
2313 1656
2689 36
2379 128
2432 533
3616 20
2525 1024
2352 579
2560 1219
2692 1089
2073 1670
2570 0
2049 960
2104 1155
2562 288
2566 256
2562 17
2054 1056
2088 80
3664 46
3186 780
2062 1280
3120 588
2178 224
2601 66
2056 1281
2640 300
2304 1577
2479 96
2853 240
2624 417
2088 705
2368 1568
3328 571
2309 24
2115 544
2081 1506
3104 567
2080 515
2666 5
2565 328
3201 68
2138 672
2632 402
2560 28
2306 65
3846 225
2057 64
3092 168
2444 67
3081 816
3296 9
2560 1510
2048 1050
3045 24
3494 513
3202 585
2272 1309
2129 392
3328 175
2584 64
3208 6
2563 1028
3365 594
2081 786
2580 321
2141 514
2101 194
3968 16
2067 1676
3077 256
2176 70
2624 1610
2596 1217
2151 136
2880 1073
2048 789
2698 82
3152 0
2336 512
2234 68
2582 1033
2258 1834
3152 774
2048 258
3170 396
2080 24
3715 260
2105 1028
2080 1090
2816 33
2626 1312
2056 32
2088 529
2194 261
3876 129
2136 34
2049 340
2369 552
2049 258
2052 256
2113 1064
2088 165
2753 296
3073 12
2689 268
3156 768
2636 288
2048 1988
2305 1122
2048 469
2240 547
2084 1032
3113 580
2360 66
2193 330
3235 528
2506 530
2249 1590
2074 1152
2710 1024
2112 1163
2633 180
2144 520
2088 385
2888 8
3688 274
2570 1025
2688 1321
2804 256
3076 521
2194 44
2208 1028
2624 1048
2081 1544
2334 520
2561 272
2468 10
3624 337
3275 276
2080 2
2571 1428
2521 544
2055 256
2048 586
2304 432
2064 163
2072 1282
3394 129
3142 41
2064 296
2116 1201
2548 514
2321 1160
3201 4
2560 1475
2570 1280
2756 273
2689 64
3140 538
3456 32
2050 268
2076 2
3302 24
2114 61
3588 136
2496 1039
2852 16
3495 528
3085 320
2177 576
2051 384
2441 66
3137 1188
2177 70
2219 1560
2052 314
3521 0
2754 396
3584 336
2626 45
2483 1026
2320 1538
3590 362
2048 1328
2116 923
2308 707
2344 258
2880 1024
2048 514
2368 0
2048 145
2896 136
2576 0
2329 1026
2312 1045
3340 529
3080 272
2564 1170
2182 1624
2135 1792
2054 1056
2576 1200
2594 1672
2560 419
2137 2
3344 643
3072 354
2058 1024
2057 179
2065 68
3168 396
2561 2
2074 1184
2328 35
2048 1356
3330 65
3200 555
3168 284
2589 354
2176 0
2315 1553
3658 401
2120 417
2176 1096
2522 1076
2050 153
2433 1050
2632 129
3584 340
2166 136
2080 1865
3728 360
2643 420
2056 421
2053 794
2180 1352
3364 584
2373 1544
2274 794
2072 1282
2116 181
2184 71
3073 704
2064 98
2177 544
3138 641
2592 1036
3086 1392
3168 528
2053 416
2500 1538
2048 163
3584 331
2095 384
2640 1154
2320 12
2432 8
2340 1600
2181 32
2634 1329
2593 274
2410 1025
3072 1012
2306 1160
2084 66
2466 1024
2592 1024
2865 1032
2307 32
2548 1538
3079 72
3084 169
3586 65
2068 1570
3139 172
2859 148
3592 21
2522 2
2058 164
2052 880
3103 768
3458 92
2048 244
2063 968
2048 596
2062 144
2574 384
2072 418
2144 1283
3082 512
2787 2
2065 1936
2342 1169
2757 1024
2310 648
2272 513
3587 296
3613 256
3292 2
2048 29
3954 128
2372 27
2050 260
3072 432
2565 16
2176 336
2735 64
2048 707
2433 512
2436 99
2200 1030
2178 817
3072 502
2066 772
2564 10
3344 6
3107 68
2304 1031
2624 1152
3076 152
2900 2
2121 272
2058 1376
3072 400
2321 540
2064 359
2561 78
2090 848
2189 626
2609 328
2112 40
2561 196
3532 512
2049 834
2256 1034
3725 354
2048 1701
3536 294
2084 401
2326 1033
2448 580
2049 632
3716 19
2197 1890
2173 1792
2848 202
3273 288
2260 43
2070 576
2613 450
3457 22
3208 0
2608 198
2328 39
3904 295
3136 399
2964 1027
3595 260
2304 80
3088 590
2180 2
2112 682
2193 1024
2370 1157
2066 1152
2407 528
2596 16
2339 604
3082 821
2881 1168
2072 578
2092 1108
3160 517
2145 272
2356 672
2592 151
2052 1617
2378 132
3073 4
2273 1536
2376 128
2376 261
2131 288
2067 40
2540 1538
3395 52
3490 536
2178 312
3652 256
2488 64
2288 3
2204 320
4004 74
2308 137
2561 4
2065 1732
3584 325
3101 98
2634 433
2109 1672
2614 392
2049 288
2368 526
2129 1056
3340 176
3232 518
3459 0
2056 116
3585 296
2112 1055
3333 66
2950 16
2562 68
2086 400
2448 68
3520 268
2708 1090
2642 8
2432 53
2610 68
2865 1152
3138 1300
2314 145
3616 90
2087 448
3456 197
2050 913
2073 1792
2118 533
3648 138
2561 162
3233 640
3658 128
2564 280
3619 388
2634 1460
2249 1027
2522 0
2048 240
2944 8
3347 524
2052 1792
2763 1540
2570 0
2264 800
2050 773
2308 456
3392 128
2241 272
2688 1322
3148 128
2188 80
2076 259
2049 220
2134 288
3404 0
2443 1560
3148 786
2308 1249
2048 579
2629 272
3456 72
2506 516
2104 385
3136 160
2112 664
3072 6
2180 100
2074 1668
2322 1865
3744 2
3083 324
2100 1153
2374 50
2304 138
2188 1296
2113 560
3872 325
2432 3
2048 106
2628 41
2948 2
2056 64
2073 98
2217 576
2187 1264
2056 1414
3145 1556
2096 1408
2322 653
3264 4
2048 832
2273 0
2580 3
2120 1027
2128 35
3384 133
2700 1041
2068 448
2142 1664
3392 49
2329 1024
2180 312
2408 4
2359 1152
2850 577
3076 8
2433 552
2052 1505
2053 136
3153 288
2292 8
2304 649
2112 1076
3460 18
2585 64
2114 1308
2224 1032
3695 16
2081 1190
2192 96
2476 514
2402 73
2052 666
3728 79
3845 32
2064 41
3588 130
2073 512
2400 522
2138 0
2062 832
2586 129
2376 1024
2048 1186
2088 528
2116 3
2352 1028
2664 1156
2049 1562
3664 128
3225 4
3200 569
2180 1040
3241 20
2048 1749
2859 80
2071 1544
2100 256
2102 1160
6240 5263
7049 4096
7552 4129
6148 4688
7329 4108
7470 4112
7176 4372
6144 5184
6256 4097
7170 4748
6145 4162
6161 4256
6345 4128
7040 4098
6178 4684
7333 5192
6240 5252
6144 5259
6272 5653
6316 5187
6403 5752
7811 4500
6656 4500
6176 4173
7912 4109
7196 5089
6144 4857
6276 5449
6864 5377
6160 4546
6146 6096
6149 5090
6192 4228
8008 4144
7750 4376
6476 5793
6528 4164
8035 4224
6530 5401
6740 5376
7260 4402
6944 5191
6222 5632
6467 4124
7970 4289
6152 4130
6495 5664
7156 5130
6164 4416
6210 4516
6144 4170
7148 4112
7168 4871
6823 4120
464 7170
16 6851
256 6795
64 6272
1350 6152
354 6784
76 7297
68 7178
1057 6162
49 7690
228 8016
912 6148
419 7696
1184 6145
130 7205
146 6673
32 6488
29 6178
457 6688
308 7168
1281 6256
790 6760
2 6152
1582 6593
114 6145
2 6496
768 7256
8 7188
513 6556
546 6549
1045 6346
66 6664
153 7424
0 6412
140 6176
1178 6404
132 6243
1093 6168
1060 6729
438 7240
512 6184
8 6162
768 6230
640 6436
258 7201
38 6592
1025 6848
150 7176
0 6466
563 7242
48 6209
105 6408
448 7682
161 6662
41 6962
264 6656
1696 6170
1285 6864
1637 6272
364 6224
1568 6452
513 7420
266 6352
325 7298
577 7432
534 6401
180 6984
838 6315
1032 6176
275 6184
1160 6692
227 6160
1189 6272
192 6952
337 6656
512 6643
289 7752
456 6144
1130 6401
21 6530
268 6435
1034 7845
514 6208
66 6792
260 6273
480 6163
512 6284
1824 6148
1024 6668
579 6528
177 6464
260 6721
576 6196
605 6530
69 6144
1671 6152
1048 6721
329 6180
1024 6957
40 6418
33 7258
264 6901
1665 6548
1058 6747
3 6388
1568 6147
1034 6913
1719 6409
98 6437
577 6328
1032 6912
79 6432
0 8143
1099 6944
28 6147
609 7304
8 7252
1284 6154
409 7236
102 6793
1051 6400
1936 6213
50 6468
76 6150
1664 6168
1167 6144
840 6421
32 7558
530 6404
537 6274
1584 6148
870 7312
496 7686
1664 7201
392 7728
4 6400
1 6388
13 6336
1128 6658
6 6153
128 6465
265 7248
68 6816
195 6144
804 7304
1155 6656
161 6216
1312 6657
530 6241
1028 6785
273 6828
1152 7014
641 6522
289 7744
1920 6153
592 6309
704 7205
1936 6184
548 7232
1578 6144
22 7168
4 7128
194 6915
588 6147
1922 6144
56 6144
37 6800
1032 6501
280 6758
1168 6659
1056 6605
530 6605
512 6205
546 7169
387 6664
690 7176
1025 6248
1092 7041
1041 7106
138 7937
576 7179
42 6928
1060 6211
584 6946
0 7456
66 6577
41 7106
256 6215
213 6184
258 6897
57 6144
64 8076
1028 6273
704 7222
170 7248
17 6798
397 6752
575 6272
14 6785
1538 6576
142 6176
686 7174
1550 6184
1036 7746
546 6344
65 6420
1077 6656
1152 6209
714 6196
18 7201
204 6240
12 6626
64 6191
1561 6402
540 7554
138 6688
4 7587
1892 6162
20 7744
1282 6712
832 6145
1154 6401
76 8099
1544 6418
516 6624
524 6624
524 6469
128 6257
582 6288
0 7772
0 6345
512 7168
2 7220
4 6170
1152 6697
528 6862
644 6171
578 6168
136 6403
129 6720
244 6154
1185 6747
1608 6246
613 7434
384 6763
528 7628
260 6794
67 7432
9 6148
256 6150
5 6384
536 7521
1222 6189
0 7484
2 6352
368 6273
305 7694
1152 6262
528 7267
1429 6176
0 7321
36 7123
658 6436
522 6182
64 6159
2 6696
1137 7104
176 6146
1254 6401
322 6921
1156 6688
136 7188
132 7969
67 6968
1026 6929
676 7192
40 6596
2 6360
519 6408
69 6320
1236 6144
512 7279
1225 6790
23 7592
1536 6521
138 6432
128 6145
1025 7014
514 7336
648 7457
1024 7112
1076 6272
8 7814
1040 6944
560 7553
129 6146
1860 6528
256 6817
353 7186
514 6205
24 7138
1025 6988
785 6272
0 7128
1064 6403
1640 6405
52 7297
369 6792
587 7556
65 6458
305 6280
294 6800
1088 6685
66 7601
230 6672
80 6667
1093 7080
14 7481
0 6678
260 7235
352 6676
19 7848
80 6177
195 6668
17 6720
265 7808
21 7234
1218 6172
17 6244
259 7292
1275 6180
17 7208
37 7234
544 6346
257 6162
406 6688
293 6728
1760 6155
12 6274
562 7305
288 6302
74 6788
597 6312
1215 6656
1156 7009
325 6204
1292 6172
1025 6836
432 6145
1088 6406
1026 6417
1616 6158
48 6158
340 6795
1352 6807
165 6658
389 6696
35 6228
34 6479
0 7635
35 7324
1604 6171
1216 6158
81 7174
4 6826
669 7426
480 6164
157 6496
545 6170
490 7169
640 7174
222 7681
528 7141
1568 6272
65 7938
1312 6750
66 6785
1026 6144
1408 6164
212 6752
528 6180
256 6656
593 7168
1412 6233
1158 6968
128 7017
32 6808
12 7024
1306 6148
16 7630
1158 7192
192 7425
561 6402
540 7201
568 7429
54 7940
800 7168
1121 6790
309 6154
1024 6160
160 6748
3 7300
291 6852
64 7472
520 7185
264 7686
512 6529
514 6640
20 6729
48 7174
1048 7076
8 6243
44 6672
289 6290
36 6346
416 7174
336 7744
193 6918
512 6193
865 6296
544 6495
0 7448
1538 6160
0 7105
1095 6792
34 6169
0 7432
16 6282
400 6252
24 6529
516 7176
193 6422
339 6316
1280 6222
262 7688
0 6916
1473 6180
198 6169
1542 6384
5 7154
162 6488
1640 6165
1056 6748
1344 6161
1264 6658
128 6696
1418 6661
788 6313
3 6408
402 6734
1056 6349
1280 6268
668 7169
1088 6436
208 6660
1043 6284
1928 6246
394 6212
1035 6256
0 6465
1869 6192
1289 6358
324 6160
275 7264
136 6672
1 6866
320 7694
256 6300
512 7532
130 8032
32 6162
296 6277
1076 6850
1025 6764
70 7712
1 7536
1636 6149
48 6597
6 6673
784 6148
322 6144
108 6408
344 6663
1577 6144
1410 6473
68 7074
35 8020
930 7172
1188 6216
1601 6164
1168 6337
1474 6148
148 6240
20 6571
1557 6242
57 7748
1124 6145
128 6220
1026 6685
256 7812
87 7848
8 6980
137 6230
1567 6272
1072 6664
16 7304
1028 6329
8 7328
128 6181
1024 6724
52 7040
544 6404
1345 6274
578 7304
1028 6865
414 7684
1056 6152
1153 6952
1288 6756
292 7816
224 6154
334 6273
1024 6763
268 6145
1096 6182
70 7172
512 6378
1169 6400
1632 6534
1156 6242
1089 6310
580 7570
800 7239
69 6402
129 7982
0 7785
18 7584
529 7174
292 7376
1 7830
136 6214
1 7938
545 7240
322 6201
1282 6584
545 6144
5 6864
820 6249
885 6152
68 7842
262 6784
144 6657
526 6176
208 6921
1344 6809
192 6184
1220 6144
272 6280
0 6664
528 6534
169 7430
324 7704
1410 6208
836 6289
270 6160
90 7812
20 6153
1608 6561
514 6281
0 7620
325 6280
1356 6144
20 7522
956 6145
1128 6161
326 6145
772 6192
12 6176
1028 6786
704 7432
192 7994
515 7424
1204 6218
1024 6661
1416 6663
1377 6656
1962 6225
0 6487
898 7272
69 7554
1283 6208
129 7170
18 6400
72 6528
21 6210
33 6146
1355 6416
601 7776
546 6341
1048 6784
1348 6144
804 6169
0 6409
590 7585
1040 6529
816 6216
1156 6912
792 6180
273 6156
171 6192
4 7323
1240 6178
296 6165
522 6464
841 6148
1185 6684
801 6214
144 6976
336 7812
513 7612
1828 6233
124 7424
2 6944
282 6672
322 6297
1673 6146
256 6402
1286 6305
4 6403
619 7300
496 6149
292 7704
135 6256
672 6167
783 7168
576 6327
64 7042
1 6230
241 6912
1624 6178
938 6145
570 7488
1348 6272
170 6929
1792 6305
68 6177
520 7266
9 6546
672 7189
528 6220
640 7212
1 7874
522 7525
72 6177
11 7936
1154 6196
1632 6157
584 6144
224 7168
792 6241
270 6224
128 7958
512 7201
130 6176
4 7488
1024 6464
450 7173
64 6152
45 8018
1085 6278
260 6277
1024 8012
1664 6404
642 6156
1738 6176
385 6662
176 6666
12 7571
284 7713
818 6208
81 6276
521 6338
1153 6148
864 6149
4 7258
128 6401
564 6472
776 7282
12 7328
1096 7095
280 7168
118 6272
514 6145
322 7209
272 6336
1860 6144
256 7891
901 7320
673 6153
544 7623
1924 6170
192 6664
595 6184
1056 6155
518 6529
1156 6752
1044 6336
325 6312
13 7648
160 7948
165 6664
130 6661
1024 6618
596 7169
576 7211
1300 6155
256 7715
16 7180
1505 6168
164 6144
147 6756
768 6344
97 6792
512 6352
708 7346
332 6321
20 6368
640 7206
1793 6208
115 7172
172 7760
160 6415
42 6420
290 6232
0 6452
915 6176
1120 6660
1108 6531
16 6667
677 7184
4 7352
1 7600
8 7266
80 7200
1035 6660
260 7331
281 6306
6 6280
596 7177
809 6164
368 7169
1141 7050
1280 6704
1577 6226
1024 6211
532 7624
1554 6281
136 6659
21 6152
558 6145
32 6789
19 6444
67 7452
297 6352
707 6200
1840 6188
1192 6210
512 6571
1 6656
900 7184
256 6169
1221 6664
266 6337
80 6688
84 7688
1609 6418
26 6625
2 6713
656 6213
128 7176
1034 6688
1122 6686
1714 6401
256 7728
1089 6300
1128 6657
34 6874
130 6169
469 7692
1048 6950
424 7232
1973 6216
67 6676
96 6169
18 7180
592 7296
1286 6840
5 6160
73 7392
21 7968
1825 7370
192 6672
892 7170
267 6260
329 6182
1848 6336
439 6657
138 7200
450 7177
8 7188
57 7556
2 7560
804 6144
68 7827
168 6721
608 7438
192 7968
288 6158
64 6196
1536 6435
73 7808
112 6656
836 6194
0 7195
134 7504
1024 6410
782 7233
1505 6668
1029 6932
68 6816
404 6249
518 6648
1038 6409
261 6232
520 7280
1181 6146
298 6209
320 6801
832 6193
275 6376
1032 6757
1185 6154
1026 6173
267 7796
76 7168
1192 6980
1153 6474
1257 6658
1377 6272
1060 7754
646 6152
264 7184
2 7441
544 6144
315 6164
652 6400
168 7250
522 6145
1344 6176
352 7684
1 7800
641 7194
156 6529
480 7194
16 8070
259 7224
388 7720
278 6761
800 6231
121 7940
785 6278
96 6806
1099 6578
68 6202
276 7168
323 6792
129 6210
1094 6201
2 7689
786 6176
546 7185
522 7493
1370 6145
1067 6916
37 7432
1165 6672
1283 6164
1544 6389
83 6304
1313 6157
4 6400
816 6337
0 6893
513 6634
449 7228
312 6658
1797 6248
841 7298
1031 6688
478 6145
129 6268
514 7508
4 6144
14 7656
116 6793
68 6419
76 7856
10 6177
329 6168
80 7826
124 7941
48 6476
17 6344
288 6872
2 7224
578 6532
1056 6472
2 6160
1408 6200
1408 6153
160 6464
613 6400
114 7044
676 6593
1028 6899
256 7016
1602 6656
8 6560
1817 6178
265 6864
184 6208
64 7043
2 7237
674 7169
16 8009
368 7304
1154 6152
20 6754
1200 6158
86 7169
1024 6190
78 7681
1570 6616
1570 6616
517 6202
552 7302
546 6225
1288 6871
80 7685
204 7936
5 7720
131 6144
40 6146
36 7688
576 7347
213 6432
78 7216
65 6694
384 6148
372 6150
512 7195
1216 6688
840 6322
257 6252
40 6272
1044 6785
519 6240
550 6336
400 6148
1283 6296
4 7513
1285 6160
4 6401
67 6156
4 7417
257 6162
457 6164
640 6148
1 6156
6 6337
1120 6421
1804 6817
296 6659
1064 6784
1569 6301
874 6144
0 6212
1536 6424
1032 6464
8 7840
292 6410
1034 6180
384 7730
112 6144
0 6351
1354 6805
832 7186
768 7171
199 7936
18 6217
264 6149
392 7200
35 6664
659 6216
760 6144
241 6660
1994 6181
18 6209
806 6152
4 7114
1027 6704
178 6760
81 6308
55 7232
0 7444
192 7222
20 6338
0 7235
1 6170
1584 6345
1 6468
12 6994
800 6145
104 7556
392 7208
1180 6210
540 6434
552 7252
73 6972
1656 6274
384 6160
32 7375
1044 6752
304 7305
585 6160
192 6705
784 7394
353 6146
144 7716
140 7936
530 6254
0 6144
1065 7168
1066 6229
1538 6340
64 6305
1664 6222
1698 6208
1 6322
1157 6144
14 6224
1356 6144
89 6182
80 7332
326 6785
130 6720
280 6176
264 6688
522 6228
516 7361
1490 6176
258 6785
130 6208
592 6402
5 6440
96 7883
933 6144
1 6738
588 6146
144 7725
652 6402
14 6208
592 6540
1568 6465
1059 6856
5 6672
8 7450
1544 6290
1360 6724
1424 6249
1026 6672
48 6145
264 6689
1406 6145
55 6912
512 7299
137 6742
1280 6188
103 7688
88 7431
1056 6979
385 6166
8 7522
552 6146
1408 6672
356 7817
1286 6152
525 6530
32 6144
1664 6182
1858 6185
414 7777
1552 6496
1304 6144
1042 6273
544 7621
308 6723
569 6788
48 7385
132 6450
18 6183
529 6350
1548 6208
44 7576
20 6563
814 6249
1136 6158
276 6307
1146 6144
64 7199
210 7272
736 6402
140 6202
32 8087
517 6272
54 6913
655 6192
194 6161
32 7180
608 7172
24 6724
9 7428
10 6309
1858 7193
1058 6660
644 6168
528 7456
387 6240
138 8004
228 6154
162 6673
512 6513
33 7040
354 7169
1634 6528
1296 6320
651 6212
772 7187
577 6154
360 6276
160 7769
898 6152
0 6913
17 6400
1696 6150
517 7250
557 6400
19 6552
1304 6785
1633 7172
208 6668
778 6179
359 6144
8 6689
385 6240
116 6273
49 6220
868 6146
1120 6548
581 7216
32 8092
41 6928
182 6921
519 7192
1921 6204
5 7146
48 7617
81 7338
1070 6352
178 6664
1617 6536
256 6810
305 6732
309 6208
74 6401
15 6176
769 7730
513 6640
36 7562
34 6277
224 7427
129 6994
272 6144
403 7684
280 7296
1104 6761
329 6690
513 7616
259 6664
43 7828
516 7226
457 7680
1669 6146
3 6676
56 6788
1102 7728
50 6213
1 8130
289 6658
8 7122
1936 6192
131 6168
1152 6403
800 7362
1344 6179
0 7320
548 7640
66 6433
106 7296
1201 6656
20 7425
864 6144
0 7272
1601 6432
1312 6723
1040 6406
524 6585
1060 7048
17 6880
1025 6746
10 7057
4 7072
320 6296
546 6161
1025 6642
52 6338
900 6226
1089 6182
296 7748
1036 6538
1363 6664
1552 6505
1459 6304
1040 6824
1298 6144
784 6293
128 7680
320 6184
266 6737
0 7592
20 6953
112 7168
160 7729
1057 6144
192 6923
48 7169
171 6676
100 6787
384 6656
1313 6148
574 7617
265 7270
0 6727
1569 6292
64 7314
1072 7118
1924 6275
1356 6145
1219 6432
1682 6217
1157 6168
72 6179
1281 6820
32 7168
264 7286
1 6876
2 7628
68 7680
5 6432
72 6160
1230 6672
0 7190
1056 6361
10 7780
1088 6422
512 6372
0 7883
769 6200
129 7508
544 6146
1027 6592
275 6280
261 6216
209 6410
1798 6245
1585 6538
1792 6294
784 7363
74 6404
13 8002
1248 6400
1312 6147
256 6276
48 6729
262 7192
52 6665
513 6162
324 7171
155 6144
1284 6146
1044 6184
516 6395
12 6275
33 6790
70 6697
1344 6292
0 7302
32 6933
512 7459
1448 6147
777 6390
257 7828
192 6676
154 6785
832 6306
848 6305
1091 6812
552 7363
35 6336
288 7818
0 7243
130 6917
6 6161
193 6148
262 7744
21 6794
515 6288
1044 7010
1576 6162
544 6230
1036 6144
1028 6344
1888 6277
8 7700
514 7576
904 6149
588 7810
20 7040
385 6860
512 6418
132 8057
202 7168
44 7314
48 6405
421 6160
1088 6344
130 6944
784 6439
106 7072
1090 6429
577 6280
1024 6460
267 7360
608 6281
512 6292
449 6708
321 7720
304 7808
585 7188
72 6915
736 6154
1043 6432
801 7306
67 6160
1539 6480
456 7200
84 6305
579 6444
1096 6144
196 7809
259 6144
1280 6330
82 6913
273 6690
816 7308
1537 6276
769 6342
768 6209
1029 6514
116 6409
160 7683
72 6918
0 6543
342 6145
16 6306
1 6456
1032 6210
1178 6502
518 6496
1027 7040
1544 6177
281 6250
70 6537
87 6656
1032 6215
385 7726
110 7057
292 6851
16 7904
1478 6145
21 6410
136 6709
650 6192
160 6232
674 6400
1287 6144
1 6472
8 6610
1184 6479
130 6200
68 6192
770 6313
1180 6451
1073 6406
1024 6532
513 6258
22 6794
1030 7041
309 6666
324 6280
256 6882
535 6528
18 6564
88 6311
200 6452
1120 6662
1029 6528
33 6358
1040 6561
1472 6180
54 6472
1540 6385
104 7826
30 6848
640 6166
1507 6148
276 6282
1248 6920
320 6659
436 7232
1456 6147
384 7253
1506 6660
256 6171
682 7638
168 7176
520 6501
769 6290
480 6280
1070 6400
401 6658
871 7168
458 6661
261 6144
1217 6936
432 7168
202 6144
20 6155
1540 6218
138 7957
65 6918
674 6228
802 6273
1047 6752
745 7424
1122 6404
1153 6726
146 7744
136 7170
376 6145
80 6310
514 7284
1033 6756
56 7232
1249 6156
758 6152
102 6672
2000 6177
136 6198
684 7171
272 7374
1048 6726
340 7808
304 6661
1956 6218
333 6272
545 7438
533 6176
220 6432
1286 7097
917 6144
128 6674
192 6145
50 7616
1314 6160
865 6402
428 6658
385 6686
208 7944
289 6336
367 7194
2 7984
74 6785
1032 6801
153 6208
73 7424
1317 6163
164 7426
1361 6144
1849 6277
8 7488
520 6530
322 6312
81 6180
1026 6912
245 6920
4 6674
200 6452
65 7186
585 6552
194 6664
1641 6276
738 6144
340 6146
177 7232
74 6944
560 7622
97 7180
112 6189
12 6816
437 7241
512 6437
326 7296
0 7021
33 6356
11 6276
1811 6304
1025 6192
256 6783
1026 6505
300 6212
16 6150
93 6304
64 6934
609 6158
1844 6152
1036 6276
80 8068
36 6914
1027 6260
131 6752
210 6700
1110 6144
1329 6274
224 6144
1217 6428
1204 6400
282 6177
4 7266
98 7308
384 7187
417 6148
180 6402
1476 6162
1157 6674
1153 7024
740 6401
1252 6675
1 6144
580 6144
1600 6433
140 7201
249 7296
72 7953
1156 6161
0 7429
10 7172
812 6145
1072 6217
8 7765
528 6372
647 6456
209 6926
18 6944
1664 6144
1737 6144
36 6795
57 6208
1028 6698
16 6306
160 6228
8 6915
160 7681
1028 6434
396 6723
512 7283
832 7172
1038 6468
18 6501
8 7060
288 7314
1058 6173
1061 6220
1110 6665
272 7712
1191 6552
1860 6288
1544 6284
1123 6160
16 6665
1218 6928
552 6403
518 7360
81 6420
243 7948
601 6146
260 6305
529 7360
4 6720
289 7312
18 6220
34 6720
96 6682
0 6476
529 7652
1538 6244
472 6178
557 6230
33 6978
712 7433
1184 6660
389 6192
168 7169
856 6657
1161 6432
780 7745
10 6400
1544 6310
321 6184
1060 6977
389 7186
256 7362
1681 6146
128 6155
273 6786
577 6144
1232 6439
72 6178
1922 6160
520 6208
51 7757
1536 6634
1824 6152
1088 6416
288 6289
1701 6464
516 7426
176 7683
73 6150
164 6144
264 6204
1084 6721
1104 6305
1569 6538
261 6704
1173 6146
235 6416
104 8071
1488 6657
144 8174
128 6705
69 6708
624 7304
1102 6144
29 6592
1 6698
388 6144
712 6400
16 6308
832 6161
578 7601
17 7044
813 7234
6464 1177
7240 261
6184 0
6673 1040
6401 1042
6672 259
7424 138
6240 920
6984 1568
6657 1186
6632 1556
6563 1032
6752 17
6192 512
6529 1608
6353 776
7268 8
7220 576
7253 10
6278 256
7169 150
6376 17
6818 1
7295 0
6690 138
6994 140
7254 544
6145 1800
6368 1028
6152 835
7170 488
6560 1602
6710 264
7305 98
6240 1816
6818 1869
6147 272
6672 1224
6400 2
6401 98
6155 324
6176 453
7264 11
6408 1280
6980 1049
6144 1085
7480 3
6216 161
6660 0
6418 712
6668 177
7187 96
6168 0
7237 810
6144 2
6660 227
6166 488
6472 512
6314 1
7970 216
6148 700
6201 192
6458 1088
6177 1286
6784 1064
7184 548
7168 276
6404 89
7907 276
7424 82
7373 512
6272 520
6544 9
6182 72
6709 1060
6278 1616
6313 0
6660 201
7520 269
6221 0
6448 64
7068 0
6784 1398
6433 530
6272 7
6977 0
6226 1024
7296 283
6368 327
6723 1185
6674 64
6144 145
7014 8
7277 658
6537 0
6409 1236
7251 128
7312 69
6666 80
7952 38
6916 1242
6440 0
6658 1336
6530 1072
6400 1186
6307 528
6804 42
6820 24
7207 88
6188 770
7168 577
7693 97
6226 1188
6163 268
6272 78
6740 320
6244 1298
7256 641
7296 0
6657 332
6673 98
6146 348
7559 520
6275 1556
6960 12
6192 130
6659 304
6240 402
6272 320
6193 1164
6411 1028
6148 1345
6728 18
7713 130
6179 1548
6322 76
6400 1026
7242 512
6272 16
7201 52
6212 386
6158 0
7168 912
7697 354
6160 1025
7716 1027
6672 132
6163 732
6709 1120
7173 82
6434 144
7386 564
7451 704
6409 1652
7712 64
6194 1049
7705 386
7049 16
7250 257
6936 98
6856 161
6403 88
6291 4
7817 4
6853 1066
6160 141
6912 163
6928 6
6160 1510
6850 1192
6986 137
6784 672
6240 281
6700 128
6144 1284
6656 1082
6184 529
6600 1076
6480 5
6164 258
7232 820
8133 0
6192 203
7072 16
6216 404
6788 273
6912 1112
6432 1665
7233 140
7808 1030
6168 644
6209 164
7056 1036
6932 1089
7424 1
6180 145
6377 256
7425 16
6164 262
6729 180
6160 12
6690 1
6216 641
6146 1161
7396 9
7670 24
6208 41
6400 1125
6660 1186
6208 778
6675 452
7244 514
6293 1536
7429 618
7768 166
6741 264
6208 14
7393 792
6657 388
7208 195
7248 13
8140 33
6481 1094
7360 281
6176 82
6640 9
6155 1040
6802 100
6532 1067
6664 1028
6798 1024
7316 257
7488 660
6724 163
6684 32
6564 594
6788 1026
6147 1504
7182 769
7490 0
6871 32
7488 32
7312 65
6856 16
6792 1280
6817 82
7200 711
6468 1568
7873 46
7216 4
6785 1420
6360 515
6160 224
7187 128
6272 558
7168 32
6144 1217
6656 211
6657 320
6963 76
6336 823
6722 33
6400 49
6444 1168
6169 1120
6212 176
6162 289
6304 18
6151 768
7812 33
6805 1280
6765 1424
6403 1704
7507 4
7724 592
7691 132
6188 514
6148 1472
6148 1024
7473 0
6144 1283
6560 1100
6208 0
6661 112
6152 39
7176 741
6246 648
6164 48
7553 544
6496 1178
6314 580
6177 1026
6152 1664
6312 338
6416 35
7170 1188
6353 2
6178 576
6208 1937
6545 1024
6296 64
6400 1077
6304 1030
6418 132
7360 13
7826 72
6927 1024
6666 1157
6152 176
6440 1732
6176 58
6434 1032
6170 1281
6146 345
7313 522
6145 84
6144 1052
6408 1217
6472 932
6214 696
6624 8
7700 32
7168 210
6337 1026
7440 522
7457 590
7013 10
6148 512
6150 960
6216 1794
6850 1304
6737 1284
8082 9
6873 32
6247 384
6230 0
6658 45
7940 1089
7552 514
6472 5
7699 320
7561 610
7368 821
7187 360
7307 784
6452 1034
6163 800
6509 1024
6481 72
6152 816
7233 174
6342 24
6162 4
6689 142
7248 1
6144 584
6146 29
6212 3
7168 207
7477 8
7212 129
6160 11
7170 608
7170 32
7172 784
6674 192
6768 2
7372 513
6217 692
6307 1024
7234 25
6210 388
6656 160
6664 1024
7243 676
6250 4
7785 262
6290 800
6272 525
7730 12
7820 2
6708 1226
6160 737
6423 128
6658 169
6281 34
6725 1154
6202 1472
6408 49
6673 128
6798 1088
6436 128
7202 656
6144 28
7088 0
7829 320
8008 160
6708 384
6229 1320
7936 6
7170 193
7201 645
6684 99
6280 1331
6152 517
6153 1350
6150 257
6690 1537
6403 10
7451 612
6178 524
6953 1024
6144 929
6147 1032
6173 864
7172 8
6164 1992
7424 548
6272 1562
6236 770
8078 272
6919 1032
7192 563
6282 1057
6191 1616
6240 338
6576 1601
6228 521
7168 212
6424 6
6852 1304
6900 257
6724 1042
7366 73
6400 100
6144 577
6160 173
6272 24
7254 680
7936 18
6408 1094
6424 68
7178 928
6412 1154
6227 1124
6658 1324
7104 1052
6929 200
6720 38
6208 1068
6288 1295
6730 176
7217 791
6152 164
7701 200
6155 1296
6547 64
6160 427
8064 527
6144 1282
7180 115
7392 277
6276 1131
7202 1557
6660 97
6240 385
6336 1596
6232 1796
7531 516
6181 528
6408 612
6833 1676
7169 154
6502 1024
8000 158
6422 641
6145 832
6761 66
7233 13
6676 458
6178 1875
6336 40
7200 64
7058 35
7044 16
6216 531
6272 1037
7259 772
6216 560
7201 384
6424 4
6674 172
6148 936
6177 1142
6144 33
6146 580
7178 192
6341 24
7304 356
6275 540
6670 36
7840 0
6632 16
6568 21
7174 88
7362 8
6304 19
7216 322
7748 1081
7488 28
7232 54
6785 290
6176 1618
7180 545
6226 521
6408 118
6401 726
7232 516
6213 1706
7170 608
6466 677
6668 1408
6144 148
7168 370
6355 32
6164 329
6177 582
7205 192
7194 640
6293 0
6174 802
6147 176
6311 1360
7045 18
7340 0
6804 1282
6978 1169
6200 256
7504 12
6176 1945
6744 1028
7712 774
6709 1096
7108 33
6276 618
7193 308
6668 257
7187 256
6244 1537
7830 265
7236 4
6461 648
6425 608
7168 708
6288 36
6154 1088
6162 804
6154 768
7708 482
6656 1200
6237 1024
7824 1122
6163 1358
6548 1640
7733 192
6547 32
6656 1090
7732 393
6704 1096
7321 386
6712 324
6672 148
7241 0
6146 836
6244 128
7177 484
6444 98
6144 522
7616 152
7184 417
6789 1296
6180 1152
6792 279
6145 0
7300 83
6152 64
7208 144
7168 347
7912 263
6278 1041
6240 384
6146 1540
6152 673
6708 264
7174 1376
7180 192
6328 1347
6144 644
6674 1184
6272 7
6752 2
6292 775
7684 11
6356 35
6358 1633
6208 544
6145 1304
6786 320
6741 1280
6677 1090
6276 66
6290 4
6918 320
6528 1549
6224 674
6403 12
6666 417
6432 512
6912 1168
6147 1196
6570 576
6848 1282
6160 97
7106 1024
6912 238
6336 1864
7184 1
7556 2
6144 870
6785 1048
7334 521
6148 26
6298 1540
7425 1740
6151 640
6184 16
6531 544
6189 528
6372 1794
6293 520
6409 1060
6273 1060
6402 9
6720 136
6144 352
7232 920
6405 1057
6275 1792
6157 706
7600 513
6211 1176
6149 1800
7187 64
6925 148
7170 800
6217 1280
7808 52
6144 648
6274 1856
6187 1025
7188 258
6660 401
7531 4
6784 307
7760 166
6194 588
6168 512
6724 0
6313 532
6184 704
6208 281
6162 709
6787 28
6156 1376
6505 528
6731 272
6144 1070
7172 651
6434 704
6882 5
6183 584
7778 785
7693 144
7169 780
7360 277
6165 1154
7256 1571
6833 1036
6922 20
7245 514
6161 40
6602 1540
6548 1027
7427 540
6174 961
7312 845
6160 820
6401 660
6656 1249
7884 306
6208 768
6557 1024
6466 1157
6272 858
7680 334
7440 164
6500 24
7430 129
6947 664
6276 1601
7183 576
6452 2
7201 92
7296 522
6292 257
7457 22
6176 349
6444 513
7170 128
6256 1671
6192 396
6434 28
6225 512
6404 65
6163 0
6148 1024
6152 1860
6659 204
7203 272
6164 808
6258 388
7169 18
6289 0
6147 1184
7200 832
6418 1544
6346 1536
7346 772
6152 656
6736 1029
7877 304
6248 1024
7428 64
6742 1440
6729 1028
8021 136
6228 809
7128 34
7552 12
6310 522
7809 34
6658 1449
6195 264
6624 1160
6164 425
6218 180
7288 518
6177 1422
6192 1929
6148 1568
7684 34
6145 1154
7296 512
6239 160
6144 24
6976 1052
6285 528
6400 1248
7554 89
6465 150
6290 1865
7681 164
6275 1604
6144 38
6195 192
6194 1024
6664 1175
6160 1058
6512 0
7437 18
7296 67
7296 260
6144 1284
6326 72
7394 256
6802 264
6420 706
7428 40
6272 3
6657 32
7188 266
6178 384
6432 516
7491 172
6160 68
7595 133
7696 322
7756 40
6192 1602
6920 1184
6276 346
7176 470
6716 384
6416 1152
6612 1025
6153 1652
7808 331
7430 696
6679 192
7178 576
6410 164
6209 536
6945 666
6563 540
7552 623
6661 1322
7210 260
6162 1025
6848 1043
6658 296
7744 419
6169 257
6572 1616
6658 256
6166 1192
7178 644
6698 128
6350 544
7936 97
8096 2
6409 1680
6214 1072
7168 963
7046 80
6178 1636
7946 0
7168 609
7229 0
6432 704
7210 0
6160 1033
6380 2
6944 65
6160 1931
7441 512
6309 1296
7193 292
7296 104
6176 664
6176 1627
6170 260
6944 1088
6180 1693
7249 552
6785 6
6329 262
6646 0
6152 791
6722 1152
6662 1
7337 68
7512 640
6480 1028
7201 4
6295 272
7172 336
6352 1317
6482 33
7048 1045
6197 1030
7193 900
7442 652
6304 10
7693 160
7169 36
6149 546
7056 1124
7696 128
7968 17
7168 334
6337 810
6532 57
6544 1100
8070 8
6225 138
6146 181
6912 1050
6401 1182
6150 168
7044 1058
6272 282
6933 128
6293 512
6417 576
6656 320
7176 278
7872 9
7684 162
7296 122
6688 1302
7232 262
7372 307
7426 80
6400 112
6400 1153
7690 181
6186 128
6152 49
6676 266
7472 514
6409 1059
6162 293
6147 2044
6976 1205
6196 904
6144 69
6170 1024
6601 0
7440 13
6545 1028
7682 13
6681 196
6144 1930
6529 8
6156 1601
6160 1866
7174 1224
6148 1570
6162 1417
6417 558
6150 8
7202 513
7360 793
6459 1088
6279 72
6165 40
7177 132
6418 137
6722 260
7716 146
7448 551
7976 81
7176 16
6161 1994
7184 70
6251 256
7594 5
7618 516
6922 1200
6149 914
6146 33
6787 328
6279 328
7110 25
6231 1056
6676 1048
6240 512
6242 644
6199 192
6144 1281
7721 320
6476 130
6411 528
7712 79
6159 1472
7425 576
6229 642
7219 128
6657 42
6177 1552
6944 1035
6150 1297
6176 9
6736 172
7700 480
6409 132
6432 1536
6285 866
7749 256
6726 1048
7345 520
6156 272
7424 8
7168 80
6149 232
6410 1760
6160 229
6492 546
6688 85
6474 1028
7008 3
8077 48
6657 1058
7969 86
7440 642
7680 71
6164 1322
7709 272
7168 11
6469 654
6148 1481
6210 1584
6504 656
7829 288
6736 0
7042 77
6668 225
7202 852
7208 646
7184 908
6144 32
8091 36
7321 804
6430 1600
6432 1668
7876 8
6252 1555
6152 673
6166 289
6149 872
7176 162
7442 195
7442 584
6668 451
6202 772
6176 72
6194 64
6288 374
7537 14
6657 24
6660 1056
6620 1
6157 1056
7340 338
6536 1127
6241 906
8072 19
7806 385
7696 196
6144 1292
6726 280
6432 130
6592 522
6529 580
7426 224
6921 580
7433 544
6323 1348
6176 774
7308 288
6211 280
7812 24
6299 1024
7168 109
7248 131
6408 131
6896 2
7886 16
7808 117
7170 400
7186 68
7177 806
6468 1570
6310 512
6737 186
6753 12
6822 272
6284 1040
6408 516
6668 1042
8064 16
6353 4
6501 706
7469 656
6473 1570
6672 1045
7404 17
6932 192
6544 522
6448 136
6210 520
7681 448
6170 320
6176 258
6784 544
7602 321
6656 362
6144 2
6432 631
7424 95
6669 32
7168 535
7448 2
7270 896
7169 778
7168 384
6900 8
7200 840
6602 1561
6440 212
6444 768
7236 680
6596 1064
7744 0
6784 286
6232 1665
6484 153
8017 38
7330 12
6936 1
6209 36
6740 169
6402 1172
6472 18
6836 1346
6344 816
7186 69
6553 4
6872 1094
7233 674
7497 48
6160 352
6688 72
7874 20
6426 1537
7685 394
6720 284
6144 554
6146 584
6721 1038
6738 32
6284 320
6257 518
7204 448
7402 896
7168 440
6149 50
6161 584
6160 654
7296 326
7756 144
6432 644
6148 27
6277 330
6944 2
6345 570
6656 434
6412 1216
6232 518
6688 321
7826 104
6298 1548
7360 32
7046 16
7087 1024
7681 10
6352 1835
6828 1280
7492 641
6405 594
6149 776
7171 849
6144 872
6342 0
6530 8
6697 384
7180 641
7682 0
7232 517
6276 1803
6282 1173
6186 1541
7249 518
6914 0
7248 773
6502 136
6881 854
7253 130
6177 1158
6216 132
6210 1064
7305 276
6448 1541
6348 512
6161 162
6208 1830
7264 404
6325 1344
7552 32
7734 200
6932 137
7402 277
6149 1280
6176 262
6155 278
6144 1936
6222 256
6280 321
6148 425
6208 1280
6310 600
6148 144
6434 708
6144 2011
6180 153
6209 1284
6169 514
7460 144
7192 160
7454 640
7176 49
7914 0
6156 2
6241 518
7828 33
6824 276
6184 1669
6168 1220
6179 1090
6352 12
6162 328
7364 296
6660 1288
7344 5
6166 808
6950 1240
7009 1028
6690 1181
7316 258
6145 508
6176 1096
6182 400
7288 8
6710 1409
6208 131
6673 296
6496 1032
6145 652
6155 1028
7430 193
6672 11
6736 1102
6369 264
7219 204
7690 165
6152 214
6209 672
6916 1024
6210 280
6148 528
6486 128
6784 290
6467 552
6440 84
6722 420
7713 458
6681 288
6160 1026
6406 233
7168 522
7460 0
7179 304
6725 136
6316 576
6312 1026
6952 1223
6406 161
6796 1139
6244 512
6571 592
7186 72
6144 1038
7174 904
6609 1028
6820 1092
6147 936
6493 32
6282 4
6217 546
6164 192
7024 1159
6273 74
6154 1221
6600 1574
6570 1600
6156 882
6208 569
6711 1032
6661 360
6272 10
6562 67
7474 513
6158 465
7432 146
7492 1027
6916 1202
7459 8
6304 331
6291 1056
6842 64
6306 1304
7967 32
6683 32
6273 1122
6156 34
7408 264
7424 598
7456 644
7553 576
6976 0
6193 778
6856 36
6217 416
6160 1608
6288 1036
6404 640
6180 272
7184 552
6304 1281
6819 1100
7457 650
7301 128
6598 1056
6164 1568
6432 24
6273 90
6688 386
6401 648
6280 324
7952 32
6144 1008
6273 1320
7169 132
6144 1128
6402 548
6752 1295
6400 111
7208 49
6351 784
6241 512
6943 192
6214 1440
6408 208
7970 0
6517 128
7184 782
7232 158
6413 1088
6476 528
6148 594
6985 1040
6563 64
6820 1104
6148 1536
6277 1832
8137 436
7620 0
7299 568
7687 32
6506 4
7204 200
6188 1538
6400 1545
6784 67
7683 122
7208 256
6981 32
6592 4
6708 264
6372 538
6760 406
7194 896
6150 1057
6608 516
7036 1152
6144 576
7424 628
7510 544
6304 849
7184 201
6160 257
6144 1160
7180 896
6150 393
6464 1680
7840 324
7456 704
6248 262
6210 12
7472 11
6258 528
7940 48
6568 1095
7837 864
6144 1033
6193 1110
7276 513
7177 644
6433 144
6273 2028
6681 6
6457 130
6849 300
7300 112
6208 514
6422 1088
7449 642
7136 136
6154 1349
6608 11
6242 29
7872 264
7216 640
7440 76
7229 512
6307 596
6309 530
6404 1664
6747 385
7170 49
7440 619
6400 110
6169 1536
6625 1042
7208 385
6924 193
7185 456
7326 32
6786 28
6288 1089
6660 1514
6464 1184
7712 4
6232 513
6669 352
6241 770
7297 24
6738 552
6340 1544
6224 7
6737 1066
7187 1480
6208 1923
6696 708
6177 74
7683 128
6299 1344
7104 16
6282 353
6176 1602
6306 324
6148 577
7782 273
6157 1698
6158 1088
7180 291
6668 3
6160 8
6784 1318
6161 1506
6372 17
6280 576
6168 580
7571 32
7266 1173
6450 1676
6658 80
6171 36
7234 5
7568 46
6176 1042
7217 518
7322 801
7300 345
7250 812
6240 921
7234 829
8066 100
6213 1320
7316 8
7432 68
7425 548
7241 778
6289 832
6151 1040
7200 914
6209 900
6209 1036
7384 257
6400 1028
7426 88
6277 258
6402 1621
6685 290
7286 780
6272 1890
6472 1158
6658 289
6321 68
6405 1576
7168 704
6297 262
6177 1224
6729 134
6917 1024
7188 803
6465 1570
6184 276
6144 1480
6147 1304
6660 1192
6944 1044
7236 647
6657 1038
6478 17
6162 1920
7361 10
6160 519
6305 22
6661 1074
6144 887
6145 770
6400 1027
6181 72
6833 1344
6168 386
6145 1040
6152 2
6278 144
7784 3
7712 410
6304 264
7428 48
6564 1027
7303 1112
7684 395
6593 36
6144 1088
7144 1025
6406 16
6195 1792
6835 1156
6498 1060
6432 146
6287 96
6960 65
6152 276
7720 83
6307 485
7305 308
6272 73
6148 66
6730 129
6208 1822
6881 1302
7320 324
7171 548
6401 228
7004 1185
7780 19
6167 480
7233 4
6932 162
7689 452
6756 129
6660 1154
7617 10
6160 1793
7171 248
7426 164
6418 4
7194 576
6248 1665
6305 1793
6152 357
8112 79
6975 192
6180 1026
7488 131
6320 194
7687 368
6200 1732
6723 136
6344 818
6281 1298
6400 1040
6160 1225
6178 785
6438 345
6306 536
6528 577
6145 736
6688 82
6264 3
6466 1185
6145 1412
6200 384
6178 516
7304 340
6672 6
6410 144
6144 597
6515 1024
6464 1024
6640 521
6160 194
6148 1168
6199 641
7174 233
7471 64
6144 1089
6592 16
7017 22
6849 296
6320 518
6784 630
6230 897
6272 1560
6429 1536
6179 512
6153 1408
7396 768
6153 1280
6400 551
6184 770
6274 1032
6342 1809
6224 523
6960 136
7040 79
6801 168
6536 69
6200 832
6169 1350
6940 128
6726 128
7330 576
7686 97
6176 1818
7402 16
7832 260
6150 816
6152 225
6820 1106
6356 3
7173 160
6659 5
6294 65
6218 512
6144 652
6273 60
6224 1837
7721 86
7682 897
6656 0
6176 1152
7872 308
6146 8
7745 1056
6480 5
7192 197
7520 18
6698 80
6673 300
7629 0
7260 128
6165 1802
7008 140
7000 1062
6592 513
6146 513
6146 221
6976 34
7424 418
6210 1244
7168 137
6272 272
7716 456
6344 1060
6946 85
6385 772
6408 18
7331 260
7948 16
6243 148
6917 1122
6161 1604
7577 548
7519 32
6274 28
6176 520
6212 675
6664 114
3072 2444
3656 2324
2711 3136
2151 3720
2176 3352
3685 2186
3074 2084
2057 2272
2196 3170
2059 2224
2310 2297
2560 3543
2337 2626
2048 2316
2054 3456
2112 2178
3588 3186
3841 2256
2899 3212
2632 2581
2343 2568
2482 2564
2612 2112
2410 2709
3680 2066
3224 2565
2082 3904
2113 2376
2060 3905
2176 2449
2577 2440
2157 2050
2096 2884
2955 2144
3968 2160
3844 2251
2132 2595
2625 2232
2121 3856
2313 3170
2309 2592
2562 2337
2848 2066
2772 2048
2048 2718
2052 3138
2608 2113
2245 3864
2125 2944
2065 2114
3637 2048
3212 2418
3347 2176
3072 2202
2097 3786
3620 2690
2480 2625
2641 3200
2139 2432
2562 2116
2213 3920
2054 2280
3144 2612
2178 2056
2318 3073
2052 2720
2053 3136
2116 3722
2185 2886
2273 2310
2080 2451
2066 2220
2953 2118
3585 2432
2048 2480
2753 3172
2320 2090
3088 2092
2050 3133
2272 2065
2352 2187
2480 2127
3121 2510
3708 2051
2151 2088
2182 3648
2178 4096
3096 4640
3110 4864
2097 5120
2166 5888
2064 4172
2242 5397
2082 4229
3732 4196
2689 4114
2251 5376
2880 5149
2260 4385
2645 5290
2620 5121
3101 4544
2072 4224
2216 4416
2818 4228
3073 4360
2824 5248
2598 5122
3400 4640
2064 5511
2178 5124
2320 5671
2072 4164
2056 4484
2048 5816
2318 4800
2678 5376
3792 4140
2369 5642
2272 5126
2056 4129
3659 4496
2560 5376
2768 5121
2240 4620
2066 4684
3044 5137
2852 4308
2054 4833
2562 4368
2560 4180
3128 4293
3200 4380
3171 4264
2440 5218
3088 5057
3343 4704
2436 4131
2252 5632
3136 4871
3074 4897
2274 5132
2080 4481
2192 5485
2177 4132
2080 5002
2692 5131
2439 5168
3218 4165
3082 4528
2629 4512
2693 4161
3283 4640
3106 4433
2496 4627
3369 4608
2083 4352
2176 5938
2838 5320
2689 5152
2066 4424
2563 5216
2336 4290
2194 4416
2624 4105
3226 4672
3415 4288
2126 4256
2313 4736
2561 4536
2209 4700
3083 4352
2738 5121
2691 5120
2072 4871
2353 5204
3552 4099
2498 4105
2272 5889
3084 4195
3332 4289
2130 5897
2195 4172
2338 4757
2624 4130
2243 4424
2307 4112
2048 4339
2760 4100
3526 4097
2310 5633
3080 4215
2100 5216
2048 5024
2075 5152
2080 5392
2118 4513
2594 5125
2311 4760
2476 5648
3275 4404
3083 4160
3586 4497
3341 4354
2282 4116
2564 4113
2321 4293
2560 4190
2178 4096
2164 4609
2560 5120
3602 4169
2056 4245
2048 4096
2209 5384
2382 5169
3080 5060
2321 4100
2060 5411
3138 4156
3050 5137
2052 5770
2567 4432
2630 5387
3381 4098
2056 4419
3152 5548
2087 5456
3136 4098
3458 4617
3172 4250
2160 4098
2624 4490
2178 5124
3142 4224
2116 4352
2628 5161
2155 5120
2208 5966
3656 4534
2377 4134
3397 4736
2079 5376
2224 5956
2280 5380
2902 5280
2179 4696
2058 5924
2594 4164
2084 5194
2094 4308
2637 4242
2608 4483
2048 4483
2134 4737
2180 4939
3072 4624
3300 4631
2941 5122
3116 4161
3105 4360
2576 4289
3072 4736
3736 4098
2049 5132
3916 4096
3340 4672
2210 4101
2068 4489
2080 4104
3776 4146
2452 5122
3648 4120
2080 5317
2568 5252
2305 5226
3210 4416
3602 4108
2177 4146
2068 4866
2051 4136
2312 4273
3770 4352
3107 4624
2057 4608
2112 5130
3186 4752
2912 4108
2888 4118
3136 4758
3338 4641
2206 4161
3756 4098
2206 4704
2306 5329
2690 4152
3072 4613
2233 4418
2206 5696
2178 4473
2048 5546
2052 5617
2104 4486
2099 4416
2573 4354
2128 4867
2048 4813
3077 4970
2336 4112
2056 5930
3072 4472
2190 4416
3104 4993
2373 4610
2060 4483
2065 4352
3073 4352
2272 4353
3080 5009
3154 4101
2048 4448
3200 4420
2724 4354
3268 4098
2112 5174
2693 5224
2562 4417
2612 4161
2056 4855
2052 4128
2063 4560
3088 4353
2436 4146
2320 5231
2088 4289
2056 4674
3584 4300
3169 4228
2432 4134
2432 4692
2060 4160
2065 5572
2178 5136
2946 4260
2048 5321
2048 4942
2403 4232
2228 5921
2439 5696
3591 4336
2068 4480
2669 4128
2050 5744
2129 4128
2050 5257
2695 4417
3115 4228
2048 5136
3093 4808
3840 4338
2049 4424
3745 4424
2752 5377
2066 6084
2064 4096
2692 4170
2334 5793
2568 4306
3228 4416
3100 5472
2240 5150
2053 4138
2049 4544
2138 4260
3651 4352
2051 4096
2413 4122
3847 4232
2056 4610
2080 4370
3152 5004
2308 4794
2066 5761
3716 4386
2710 5448
2113 4608
2312 5134
3049 4112
2608 5129
2448 5230
3088 4140
2073 4356
2816 4183
2636 4242
2948 5130
2720 5383
3625 4612
2850 5185
2250 5648
2690 5140
3161 4870
2305 4128
3200 4116
3238 4113
2314 5188
2905 4352
3164 4113
3111 4105
2308 5210
2064 4166
2840 4099
2192 4928
2048 5365
2699 4464
2187 4096
2181 5168
3591 4224
3469 4112
3072 6119
2588 5122
2841 5184
2190 4865
2072 5570
2568 4098
2216 4615
3346 4193
2452 4169
2608 4233
3714 4097
3018 5140
2244 4352
2204 4898
2496 4636
2280 4865
2736 5125
3104 4120
2444 4115
2600 5520
2177 4660
2224 4105
2400 5636
3106 4169
3602 4452
2117 5712
2337 4682
3253 4104
3108 4160
2308 4104
2056 4160
3522 4096
2340 4248
2986 4180
2368 5155
2200 4935
3650 4380
2596 4112
2133 4738
2841 4224
2169 5377
3792 4352
2880 4119
2601 5126
2628 5553
3344 4166
3590 4416
2402 5124
3014 4096
2051 4192
2826 4228
2341 4818
3001 5186
2891 5256
2248 4101
2368 5282
2058 5828
3338 4688
3968 4161
2192 4387
3730 4937
2625 4224
2049 4394
3729 4354
3221 4424
2120 4359
2406 4232
3657 4390
3120 4868
2816 5331
2336 5147
2592 5395
2572 4257
2124 5523
2971 4224
2256 4152
2386 4776
2628 4352
2084 5066
2114 4104
3073 4642
2816 4262
2408 4151
2560 4133
2061 5344
2150 5136
3016 4130
3136 4880
2049 4422
2939 4096
2885 4106
2048 4392
3304 4369
2824 5328
2160 4374
2305 4100
2074 5124
2560 4396
2321 5760
2112 4610
2443 5204
2595 4384
2954 4336
2216 4615
2330 5221
3332 4784
2114 5273
3216 4129
3146 4100
2080 4184
2158 5891
2824 4241
3329 4290
2069 4264
2608 4162
3140 5000
3840 4143
2480 4096
2050 4621
2136 4256
2323 4836
3168 4370
2352 5632
2176 4613
2052 4706
2432 4618
3209 4096
3458 4212
2048 4290
2235 4160
2179 5636
2592 4161
2069 5640
3084 4242
3586 4353
2088 5333
3904 4225
2971 4100
3076 4185
2161 5124
2592 4304
2944 4178
2830 5136
2186 4116
2072 4868
2185 4098
3458 4100
2369 4112
2311 5672
2064 5325
2370 4272
2789 5136
2688 4355
2146 4609
2351 4112
2054 4208
2708 4193
2444 5680
2096 4426
3335 4120
3178 4352
2824 4690
3364 4752
2112 4148
3625 4356
2050 5264
3728 4456
3208 4436
2048 4817
4036 4104
3536 4644
2704 5130
2176 5711
2560 5152
3893 4096
2240 5165
3096 4960
3328 4724
2618 5253
2880 4738
2314 4160
2050 5944
3301 4114
2078 5729
2208 4121
2050 4201
2054 4609
2144 5642
2346 5252
3352 4194
2320 5128
3090 4104
3522 4609
2178 4416
3148 4528
2228 4128
2092 5251
3776 4615
2306 4100
2050 4704
2416 4107
2277 5146
2140 5664
3120 4110
2592 4487
2454 4352
2112 4110
2228 5378
3392 4133
2306 4636
2637 4096
2717 4096
2752 4137
2098 5253
3362 4109
2372 5760
3872 4228
2315 4116
2514 4616
2656 5266
2128 4872
2441 4752
2064 4608
3240 4419
3328 4109
2892 4224
2568 4160
2564 4480
2449 4110
3232 4105
2304 4230
2984 5122
2764 4451
2048 5418
2568 4132
2568 5172
2484 5707
3088 4864
2656 4116
2242 5385
2196 4105
3264 5678
3378 4160
3792 4865
2178 4144
2268 4915
3169 4870
2373 4234
2156 5121
3704 4096
2112 5533
3028 4097
2080 4199
3221 4162
2274 5132
2379 4256
2352 4740
3396 4651
3333 4362
3474 4645
2056 4754
2864 5122
2479 4096
2113 5632
2060 5138
2124 5379
2945 4146
2500 5120
3080 4465
2245 5640
2076 5632
2145 4376
2052 4186
3041 4098
3172 4362
2064 4453
3468 4096
3716 4129
2413 4738
3111 4160
2077 5824
2577 4142
3136 4893
2186 4356
2498 4618
2664 5121
3201 4704
3380 4617
2135 5184
2216 4612
2082 4100
2192 4647
2414 5145
2130 4108
3969 4136
2070 5320
2176 4354
3846 4160
2128 5282
2348 5202
3074 4276
2322 5733
3080 4528
2072 4162
3399 4796
3305 5248
2049 5128
3482 4129
3330 4096
3273 4386
2080 4371
2116 4250
3084 4288
3156 4130
2180 4976
3076 4777
2245 4136
2371 4152
3090 4384
2182 4417
3468 4194
3656 4229
2225 4161
3073 4388
3088 4168
3844 4096
2080 4827
2306 4752
2176 5177
3267 5940
2665 4372
2574 5249
3596 4561
3073 4404
3589 4224
3136 4232
2442 4608
2176 4630
3584 4290
2436 4611
3608 4448
2048 5319
3767 4416
2208 4353
2084 5377
2065 5994
2084 4555
2080 4625
2366 5760
3090 4184
3468 4608
3457 4136
2642 4108
2048 4150
2116 4098
2562 5412
2602 4484
2088 5651
2078 6118
2067 4148
3328 4307
2904 4163
3098 4645
2059 4804
2050 6053
3601 4460
2180 4417
3415 4608
2050 4496
3074 4935
3592 4386
2752 4145
2132 4904
2697 4099
2462 5729
2067 4864
3233 4678
2609 5376
2787 4352
2626 4124
2080 4820
2066 4100
3106 4128
3382 4104
3267 4352
3592 4160
3077 5200
3104 4416
3461 4656
2196 4097
3162 4356
2112 5015
2053 4448
2209 5400
2104 5638
2167 4096
2866 5273
2176 6009
2306 4304
3973 4232
2176 4112
3589 4200
3098 4708
2149 5792
2665 4096
2689 4396
3088 4303
2088 5265
2423 4228
3015 5144
2592 4355
3782 4137
2202 5729
2865 4292
3084 4497
2196 4865
2720 5450
2336 4238
3121 4682
2273 4104
2332 5318
2343 5696
2212 4177
3072 5101
3076 4816
3200 4630
2946 4145
3632 4108
2080 4681
2145 4224
2368 4662
2240 4376
2385 5640
2208 5440
2048 5189
2767 5120
2192 4452
3904 4761
2186 5140
3137 4132
3003 5124
2068 5570
3010 4152
2368 4264
2049 5666
2212 4107
3604 4104
2152 5126
2312 4693
2617 4292
3528 4658
2050 5520
2304 5256
2434 5674
2146 5140
2270 4609
2708 4450
2564 4241
2080 5319
3840 4126
4070 4096
2052 4961
2080 4181
3216 4197
2758 4384
2064 6016
2576 4386
3686 4232
2123 4224
2082 4820
2176 4438
3336 4147
3818 4101
2050 4144
2816 4239
2052 5672
2305 5140
2332 5152
2062 4691
2827 4276
2144 5524
2178 4444
3523 4648
3840 4461
2055 4576
2059 4704
2064 4713
2162 4288
2304 4102
2115 4112
2246 5288
3073 4120
3076 4353
2244 5179
3073 4672
2144 5137
2312 5667
2373 4642
2816 5622
2624 4128
3201 4160
2088 5206
2390 4257
2692 4160
2048 5495
2073 5056
3328 4787
2491 4100
2304 4168
3399 4808
2144 4756
3392 4144
2104 5184
3082 4705
3508 4672
2744 5129
3081 4740
2052 4113
2052 4226
2706 5152
2061 5458
3124 4683
2101 4736
2627 5528
3605 4128
3136 5008
2720 4370
3203 4712
3456 4158
2179 4916
2392 4242
2214 4680
3648 4099
2181 5448
3219 4198
2059 5600
2176 4926
2123 4246
3280 4356
2854 5131
2656 5130
2353 4678
2112 5263
2120 5267
2140 4258
2050 5460
3842 4224
2050 4612
2056 5665
3240 4097
2372 4123
2062 4209
2305 5278
2178 5204
2108 5313
2091 4564
2306 4192
2908 5152
2226 4170
2484 5697
2095 4672
2049 4630
2272 5122
2313 5264
3592 4209
2632 5603
2194 4612
2128 4389
3393 4224
2184 4188
2316 4227
2579 4104
2641 4136
2319 5248
2081 4310
3348 4097
2064 4740
2064 5376
3344 4205
3232 4870
2960 5380
2100 4672
2372 4609
2312 4228
2122 4224
2845 4194
2184 4423
2176 4130
2056 4530
3336 4129
3080 4896
2085 5140
2888 4103
2148 5905
2048 4705
2182 4096
2352 4100
2432 5401
2370 5409
2084 5568
2132 4744
2356 4288
2460 5731
2144 5760
3075 4700
2248 4096
2752 5123
2648 5124
2064 4548
2608 4356
2352 5126
3076 4593
2048 5697
2762 4404
3102 4768
2598 5120
2104 6020
2082 6080
2946 4157
2100 4096
2560 5321
3076 4370
3139 4496
2049 4554
2065 4644
2850 4125
3001 4100
2637 4144
2241 5672
2498 4608
2176 5670
2056 5891
2624 4160
2138 5665
2192 4122
2050 5524
3080 4929
2600 5314
3201 5000
2307 5816
2290 4748
3096 4097
2184 5680
2206 4192
2064 5226
2160 4097
2062 5920
3097 4130
2760 5376
3360 4617
2189 4162
2050 5461
3265 4358
2564 5187
2153 4354
3426 4117
2210 5889
2309 5346
2215 4360
3597 4418
2120 4240
2442 4112
2842 4244
3584 4112
2321 4100
2839 4104
3584 4229
2688 5167
2293 4096
2082 4097
2169 5636
2241 4626
2776 5120
2912 5203
2271 4608
2067 4256
2601 4096
2246 5912
2596 5520
2688 4209
2336 4179
2070 4704
2064 4352
3104 4112
3725 4432
2242 4868
3110 4936
2722 4105
2596 4488
2624 4480
2049 4348
2836 4096
2320 4234
2048 4164
2576 4200
3095 4232
2864 4288
2308 4112
3136 4659
2584 4485
2340 4122
2064 5323
2900 4225
2178 4622
3229 4354
2121 4146
2128 5164
2124 4643
2049 4872
3080 4131
2578 4128
2112 4227
2108 5251
2345 4820
2846 4256
3725 4368
2048 4678
2080 5376
3400 4102
3100 4290
2064 5440
2222 5953
2060 4618
2443 4673
2353 4172
3360 4180
2576 4203
2648 5253
2778 5120
2496 5154
2575 4292
3092 4169
3136 4248
3359 4152
3345 4225
2374 5641
2048 5290
2049 4124
2088 5648
3076 4536
2186 5425
2310 5176
3393 4148
2240 5409
2692 4368
2112 4146
2186 5137
2050 4096
2304 4229
3145 4736
2634 5392
2656 4358
2706 5441
3120 4486
3280 4385
2081 4608
2144 4117
2444 4673
2073 6020
2497 5132
2081 5394
2114 5504
2115 5768
2608 4546
2577 5198
2309 5234
2600 4098
3202 4864
2340 4122
3841 4184
3122 5953
3076 4866
2080 5898
2240 5121
2184 5395
3073 4417
2308 4681
3278 4625
2048 5599
2133 4778
2064 6028
3095 4448
2051 5244
3220 4359
2336 4176
2215 4112
2944 5219
2575 5184
3586 4208
2354 4164
2118 5121
3144 4096
2433 4202
2660 5251
2836 4099
3073 4374
2161 4234
3776 4117
3584 5588
2308 4650
2784 5144
2706 4108
2116 5936
3330 5095
2309 4208
2336 4246
2754 5192
2626 5380
3844 4196
3113 4614
2448 5217
2145 4610
2900 4227
2564 4225
2824 4129
2277 5386
3088 4196
2320 5634
2336 4297
3602 4481
3602 4489
2257 5544
3393 4110
3235 4116
3588 4129
2564 5410
2053 4616
3489 4168
2656 4098
2115 4388
2105 4162
2340 4160
2312 4576
3720 4407
3078 4633
2058 5424
2396 4226
3107 4308
2373 5248
3236 4610
2632 5425
2308 5320
2052 4186
2304 5176
2545 5131
2050 4453
3072 4133
2368 4136
2048 5144
2084 4736
2060 5649
3272 4358
2304 4237
3089 4649
2976 5144
2183 6008
3860 4224
2181 5896
2344 5153
2184 5126
2389 4746
2054 4456
2164 5635
2816 4243
2152 4756
2352 4611
2064 4615
2624 4114
2581 4194
2328 4935
3336 4609
3344 4609
2181 5384
3672 4356
2177 5134
2122 4385
2068 5058
2630 4224
3664 4258
2434 4120
3072 4276
2560 5254
2116 4737
2504 4615
3628 4160
3072 4608
2948 5184
2064 4183
2306 5144
3592 4368
3021 4114
3209 4112
2280 4609
3612 4547
2637 4146
2432 4873
2274 5641
2188 6080
2378 4100
3088 4099
2698 4356
2560 4109
2248 5904
2816 4186
2051 4416
2438 4144
2083 4544
2120 4627
3666 4140
2212 5762
2128 4898
2337 5188
2639 5170
3526 4361
2561 4148
4070 4112
2162 4257
2311 4176
2278 5120
3219 4096
2312 4131
2310 4217
2464 5137
2073 5090
2818 5121
2082 5132
2071 5352
2120 4258
2244 4658
2049 4616
2062 4625
2464 4097
2196 4680
2120 4356
2069 4128
3090 4245
2470 4608
3144 4100
2193 4650
3648 4120
2312 5205
2577 4556
2410 4612
2914 5125
3363 4108
2552 5121
2304 4616
2163 5124
3090 4676
3220 4930
2176 5639
2320 5134
2337 4104
2132 4520
3549 4098
3344 4300
2560 4793
2562 5304
2818 4168
2177 5418
2564 4256
3024 5159
2060 4163
2304 4768
2178 4636
3200 4153
3458 4104
2246 5632
2373 5417
2576 4165
2820 5266
3264 4397
2081 5264
2900 4233
3473 4160
2058 4645
2064 5601
3088 4768
2656 4245
3137 5034
2701 4194
3994 4100
3332 4161
2082 4161
3140 4362
2249 5122
2048 5261
3972 4200
3164 5024
2193 5124
3200 4953
2192 4170
2048 4466
2304 5780
2778 4388
2324 5321
3200 4192
3660 4097
2054 4489
2680 4867
2444 4176
2240 4132
2629 5251
2072 5572
2048 5793
2720 5448
2121 4528
2216 4160
3088 4972
2050 5149
2078 5193
3104 4868
3677 4384
2049 4368
2053 4234
2051 5636
2066 4101
2578 4130
2628 5153
2260 4098
2147 4352
2048 4204
2052 4376
3078 4257
3328 4160
3362 4688
3124 4610
2654 5409
2592 5120
2576 4324
2148 5648
3906 4177
2984 4166
2112 5376
2176 4545
2368 4762
2084 5512
2155 5649
2177 4112
2091 4180
3296 4899
3107 4168
3090 5032
2304 4681
2048 5170
2561 5516
2565 5360
2240 4640
3138 4136
2130 4653
3112 4240
3337 4608
3073 4482
3620 4482
2064 4769
2872 4224
2049 4226
3088 4873
2355 4676
3329 4102
2057 4630
3425 5642
2056 5649
2594 4168
2304 5784
3240 4624
3394 4616
2538 4608
2371 4620
2713 4418
3136 4355
2562 4125
2248 5635
2112 4362
3136 4617
2049 4840
3232 4108
2520 5924
2445 4803
2085 5184
3988 4096
2598 4369
3364 4233
2257 4354
2304 4151
2304 4227
2504 4134
2228 5138
2664 5524
2056 4102
2560 5444
2768 4108
3281 4354
2064 5197
3200 4129
3072 5092
3072 4711
3440 4620
3464 4178
2595 4104
2048 4610
2599 4544
3158 4353
3744 4181
3113 4864
2128 5897
2309 4336
2624 4252
3101 4610
2572 4128
2628 4385
2149 4360
2312 4273
3488 4176
2619 4480
2360 4167
3395 4792
3655 4640
3504 4104
2690 5493
2320 4608
2565 4474
2738 4101
2816 5270
3634 4096
2240 4630
2055 5152
3107 4372
3208 4608
2242 4228
2816 4096
2048 4455
2050 4245
2570 4128
3584 4369
2082 5073
2480 4100
2176 5129
2572 4162
2144 4805
2064 4362
3136 4720
2632 4118
3896 4096
2209 5132
2137 5126
2052 4106
2562 5364
3692 4354
2818 4221
2112 4096
2251 4132
2132 4131
3200 4906
2152 4502
2314 5697
3072 4840
2690 5121
2079 4864
3362 4164
2897 5130
2948 5120
2396 4228
2088 5571
2048 5120
2856 4112
2196 5161
3272 4628
3664 4456
2368 4152
2051 4304
2440 4100
2304 5185
2478 4160
3624 4101
2132 4130
2048 4496
2135 4736
3218 4677
2048 4336
2129 4748
2245 5384
2280 4128
3600 4480
2594 4232
3702 4104
2308 4177
3208 4400
2269 4608
2128 4352
2321 5676
2905 4134
2387 4748
2081 4288
2105 5442
2081 4104
2624 4129
2693 5922
2320 5129
3108 4097
2105 4290
3435 4608
2576 5317
2306 4145
2176 5648
2560 5178
2561 5386
2344 4689
3826 5121
2690 5145
2064 5952
2150 5136
2185 5380
2899 5132
3521 4610
2048 4096
3592 4576
3716 4192
2064 4843
3856 4324
3360 4112
2368 4147
2050 4520
2121 4482
2389 4776
2272 4352
2816 4124
2048 5664
3107 4096
2304 5640
2916 5278
2627 4488
2455 4160
2432 4136
2112 4540
2224 4622
2312 4290
3162 4100
2050 5593
2630 4120
2248 4386
3329 4482
3161 5646
2642 4229
3300 4624
3250 4417
3176 5008
2160 4489
2160 4749
2122 4228
3204 4113
2496 5182
2094 4672
2072 4997
3088 4864
2318 4320
2656 4109
2156 5760
2626 4240
3084 4356
2316 4154
2050 4192
2112 4258
2332 5642
2216 4098
2113 5898
2633 5136
3360 4160
2177 4930
2696 5462
3080 4144
2084 5394
2816 4149
2689 4424
2752 4145
3328 4181
3472 4192
2308 4702
2885 5122
3075 4120
3092 4418
2050 5720
2240 4610
2571 5396
2432 4720
2638 4101
2706 4360
2128 4266
2056 5444
2306 5300
2670 5265
2581 4520
3143 4288
2403 4237
2054 5065
3073 4418
2568 5524
3969 4120
2050 4960
2308 4321
2080 5078
2405 5784
2568 4586
3089 4552
2447 5680
3532 4146
2816 4277
2567 4096
3333 4112
2330 5797
2248 5169
2306 4232
2389 4104
2150 4993
3074 4257
2312 5158
2721 4097
2099 6080
3093 4704
2312 4295
3344 4654
3590 4248
2117 5690
2049 4744
3072 4232
2160 5576
2832 4233
2432 4106
3600 4297
2097 6016
2080 6022
3088 4257
2608 4109
3668 4384
2560 4232
2312 4339
2433 4732
3104 4772
2201 5120
2592 5149
3144 4613
2192 4869
2278 5633
2337 4100
3089 4268
2320 5283
2528 4625
2064 4772
2065 4352
2118 5765
3026 5152
3073 4144
2152 5777
3892 4236
2051 4340
3848 4144
3080 4993
2081 4354
3858 4108
2273 4865
2177 4612
7968 2561
6530 2560
6404 3144
6569 3098
6145 2416
6813 2114
6800 2377
6208 3880
7315 2144
7168 2645
7001 2210
6184 3715
6624 3078
7746 2085
7177 2466
6150 3137
6182 2889
7168 2589
6316 2048
7392 2056
7176 2818
6204 2368
6348 2067
6192 3077
6280 2593
6993 2082
7186 2145
6629 2568
6274 3648
8036 2066
7344 2566
6156 3635
6293 3394
7189 2122
7188 2882
6244 2056
6259 2308
6156 2049
7696 2086
6738 2464
7120 2056
6148 3074
6865 3366
6209 2472
6656 3072
6914 3097
6172 3715
6912 3081
6277 3104
6681 2112
6357 2312
7040 2146
6258 2313
6178 2876
2304 6177
2633 6148
2315 6209
2113 6528
2560 6513
2290 6404
2355 6792
3584 6412
2306 6160
2564 7520
3626 6337
4080 6659
3908 6274
2344 6740
2151 6424
2120 7188
3154 6145
3173 6296
2249 6146
2560 7470
2604 6530
3588 6186
2626 6528
2070 6912
2144 6940
2306 7304
2726 7753
2883 6196
2672 7176
2212 6755
2084 6482
2070 6312
2170 7424
2128 7041
3619 6212
2822 7360
2192 7715
2161 7814
3850 6144
3392 6204
2240 6154
2328 6752
3088 6817
2089 7062
2568 6532
2818 7284
3122 6977
2784 7436
3088 6688
2312 6340
2120 6160
2348 6145
2053 7680
2065 6146
