# Synthetic Kronecker Graph Using RMAT
# K : 14, Sample: 2
# Number of edges: 48430
# Graph generation time (s): 0.09
289 1608
1477 586
2689 1344
1156 2376
296 704
2112 512
260 3146
3223 536
913 1096
4 2914
12 2689
1536 2192
224 3079
1860 2057
1412 42
2339 204
1858 2089
912 7
2192 40
272 160
3074 529
897 1302
64 1828
804 650
112 3592
1304 2752
2880 170
1040 576
87 41
1344 2201
84 3339
1089 2688
1 3202
2560 6
46 897
524 3329
13 1666
1035 704
1027 800
782 1568
2053 2018
2064 1795
4010 7
8 3142
2216 1302
2761 0
132 1120
904 39
1064 130
200 2578
8 2517
101 18
2052 480
3082 68
3596 2385
1057 2890
0 786
2117 656
128 1541
2097 1934
1300 2099
768 70
768 96
257 96
1472 513
513 3282
132 1330
180 769
1314 16
3074 2192
224 2580
131 88
2596 1098
24 259
514 153
1924 8
932 14
1320 2567
448 3116
1569 2176
112 257
1408 10
3264 3
2178 328
650 64
2240 517
400 2625
104 3074
902 129
1033 2176
256 2694
2436 1032
64 1576
64 2602
4043 12
0 1804
66 2048
1040 901
168 1280
256 2065
2152 516
2848 276
72 2178
655 256
2400 1052
2153 384
387 512
1280 245
3 3364
1557 234
1152 336
3472 40
2096 6
2372 9
10 736
1024 199
1170 2117
520 2084
2 404
1624 290
2184 338
1153 2380
2049 1058
2577 1472
2112 1046
2048 1624
6 160
1602 388
216 1
1064 2515
291 2644
3170 1288
196 1800
257 1152
768 1194
2121 128
3969 168
17 3650
1216 777
2051 784
193 2307
3074 556
3488 3
96 1280
2153 132
2308 544
1167 2064
290 208
1056 2563
2621 1026
1102 928
515 264
2114 276
6 1
96 2180
32 2176
809 196
3077 704
328 1687
1096 37
8 1158
482 0
585 2336
13 2258
886 2177
3221 10
1028 193
153 1122
16 3712
2359 0
2784 260
3856 2442
684 3088
1108 2209
294 1040
1442 2049
2054 1128
2435 1696
2433 86
1153 48
5 1866
3840 35
3078 9
288 522
1168 838
270 1160
577 46
902 1088
224 529
2570 41
2560 7
76 3
528 1344
593 3204
618 3329
579 400
128 2131
388 1584
2276 1537
336 2050
60 66
2049 226
3424 141
516 1112
196 2048
1136 265
8 117
1088 1166
3 2340
2304 1111
141 320
192 2857
1160 2386
3216 559
2 2049
3298 154
1589 128
1804 0
1329 68
168 595
386 1089
3 1792
134 344
1056 146
256 2086
1860 2224
2050 1221
5 2192
2205 1312
108 2179
78 33
2048 1615
1302 2152
3360 72
537 2130
2176 2305
1936 64
1089 136
276 707
1156 2624
2578 224
2569 96
1100 3
35 3017
2561 1338
2576 145
517 258
38 328
1153 617
72 2818
1321 646
1197 256
1032 512
528 72
2120 1027
32 2583
80 1
22 1
1280 2249
564 2497
1026 2440
614 2320
2386 40
64 3879
162 806
1028 146
708 33
1585 200
340 547
132 2602
16 2913
517 130
2080 215
672 1
905 2066
1700 64
261 520
1666 76
2064 1901
0 100
3080 2544
512 3331
522 81
33 1240
32 2433
147 3360
705 292
128 771
1600 306
3174 129
1056 2654
2071 0
2 1536
2858 197
898 116
836 2202
2304 512
28 288
2176 268
257 591
1474 25
159 1376
1192 320
32 137
1063 208
2577 4
2434 96
528 1026
256 168
34 9
144 1063
1089 48
181 2122
209 2570
0 3650
72 129
515 384
2065 1216
263 736
1160 564
138 256
1158 584
3233 530
1856 173
1797 2
2267 2816
1603 2304
0 1185
135 3948
3080 2529
2624 1081
1929 2052
2432 56
136 2564
1033 598
344 2052
2048 714
40 17
11 548
17 4070
577 1166
145 806
1348 165
2240 2067
577 3216
793 3142
2071 1281
34 644
2074 1
65 3110
836 136
176 2500
1030 592
172 70
3232 29
0 1410
1234 641
3714 376
39 3472
1989 34
2314 564
565 3072
1248 1
3458 16
769 2122
50 517
1024 711
35 1108
3584 199
1536 16
0 48
424 2114
2 789
1604 354
256 736
520 353
2084 705
3444 11
1060 778
1048 2082
35 1736
258 1097
408 3264
272 1537
66 1033
3520 7
2378 161
16 1824
614 3073
2496 548
1088 4
3090 36
3648 32
3352 832
64 436
1865 66
10 3329
5 1120
666 292
1104 9
2836 1034
1554 2221
21 1318
340 10
2193 13
2057 1074
2 1844
1088 523
104 1291
8 146
544 280
1282 60
2140 1056
2958 19
128 2091
896 3087
1155 80
2190 0
771 2116
712 20
2084 20
16 1698
395 32
161 2
2400 155
2049 160
3008 1026
122 1939
2256 800
3568 1536
1104 548
1282 2768
3333 760
2376 689
3104 264
1025 138
3080 4
916 1034
1 2200
546 1104
2178 1536
144 2370
3645 0
587 1204
272 3658
417 2632
1282 216
2 1357
325 1056
50 320
1152 2406
1438 0
1233 772
3240 513
592 3263
514 2248
1092 0
452 537
1932 2081
16 424
629 2048
1043 2208
3167 544
1988 2
2144 1155
2322 1152
3568 0
1153 18
524 2048
2112 29
3336 1
1674 2112
785 2052
2052 144
2124 1056
312 1026
325 42
1169 322
1058 657
3286 264
268 881
3594 289
516 442
2768 128
3560 6
1344 8
673 1092
1543 2240
1041 2084
578 316
2076 1280
368 2568
2056 1094
9 288
307 2176
1024 263
817 16
2176 1080
2054 449
80 1703
2051 292
1120 784
648 97
387 2088
1800 135
578 2232
0 1005
516 256
1357 2
2212 1035
4 352
2096 1866
418 1749
2122 928
4 232
64 3228
3072 364
2113 912
2176 105
1056 2505
3084 528
8 3697
516 289
48 2240
2336 1088
128 1144
326 128
952 2048
8 557
3172 145
513 3686
2304 1081
3306 0
578 2185
0 626
641 2074
72 1843
2147 904
2338 129
416 3162
210 3076
2616 389
36 1664
420 512
288 15
2064 962
1056 27
2936 7
4 514
152 98
1414 2681
897 0
68 1186
12 1105
236 770
2566 392
2594 385
416 3648
3216 9
2168 1157
1030 2681
3 2156
304 1544
151 2304
1542 2059
512 2177
291 1024
3883 144
2049 484
1025 2676
1958 2049
266 496
2816 163
1477 522
1186 600
529 294
1608 2432
277 1026
1089 56
3089 72
3777 24
0 3457
2642 1960
0 2096
1540 168
2304 584
3072 786
3076 544
1104 2177
0 58
3130 261
258 1561
196 315
34 3844
2133 2346
256 2116
2565 106
132 546
1189 576
3178 16
1801 34
37 1178
3186 136
1 144
0 2576
71 2612
288 7
537 1024
582 2464
3141 682
1320 4
128 100
16 6
2048 1590
1509 10
783 3072
2244 515
3024 34
0 3625
1040 204
1216 2593
304 2248
452 417
3864 0
1161 2660
136 2420
2724 8
1320 2640
1153 2096
1080 2119
2696 1301
2052 290
2058 1504
2228 1282
6 1072
1197 2112
0 549
2282 1028
1416 2643
1699 64
2049 66
187 516
265 672
2048 1634
216 1842
1280 2176
75 48
1132 1
2230 1089
409 32
1285 130
1088 2204
528 1222
2118 1177
248 772
102 56
2293 514
1922 2105
264 3620
64 1158
2314 224
260 72
2105 256
2092 7
3096 546
546 3520
50 1161
208 1824
42 260
108 3074
138 2661
544 1289
3097 292
13 864
74 3713
1090 769
2420 130
137 3088
788 2146
848 1156
2328 65
1824 214
362 1035
3139 160
640 3392
2050 825
2177 514
134 1024
79 32
1088 130
1562 1156
773 106
42 1408
2848 1233
1096 71
415 32
1066 832
3091 836
43 0
858 1025
1292 192
307 2176
1248 794
129 8
2308 218
10 33
256 132
1794 2051
192 9
132 0
288 1160
18 3529
4 2584
3604 1064
686 1104
2348 1603
1 1110
1680 1093
2088 400
2740 1099
2624 129
2058 1312
330 3204
410 3073
1348 2192
2197 3
608 19
0 3482
1220 34
3078 793
1028 2872
80 417
64 273
257 3776
1728 265
1120 94
864 1045
2385 160
2628 385
2122 260
520 260
5 1842
248 1027
1089 408
193 0
2240 1712
1258 320
776 132
612 3209
144 3659
37 2834
140 290
3256 1
1153 850
2441 516
3040 13
2297 1280
6 1969
10 64
385 512
2976 37
2372 1578
2192 320
2346 1536
288 3648
1152 596
280 1153
2276 520
460 2593
260 648
2180 122
149 2314
129 810
112 2446
1089 64
3468 33
76 1153
2096 704
1285 34
1542 2056
3392 5
514 2121
2127 0
2070 192
1032 208
3377 192
2112 154
729 288
2250 1025
18 2317
3974 0
1942 2056
2194 512
264 146
2209 82
2709 2
1598 2176
2460 1088
2329 1030
171 3860
514 2324
2952 87
52 1794
130 2340
3098 256
20 2440
64 562
2176 84
3080 610
1443 2132
3843 112
656 3
720 37
2048 1121
1228 2721
1170 68
2697 22
65 434
937 3136
1292 2241
2092 131
145 320
413 3138
128 803
681 1028
1026 392
2048 15
338 1192
2594 1029
480 0
289 10
924 1027
2049 512
2099 128
644 73
3184 1034
0 2342
528 10
532 40
1633 2455
3 1132
2049 744
678 2048
320 4
2214 80
322 1945
558 1264
2228 1819
9 512
136 1137
3080 516
677 2120
1216 2306
2690 28
1032 196
34 1609
2560 1864
2474 1280
524 384
2586 96
1040 2714
6 280
496 520
292 642
0 1136
520 20
383 2177
2068 1162
729 256
2448 69
2176 1954
1632 2315
390 2608
1670 2388
3588 291
248 3072
3081 34
3621 282
2 3345
0 689
2851 2588
2180 1393
2177 1606
1089 682
1539 2184
517 1216
8 515
5 1426
2048 1159
1056 150
234 2049
3652 145
1312 2705
1353 646
2849 1098
160 16
513 36
4 2618
537 3456
1352 736
835 2088
1351 528
176 2570
3979 16
48 2188
1793 134
0 15
2050 157
1613 2050
0 5
1088 1085
865 0
642 85
2052 424
1 522
1088 2592
2274 256
22 705
409 0
64 149
6 3320
707 3100
0 2592
662 256
17 256
768 1089
1024 392
782 2064
1248 6
656 5
1064 386
203 3856
1044 904
272 2176
2240 8
527 1120
1411 636
2560 1373
2056 1056
1284 616
57 1664
459 32
2373 132
2240 1168
1433 2048
1032 658
1144 898
66 2604
2946 37
65 2194
68 1313
33 670
597 2050
265 2178
580 3075
9 3204
2074 1632
0 3286
272 10
513 1058
2116 1320
384 521
107 1944
2560 52
1601 154
2260 1794
3682 137
258 3588
418 2628
0 839
64 18
525 2544
2305 3
1182 2624
96 2319
1393 2692
5 0
0 272
37 2178
209 554
130 4
528 2248
1281 560
18 1280
3328 0
32 1158
3329 728
1632 2092
549 2320
34 1664
172 769
3171 24
532 1
2107 1284
3076 426
274 0
2634 1156
2213 1024
2179 522
49 2118
2437 1024
3086 17
1632 42
122 0
2049 5
2309 1258
197 2562
2080 458
2436 104
2048 1069
2560 1167
257 1048
40 471
2112 48
519 1352
1028 361
1033 498
8 1620
2700 64
2341 1234
268 3778
2706 36
76 2449
162 344
393 3142
2579 384
266 2624
270 3264
272 512
516 2338
1024 10
3072 552
1025 136
2368 688
40 7
0 572
216 2052
1113 2214
1116 2816
302 640
96 1549
2850 12
1338 580
2305 1190
2144 2177
74 2101
126 769
24 2977
1328 2240
2370 9
2476 1122
1166 0
1120 1
0 3076
2116 1025
8 2245
1073 1024
0 1260
532 3392
2566 256
178 2316
65 32
2560 232
277 74
1057 20
1990 8
2313 660
1585 402
1538 48
716 50
3141 648
3330 640
976 2081
2200 42
80 393
1028 2763
1122 520
60 1281
2573 256
3362 548
2072 710
2220 259
27 2752
2880 159
1728 2110
1059 0
2834 1152
8 1315
545 1114
1544 405
2 2733
3154 137
0 3136
275 1632
2070 528
1092 16
1292 704
196 513
2445 32
2508 34
1152 2836
144 1568
60 2048
2209 328
624 128
673 3074
1767 16
420 1552
4 49
196 24
1046 2600
1 12
2344 1
2145 256
528 328
4 1304
408 2592
320 44
1236 8
2434 537
128 1384
3795 296
69 3202
1164 2048
52 3778
1061 208
140 833
258 516
528 1453
265 227
24 643
420 1097
1252 2328
80 3086
2848 132
2650 1284
2100 2
1300 34
1196 2369
1024 2294
161 8
2148 1435
2450 1068
1600 409
260 490
1680 2092
322 528
1028 321
537 2066
1120 24
336 1664
678 3032
3126 704
1042 2312
2585 1156
0 2322
1056 2193
3085 160
1216 14
2390 35
2148 1170
20 0
2824 82
65 2312
338 1189
164 2329
3670 9
3090 293
1095 640
136 1094
1548 2112
2624 1064
34 2944
393 2598
2634 1056
386 2116
128 2159
2568 226
644 3145
1665 2050
2088 1729
512 9
568 134
2112 1056
522 164
3073 914
2314 565
673 2140
6 2080
1673 2162
32 268
2858 65
1093 2208
2120 144
2054 89
2091 960
1232 2850
652 3138
1428 33
674 1108
341 3106
152 1858
770 3112
281 1218
2052 1728
326 40
272 1122
2614 8
17 2
641 2056
3529 6
1032 672
258 628
560 14
3632 8
3078 24
392 2052
2502 40
2186 596
520 1344
616 2070
2080 5
1346 680
10 256
3328 592
2855 196
2633 402
666 1024
3155 288
138 1796
1536 64
1793 20
1098 2724
323 512
304 7
1033 2816
74 3728
2 2128
1079 0
80 258
1052 2432
1283 164
2701 1026
0 3586
2210 1092
1054 512
1254 2048
2186 560
554 2432
1425 584
6 432
528 1832
1046 656
2162 132
144 14
2048 89
164 2832
3011 36
12 1122
283 3296
117 906
274 2057
393 2640
80 1536
580 0
1507 512
516 411
652 1377
2 2469
1296 2700
66 392
80 3725
552 2371
195 2048
2054 272
270 1169
73 2066
1810 12
2344 81
225 2304
3776 21
2594 1036
336 1280
130 2972
561 68
3105 2432
0 62
2129 270
212 1793
296 3715
2172 323
516 1042
3328 679
531 2360
674 2137
1344 521
1 1746
548 1320
1044 226
2145 1152
2184 1571
34 776
73 1058
1600 237
562 1153
419 1564
781 2128
530 1024
2537 1024
522 3172
3136 788
322 2600
60 2315
338 2060
2116 1592
2624 1155
214 3880
1 620
614 393
3076 154
1032 641
193 280
192 56
10 385
1024 576
896 3185
2474 0
412 2065
1288 2194
324 128
450 3076
128 2397
1422 88
1024 2181
274 1152
1042 237
2097 656
520 3105
770 2264
1156 2114
1288 643
1408 2605
344 167
48 1728
141 3890
3200 17
3360 88
9 2
2178 1596
712 1027
130 333
2048 16
2753 56
448 2562
2208 1299
2864 1155
52 1545
353 2744
1028 129
2852 83
42 1688
3083 912
69 1442
1220 563
409 2124
842 0
2904 2
2618 1472
1168 297
784 32
2180 1346
1189 2048
615 1664
756 264
41 1620
2081 604
8 1460
290 4
2054 33
1380 2048
524 2050
720 1028
2228 579
390 33
35 2432
263 3720
529 2178
50 3144
3338 81
898 1100
660 42
708 1024
193 258
1117 384
2481 1102
2114 25
937 1088
160 67
288 130
1793 30
602 256
1153 2084
2392 1542
3097 32
2056 340
2691 1024
2108 258
2048 534
1120 2307
17 72
1027 2120
9 3330
81 1796
410 4
711 0
44 513
1668 1354
776 2222
1088 2245
2464 1344
8 2112
20 0
74 612
96 2460
0 3116
0 3874
514 1345
908 3168
697 2050
512 11
2434 1605
1152 513
388 40
1792 68
53 2818
356 2049
1200 2562
2383 1056
2462 1641
512 1421
1034 453
1056 2440
1232 801
2112 20
2396 1568
736 258
3408 0
8 3655
2074 993
994 2065
3296 512
269 1648
341 1032
2053 1272
321 3072
829 2176
1027 516
527 1456
3344 201
2822 113
12 2576
2213 1536
48 2118
224 1821
2324 97
70 1713
195 1828
64 547
960 1057
1298 2085
2368 163
1040 4
1292 67
521 288
2703 1056
39 2560
1024 525
416 80
800 1041
1040 74
2210 1041
3840 131
3658 177
186 3333
2200 1028
2078 544
1699 2048
544 3084
2369 660
44 1745
2 1164
177 2344
2840 128
560 1472
168 65
816 3148
423 528
74 160
12 850
1476 16
3456 610
434 257
384 2073
164 3395
2156 262
2693 1144
2357 1
274 3648
587 3216
652 1344
1200 2312
110 2753
136 2065
337 3756
1613 290
104 3329
2618 1284
178 265
312 2050
3373 592
1093 2216
628 2048
92 3618
519 2330
20 2304
2050 0
1852 144
2049 38
41 132
1570 2176
3651 17
1609 422
2816 244
654 3440
2773 8
560 2
512 1
1060 946
1 888
2117 424
3342 129
2562 309
710 33
230 280
88 1446
2306 1049
976 2051
1459 68
48 2183
3398 528
386 2068
592 1286
1096 2867
2096 2
3152 258
544 281
28 1248
389 2106
512 1065
960 41
2124 1792
2053 1472
63 576
817 0
256 1160
1029 8
3 2056
1237 2080
132 865
2496 1050
16 2561
521 98
1308 2050
1032 160
292 208
1128 2
273 3748
18 268
403 1568
2071 1864
258 684
2581 386
2183 64
837 1064
1236 2061
525 224
40 3282
426 80
19 1472
3460 56
594 3336
2112 1052
2242 773
896 64
2400 1543
532 1226
8 129
500 3586
3216 292
842 3204
2380 544
1924 35
68 1281
3 3584
2115 928
352 5
1 136
2307 560
736 14
768 66
771 1060
3080 400
416 1089
2598 1544
712 1044
204 0
202 1804
774 1672
1153 22
557 320
528 169
1152 2376
146 9
70 697
2945 68
360 3714
2051 820
289 128
52 3592
594 3086
450 557
528 3392
385 1144
3088 259
1188 2329
2944 5
2648 1314
2942 192
164 1
2600 1024
512 2229
0 21
3974 0
72 2722
66 2817
1156 2169
3012 11
264 3139
69 0
2052 650
2560 200
36 129
516 8
32 2368
1153 6
1888 24
146 1572
1 1256
2048 389
2196 1
875 2052
614 128
674 24
422 593
592 3232
57 1986
576 279
2122 160
3202 552
2148 1425
76 928
0 1728
528 69
192 3599
640 2112
84 1794
578 2073
564 69
2344 208
652 1281
8 1780
2849 134
2048 104
16 161
73 1408
160 2387
608 152
100 3721
2352 708
257 3286
3394 572
616 160
514 2385
640 122
2448 517
49 1290
2123 784
708 313
1096 769
0 2212
5 664
457 8
1025 2120
514 181
1249 2320
539 2048
132 1576
1296 608
305 1162
768 2069
201 1586
300 3072
1089 2996
1038 257
1077 322
16 66
673 18
2187 0
246 257
304 704
788 65
1055 32
2456 64
544 1161
24 2145
1024 26
928 24
1184 586
1129 2564
172 513
1297 840
1152 512
4 1
2064 581
1548 2114
208 2314
906 1061
2052 897
788 65
32 387
2865 1062
164 512
2308 656
64 3720
0 1861
542 128
2073 2
668 1074
2056 1570
38 4
34 2448
194 340
7 512
2383 1184
1343 640
2048 1484
3265 800
40 272
1096 261
2184 340
2081 1410
587 1044
435 1090
1634 0
849 2054
1280 608
4 667
1730 36
2053 1600
2691 1040
188 1357
512 76
3649 188
4 144
2440 545
388 2
2048 715
123 3072
1024 226
902 49
2082 1345
2499 512
1537 476
1348 1
2070 1
2384 1158
204 803
2048 1289
544 1162
72 3590
1701 24
1024 652
272 3180
289 606
320 1046
388 1138
641 40
1140 2304
530 3557
2112 436
141 3424
1088 35
1793 20
1800 2117
34 76
2176 1110
3153 768
3136 315
320 2576
0 145
386 120
1568 74
816 2061
4 1121
2170 1577
542 385
1155 2568
2208 660
64 1192
685 2130
801 146
1034 2944
2881 16
269 608
2404 529
8 2880
1153 552
384 584
9 774
565 132
1 2392
903 2112
2720 2128
236 281
2630 2056
508 2064
3076 697
2091 1428
128 2882
792 256
164 523
592 2436
130 3348
3618 1153
322 1052
626 2053
4074 20
92 2946
645 2170
283 548
1092 2323
720 394
3236 856
569 324
2157 1936
15 192
1058 133
1056 324
33 276
330 13
1830 73
2584 1088
32 270
967 2208
1536 2148
208 1796
1057 2590
32 2012
364 3089
3187 0
1026 176
552 7
0 1117
3584 16
2378 529
38 848
209 0
320 2176
544 192
513 1028
266 2689
3266 800
2080 1157
1172 866
34 580
88 1028
8 2080
1384 2192
0 857
836 409
576 1158
608 24
2853 2
843 3236
579 2072
2820 1129
512 3085
152 2086
1412 2120
2586 160
1154 268
1155 36
236 2073
1 3212
2581 330
768 1069
1039 0
2048 1852
2176 330
3907 26
166 3584
32 542
576 393
1059 512
778 1201
146 2308
4 897
3119 336
2082 768
2472 516
1 1600
1388 2706
2313 164
1806 2129
532 387
1188 2640
1320 2820
1059 256
1153 16
2080 1105
2595 264
512 96
64 419
3227 836
720 2084
2537 516
512 3496
193 2066
3364 131
3761 270
39 1032
675 3412
880 6
2056 432
905 1024
58 1537
96 3591
2052 326
644 2345
1028 488
192 535
25 2912
256 1036
1304 516
312 704
64 3368
392 1540
288 2387
920 66
128 2118
1042 198
2840 1155
50 140
3880 130
2212 2049
1640 260
1840 66
384 50
2816 1219
464 545
1264 2304
1032 321
1592 2439
2866 128
672 264
843 1152
976 8
3265 30
592 34
68 1969
2252 17
12 2400
514 3289
258 1137
1280 113
96 2316
278 673
180 2377
1536 274
576 2722
1792 203
707 3108
260 80
1219 2568
1424 2628
2832 1152
2576 1024
1057 0
656 1067
3090 1921
764 2
64 132
783 2
104 146
804 128
2376 1680
1542 144
42 841
1188 576
3623 296
136 1888
1312 665
1 3072
642 32
520 1104
2 2096
276 2051
3077 608
1064 832
385 2636
161 66
2168 1286
8 1667
129 2304
1152 301
129 2578
768 1169
0 161
612 17
528 2338
277 32
1053 256
1561 82
172 592
2984 64
2192 1349
2089 1042
452 1544
141 66
850 1159
6 0
854 1025
3081 16
65 3328
1089 2578
11 32
712 3076
3110 832
2144 1675
3744 322
1544 17
640 2113
78 3456
80 142
344 2563
1120 132
0 2689
396 2064
2192 1376
462 57
2049 1296
3075 844
1350 2049
1045 130
1490 513
1288 243
1281 2234
280 1092
1280 2190
1475 2096
39 1089
320 1062
88 2851
1168 2112
80 149
92 3712
3282 772
1088 2056
30 65
2241 808
3584 15
5 1416
68 384
161 594
528 362
102 2817
35 1032
844 1072
30 2144
288 16
2058 518
400 555
1939 2148
25 1026
3584 330
3091 512
2312 609
1024 1
680 2307
1091 2060
2068 1450
1412 3
15 960
16 226
2192 34
584 52
546 2176
4 2313
3338 677
3306 516
86 776
770 156
129 1568
1281 588
1412 1
1056 2979
738 16
2906 0
901 1026
3843 0
32 1761
1108 2568
3684 144
2114 161
912 2113
1152 58
262 2112
657 3360
483 512
716 1049
2593 0
2328 517
2056 131
2054 112
2363 128
1 2131
36 19
576 145
1600 80
1442 24
1026 2073
2060 801
1 1906
64 2049
2570 3344
2292 768
79 1664
3122 456
2208 1024
1552 3041
3138 937
15 2752
81 1960
424 2567
522 3108
2434 35
1032 1011
210 2560
832 1196
1676 2516
2132 67
3536 553
260 154
353 2688
88 2048
1152 13
16 2568
8 1651
2304 1166
2689 34
3074 2565
3624 130
256 224
772 98
2118 688
834 2200
3427 140
416 2050
2944 33
553 144
1601 132
548 2048
2720 260
132 736
1871 2048
469 3584
796 65
1280 676
3305 256
2240 1316
704 258
793 38
129 1098
2470 512
260 3600
128 41
2076 387
208 1536
1102 769
40 1552
256 1229
512 1344
40 1601
81 682
2360 1664
270 1233
2434 516
320 51
3873 142
3861 136
2057 262
1024 2926
616 1283
1176 768
291 512
642 3360
536 3207
2274 257
2571 164
1232 301
33 2322
4 81
6 2105
644 1304
580 440
0 3116
2112 1848
2049 1280
20 394
2580 384
1346 161
292 2569
9 706
2 322
2434 24
1600 2074
3200 524
1028 338
212 3587
3172 19
2568 1027
2996 1032
530 64
25 166
1188 816
1632 388
9 290
1026 193
612 2057
1026 37
516 10
259 2228
2048 1026
1320 131
288 1618
1672 291
2148 128
68 1840
1280 35
1408 2080
2817 18
16 705
2320 646
560 3074
531 1036
1026 2928
1048 2082
3904 25
10 1047
224 269
192 2
1267 25
2752 1281
1280 49
656 2089
330 1200
112 2695
544 2324
3136 642
579 2076
324 546
2082 1540
260 2730
1090 396
570 1
0 3636
41 68
3860 2186
1544 48
1162 97
2178 585
2048 1043
1044 73
3080 497
160 1033
160 2836
8 2215
90 2212
512 7
2088 16
409 3074
128 2561
4 2114
2578 1443
422 9
3044 80
129 74
132 881
2664 1025
1507 0
580 265
1808 6
1384 512
1042 820
548 3227
64 2438
1312 2712
72 563
3216 9
291 3788
128 1058
352 1164
1548 2080
2260 513
34 1664
0 1285
1848 0
780 3184
288 3418
3729 256
96 918
640 1144
90 260
769 172
2184 272
24 2116
771 240
1312 133
561 902
776 2131
738 0
129 8
1984 4
42 1221
32 1296
29 2050
225 2578
144 326
3100 770
3084 225
1168 608
65 1040
177 1536
528 364
2440 22
3 272
2090 1600
1312 13
2690 1349
1856 3224
35 536
838 1200
2249 1792
18 297
2312 2641
3489 520
0 1538
3587 236
90 1797
2068 1450
0 2181
277 2240
10 2901
2177 336
4 2048
524 64
2144 768
336 3716
88 2081
1026 169
752 3339
646 2321
836 128
277 8
2179 336
1041 68
3080 37
1092 282
513 3136
524 1091
784 164
2055 1136
257 3160
197 2568
518 368
2560 323
181 514
1040 2570
2592 265
18 617
1552 32
517 3090
2625 1280
143 768
2760 305
640 291
3072 2580
1044 954
544 145
1072 256
2315 3140
9 336
3216 514
1104 768
125 2696
1172 267
69 2866
1536 456
1801 2704
20 712
17 2268
336 1
289 212
787 2240
160 2136
1028 194
2848 1104
2051 881
328 737
256 2257
1560 2
658 105
3520 2586
133 58
64 516
5 2050
2096 1283
2050 525
137 32
108 145
96 2840
3428 640
3074 396
154 1792
72 515
1 3760
144 3331
2136 294
2057 848
9 2500
2530 1
644 69
49 324
1684 2400
1190 2392
2599 8
84 10
58 836
2282 1792
83 2820
9 1568
2404 25
2324 3648
140 517
2305 200
265 2576
2054 577
769 0
1288 2112
3115 560
48 1536
0 294
136 304
2112 1800
240 3344
1090 1561
577 1160
265 2128
386 2605
579 3116
770 148
550 200
2128 271
769 220
0 160
1154 97
650 240
2464 0
2626 32
2080 1286
802 3157
8 2832
640 3711
360 646
3082 881
164 2571
769 84
3369 150
26 320
148 1034
2501 32
68 808
1586 2057
1104 2433
112 3589
260 1043
2322 1161
2576 1410
1580 17
1552 365
265 3698
202 1040
219 772
256 2632
2320 1670
2309 96
2306 192
12 3376
1544 1312
301 210
1156 2650
778 181
2089 1776
1028 523
3 308
37 2330
876 1169
411 612
231 272
128 349
2078 1184
721 2336
2337 1160
2235 1024
3138 277
2112 1298
1152 2059
2245 48
1538 1048
2604 32
282 2693
2099 136
32 1537
1749 264
2060 736
492 2560
1345 32
128 24
1032 2055
1939 32
2433 512
1084 0
2816 116
1536 46
240 2304
1570 76
1192 2322
3089 142
1280 615
116 2306
1672 68
657 356
588 1152
2834 168
2114 1081
4040 0
389 3136
3585 460
2116 29
272 516
257 2754
130 536
994 2060
1225 2848
2117 1026
20 3112
770 77
88 132
1071 2304
136 2083
1094 305
40 2433
3372 576
3392 147
2063 832
1042 2664
3392 18
2564 1202
784 2118
3202 860
1075 772
1 694
16 1546
216 2341
37 640
176 2310
1354 129
88 164
304 1034
1091 2196
3195 516
441 580
2869 64
2048 1682
210 292
263 1242
32 519
33 2184
3108 715
136 1042
1150 2048
2884 1026
2049 34
842 3093
2144 4
524 352
1361 518
2082 72
1046 8
388 2160
73 1794
298 2624
196 547
2080 1563
2320 201
1079 2176
147 2056
1824 213
645 322
3124 267
160 327
2548 512
48 3332
1561 2208
136 3904
1217 522
515 2188
2048 538
1 52
1866 2257
150 41
133 1792
3072 332
620 450
2089 1552
304 2180
2570 1088
0 1332
2054 176
2092 1345
2064 772
3241 88
2328 0
59 2132
592 1160
1704 260
2464 1610
289 518
596 1216
530 384
1400 2689
656 2053
48 3014
1354 4
400 577
1094 2057
2208 8
498 1025
1242 2080
173 82
1032 65
2114 301
2304 635
512 400
2786 12
304 3146
144 1069
1392 2061
158 1089
0 1315
1 2568
3201 80
5 322
3411 160
1089 2178
99 264
1602 281
160 1565
544 1027
1 644
2568 710
649 2304
163 860
801 194
326 2697
358 16
527 1408
932 26
1556 32
3720 210
43 64
1110 2080
1025 282
3342 721
152 66
804 24
642 320
1558 2177
2248 1301
138 512
28 1416
554 2304
2060 18
16 1420
3393 562
2048 938
16 3618
544 3355
1232 1060
785 36
0 3229
2089 1804
3300 528
1029 18
780 1185
99 3716
2306 553
1026 2088
160 264
129 30
2082 399
57 832
1393 10
3088 43
2064 45
497 2076
1061 986
2637 1170
529 1222
72 1072
2100 1416
3656 308
145 1572
2144 17
64 1154
16 1331
148 3403
32 3473
17 2724
1089 2184
3076 896
68 514
2048 1220
1025 42
1028 2275
2576 261
521 192
3 1852
2048 8
4 2192
16 2081
224 2316
2688 1058
2 9
1546 84
110 3856
1288 1393
1029 0
227 772
1146 2689
1536 408
3136 801
515 388
10 1109
1050 2241
1313 2692
1088 2178
2624 1235
41 2054
1155 356
8 2672
256 23
1920 81
2691 68
517 552
2176 24
296 1602
275 3112
2083 0
3592 309
63 128
2050 1180
2344 516
1416 2563
84 1185
537 3269
2056 205
229 1792
2065 896
341 1664
2270 800
22 1
3215 276
1120 274
130 2112
1233 260
1064 1
2384 1028
525 80
1282 4
832 29
1024 2671
660 64
1044 2634
1109 2312
709 1034
396 2611
0 3074
2560 1091
2644 393
372 130
273 2108
0 3272
2140 1184
476 2
1049 2922
320 2214
321 2228
173 658
193 258
3139 272
6 113
1682 105
1056 842
961 3084
132 3922
2712 39
101 770
3 128
1058 76
512 0
2569 1088
2506 20
2115 24
180 10
2056 33
1284 34
896 1030
1297 68
10 2241
1028 2784
124 512
21 10
649 112
66 21
2048 1239
1092 1
1096 2090
0 2448
288 8
2140 640
780 226
2696 80
1447 576
109 2322
2505 1536
16 172
1123 2324
1484 19
1601 306
2064 545
1075 776
1024 896
1434 2117
2340 579
48 3654
6 136
1037 960
643 64
2176 36
2 3620
769 1106
2072 64
2340 3144
208 546
198 32
1488 13
136 36
2 928
1296 38
1060 65
984 1028
514 3525
1286 128
3008 557
515 2212
2178 541
2613 0
1174 0
64 1084
3 48
256 131
295 1040
514 1333
2245 256
33 88
13 1728
542 448
2080 646
36 1032
1041 332
518 16
51 3776
1369 514
133 3074
548 65
2600 16
2662 256
64 10
96 260
657 2052
0 1154
1024 2184
4 112
546 388
2178 68
2176 265
0 2312
81 3074
1057 2306
128 3079
7 3076
0 3156
155 1028
158 2081
352 3220
1030 200
1040 2816
2128 2476
3138 2076
2137 1058
706 1321
1032 2068
0 3974
185 4
392 3686
1312 533
1753 2080
2 3113
1120 2310
5 160
2064 1861
82 133
545 1298
1537 2160
1 3688
102 784
26 2880
2208 1606
529 3232
1068 2626
449 56
1475 0
72 2341
1800 2051
1973 2114
257 2126
16 4
332 2226
2199 2632
2692 1289
2 1220
2 661
1426 2149
2433 1026
26 1797
418 1552
800 2061
0 87
2243 1824
513 1250
25 770
128 1142
2340 1026
2061 1666
553 144
1283 520
192 522
2162 804
2327 1192
2618 128
70 1849
300 128
374 1032
512 2561
74 644
936 2112
2210 920
2352 1024
2080 542
48 2058
1024 2707
529 14
26 2118
2231 322
1792 7
2571 256
1032 68
842 144
2193 616
256 2604
1152 2376
2096 1611
904 2593
2221 1552
2328 1220
2408 1155
46 577
262 3072
3865 50
2052 1240
258 2624
2144 256
545 204
1544 2176
448 3096
3764 256
76 2048
1040 36
850 2052
65 3590
268 161
84 2094
2048 2093
34 2632
540 2240
2438 8
1387 640
4 328
386 513
196 2336
2088 1025
1073 2048
784 298
2084 1344
2184 839
2049 526
2057 1152
1025 660
1040 2564
0 320
1089 290
16 484
1360 8
11 448
132 1793
1178 581
4 192
3618 25
900 65
1699 2052
288 196
2056 4
2193 1280
1089 2467
3288 514
1074 201
516 328
2314 1072
449 1056
272 1031
160 13
46 1152
280 1059
1185 68
0 1544
1036 2192
264 2096
2434 1581
1236 33
2184 279
2060 48
534 2528
882 3073
2 169
1408 595
3075 574
291 72
0 2729
1780 2312
265 150
2064 515
34 0
964 3098
440 513
3072 945
2624 150
2308 1570
27 2116
2624 1434
2316 51
2380 672
61 256
3082 768
132 282
2572 1504
2058 1136
189 256
3968 6
2800 1422
1608 274
1 1136
2693 1544
131 372
2069 352
2304 60
690 3332
3344 646
3074 933
1024 643
16 1040
1034 328
512 1056
4 323
544 1095
35 12
388 593
2216 1028
2477 2242
1281 2096
145 2304
2312 642
1 2940
128 3333
3849 0
3202 536
289 3672
280 4
1059 2064
1024 712
2060 1121
228 1304
2087 1104
2840 224
358 3200
2611 32
1540 99
2633 18
2088 1564
0 90
328 1024
1129 2312
2625 1288
2368 1162
2317 144
1104 525
2568 1319
561 2248
2049 618
104 2064
61 2560
132 17
2601 838
38 585
132 3632
344 38
2176 262
266 1761
3345 524
264 96
216 1062
13 3792
3396 34
3019 20
706 2306
532 1090
24 548
2563 192
105 644
2088 576
2400 153
276 9
1664 2089
2633 4
512 2337
2111 0
1282 2592
1666 2048
2578 21
4 1411
669 98
2187 128
2176 21
17 672
1182 2664
898 2136
1281 646
2696 1109
1591 264
2896 45
1536 478
710 300
264 1092
2560 1587
2195 1549
524 2145
1723 2372
2081 1166
3084 256
0 2067
3281 32
40 1026
805 2176
2241 1286
2192 1647
1557 80
22 3072
88 132
68 929
193 1312
1056 781
34 3849
2112 1185
1595 2320
2992 2048
2856 1157
2376 17
1937 64
1792 82
513 2096
1792 15
664 82
4 453
206 288
52 2769
516 131
258 2300
24 3476
2050 1125
1162 4
89 1410
3464 592
154 1600
357 2066
82 137
208 3078
1040 330
1107 641
396 2128
1208 2624
1044 288
3076 186
2817 252
2588 98
1 146
2 3220
1026 704
1041 106
1156 2306
160 2064
3234 64
400 2628
817 2120
540 1026
1216 32
1098 385
1 1240
2353 15
2416 1038
2048 1635
1037 194
96 1560
109 1168
72 2443
514 2480
137 3140
2048 1860
533 98
1050 2084
3652 139
672 2129
2052 18
2186 36
521 1411
2192 525
24 257
776 2050
1601 2440
2096 128
3153 162
2114 1052
1 1594
78 257
2298 517
352 1680
10 1169
321 60
2913 142
3080 1605
512 67
1572 2065
352 528
2308 683
1056 2370
176 3332
1811 76
2464 1025
2117 32
706 1056
3400 4
3169 2
3074 648
3785 304
130 2816
48 1992
0 3326
384 1042
5 2314
77 3587
82 1445
3591 2368
8 4039
388 2113
96 2084
262 0
40 2052
3609 398
1056 2127
144 1312
3136 537
3901 2
2056 81
3158 297
1442 512
3200 344
657 1096
272 3209
13 2696
8 1639
385 514
1298 1
1570 304
0 3495
2817 140
2132 1441
66 40
164 1043
1160 2576
35 3804
1316 156
1190 336
291 3212
1046 757
1161 338
2112 140
2311 1648
37 2120
451 1536
721 2343
2836 37
532 2408
2064 521
1828 17
1180 2403
256 1170
409 3074
3251 2368
1606 297
2984 80
793 64
0 152
1051 548
2048 348
2760 273
832 1080
336 1671
256 537
2048 268
848 40
1298 2176
24 352
64 1174
2976 337
2132 0
3656 17
738 1041
1760 3072
116 3210
0 296
2724 16
2328 643
3996 98
2402 29
1 2568
1056 513
274 548
193 528
1104 551
128 2400
2193 100
1042 2636
6 2976
1152 72
12 1090
1083 2504
128 5
5 496
2210 73
3680 267
928 12
168 3394
772 74
3563 520
1105 2696
22 3714
71 512
37 1304
1026 961
18 2796
3273 552
2148 0
1050 2180
3203 768
1433 32
1112 2593
4 354
2561 138
1812 141
624 1290
260 1
818 2120
1340 2563
2056 533
770 65
2308 731
177 1088
1552 442
536 1092
640 50
32 136
1054 320
162 585
2576 1230
3173 1024
129 1312
3074 552
32 2896
2570 76
2518 8
95 288
2880 6
8 192
2080 1631
34 3220
792 2055
416 8
16 523
2400 1540
820 136
82 1665
8 194
0 513
1728 2057
3524 40
1 396
2140 1
320 1551
456 3089
2344 1024
1308 672
2564 1905
1792 204
1350 168
0 3881
514 3080
1030 224
1036 2178
88 2978
266 2181
1026 2680
2792 2
3720 272
180 770
2241 1314
2056 1538
2465 8
265 222
2101 584
2562 400
2698 65
2677 10
1572 80
586 20
329 3748
268 3136
523 1104
2072 324
219 772
342 1704
1024 937
2056 0
2821 2266
1441 16
320 531
138 2384
1194 2388
17 480
2176 565
395 604
2598 1096
1299 704
32 336
3259 832
96 2176
10 673
2080 512
326 656
1347 136
3202 633
452 3616
3072 5
48 512
138 1604
944 1094
64 1849
136 785
28 3778
659 1288
325 1593
324 144
616 1170
2176 58
2794 1285
1577 2432
1585 192
952 0
1312 2586
290 3725
4 3497
1392 385
578 48
392 1617
1314 69
593 1158
2144 1569
0 1184
512 2294
2048 947
272 2212
0 3514
358 1281
531 1152
2219 1028
42 2752
3106 152
49 2304
128 283
1144 0
2049 602
294 192
0 1090
1100 48
2089 1550
58 1667
257 3668
360 1170
3220 266
104 3088
0 776
417 2562
3072 525
2576 165
1106 2817
0 1939
2088 6
2572 1298
657 68
2112 522
2480 585
289 1048
2181 832
1344 30
650 3168
2220 272
39 273
2693 8
144 556
32 1160
1288 135
1568 2
1024 3521
73 128
3104 513
864 3079
8 592
896 27
2456 65
288 3072
1001 3090
544 329
3488 36
9 2290
2612 192
641 3344
530 2400
201 2562
0 2017
672 277
3730 2084
1289 578
840 2198
73 2052
3688 150
133 1312
22 1229
1344 2306
261 1176
1026 2165
64 1317
2304 609
492 528
2824 2
129 1072
265 2625
256 2252
1110 649
2052 2624
1032 2560
2048 42
1706 2112
900 1056
1220 777
2850 148
136 71
68 1058
544 2344
516 348
98 1
705 1072
2068 0
881 2640
16 896
606 3233
128 2924
10 1348
3106 584
3016 17
293 1664
2097 832
3604 200
2592 1356
1037 2128
1288 517
149 2056
2304 209
2240 1034
1037 274
3081 626
321 1028
1171 44
258 1052
152 514
2304 4
656 1283
1056 2241
3105 726
3598 48
1108 2720
328 1569
3284 35
3584 391
280 1153
0 2089
3618 221
1477 16
4 80
2339 1028
3015 162
1408 2649
145 8
2889 1156
57 3462
24 1927
4 168
1069 66
33 3396
516 2211
1073 260
1024 147
1568 77
256 2564
2060 2176
1097 288
650 1072
1016 1026
2308 1192
2125 648
768 2146
2313 36
0 705
1132 2688
28 2
538 2624
514 2248
1025 676
67 2084
1 2098
64 520
267 180
273 3212
10 529
178 2568
2112 1298
2624 1330
1 2160
268 1040
3018 2065
160 1860
175 2560
2114 1861
0 656
2084 1352
1114 2694
522 1040
27 2080
2184 1653
2565 1266
3866 8
2131 808
3392 42
641 64
3872 641
20 1577
337 3082
2901 160
645 1050
1280 2584
2097 66
452 2058
3084 32
918 72
1 3562
516 153
1032 2389
832 2071
289 2130
284 0
1156 0
2082 1
776 99
148 1218
2048 1640
529 2312
588 304
97 26
198 1281
1697 78
519 16
419 516
1308 513
676 331
68 3097
3410 514
2373 162
0 2576
240 1287
48 3084
2261 1536
2328 1588
579 2176
416 3080
640 1025
2609 450
36 322
67 1564
513 3540
2658 256
2560 1282
1344 2082
646 121
128 3627
1024 77
1056 897
2090 512
162 1812
1 44
1538 621
1159 777
1168 1
1056 2199
1188 584
8 1092
2352 78
3138 2877
512 2275
2080 648
2052 64
1088 22
1216 2606
896 23
157 1056
1160 2837
40 2178
551 2152
2562 1424
12 385
1112 2437
134 2304
1042 9
2393 130
69 1162
3176 149
52 1152
1 1096
580 2048
280 1057
640 27
640 288
1054 616
103 3200
472 4007
448 2052
523 3072
16 809
528 42
408 32
12 64
133 2650
296 1560
1666 2307
2946 1024
132 1346
2 3193
34 3776
21 512
4 1064
1061 266
2568 167
898 48
5 2432
13 2176
1754 389
1194 2632
2376 2180
2361 1026
80 1722
64 1686
15 896
144 1804
1795 2224
1282 2241
36 2065
3080 69
1296 228
2272 0
792 33
6 1257
2202 33
2422 1024
3184 645
1496 2
1153 2632
2592 266
287 2240
1540 2113
2592 155
513 2502
640 2130
170 273
2816 36
2048 1028
2056 1570
2286 257
296 3072
2978 1108
314 641
264 631
1153 532
643 1320
548 1368
517 16
529 448
2712 1025
2384 138
3889 26
9 2980
416 577
25 640
556 1088
2413 146
2129 1454
3596 0
1026 704
2082 17
162 2560
3644 2113
686 1088
2176 531
2176 1906
1416 2128
1052 49
1721 4
1610 2336
74 1024
3088 16
38 1241
1154 2564
244 3082
578 2948
2851 20
1280 700
64 672
2561 2066
800 2116
20 73
1728 291
384 3092
2085 1808
2277 1050
50 3084
1290 2564
3626 193
257 3108
528 297
2128 1039
2064 130
376 3588
584 150
274 2089
73 134
329 2582
3072 33
1093 272
579 128
2560 486
257 70
25 1280
1088 946
196 1587
452 35
5 3512
2112 1281
268 2064
368 3462
339 40
288 3096
400 1091
20 97
144 37
465 32
1162 117
552 3157
800 402
3840 94
2896 171
542 2248
1280 2602
384 15
1027 2244
1240 46
3346 109
2437 112
321 2088
1032 720
139 0
2056 643
1025 2564
1024 2251
2049 332
1026 2381
1024 173
1092 2483
545 2322
208 2080
2050 544
2 516
1625 2432
3043 0
1032 708
1219 2604
2592 1093
2656 134
3240 513
2068 832
1414 121
2657 16
770 1272
2048 1280
1568 88
261 202
257 538
139 272
227 3586
0 128
192 2976
64 3590
325 16
8 2162
1382 2192
9 500
578 2176
3842 0
3216 527
400 512
352 2714
3110 785
3352 131
771 1084
2400 1680
256 3211
2450 1569
3137 404
2061 3106
1184 851
0 3028
2376 2192
2308 673
3092 937
521 464
2280 19
2817 86
1153 16
2824 32
2451 1092
1092 34
2074 1601
649 1346
247 776
21 2026
2304 135
17 1612
2176 515
3104 432
4 195
4 385
2380 0
2620 1218
2197 808
134 2369
140 2112
550 512
1353 512
2320 1696
2144 9
5 2624
2569 1776
2208 778
136 128
9 886
2915 32
8 2256
0 3112
8 3585
706 1336
432 3661
6 3648
352 530
97 518
276 2624
1026 130
8 434
1792 146
9 2822
34 834
0 3590
1864 2066
1536 2208
711 2066
1418 2564
2 921
1280 1
772 99
2080 1296
2328 544
2310 1169
1 2840
3313 526
15 1168
774 80
2096 648
1713 2122
2112 1157
17 128
2200 8
128 86
1428 512
2 515
452 3643
1413 2664
327 512
84 3072
632 144
1064 470
2834 1092
1185 526
64 537
2106 964
1281 2088
2216 516
930 2573
11 2368
2088 388
384 18
2085 10
18 3201
921 3104
2884 1056
40 2181
290 65
2219 532
3104 83
446 64
3075 720
386 1609
1 2784
1586 128
272 2248
4 3378
2 12
8 2310
592 1037
128 3143
547 280
1767 2052
2304 634
3292 512
512 2454
1600 2048
290 3272
0 1282
3203 4
2090 768
176 264
2600 140
56 3137
2560 296
2240 548
376 1539
2090 0
3091 776
96 1039
264 550
132 1042
0 137
1201 2310
597 1152
40 18
1858 36
3328 642
2710 65
2824 131
188 1088
3280 1799
512 2084
545 460
1280 2122
21 162
0 1226
49 258
2081 66
2178 1585
24 1158
27 2212
3330 525
264 3761
581 2474
1024 2949
2579 1097
556 1425
2848 26
2528 0
1034 3040
1088 785
217 2596
240 1025
546 1500
2 1300
2131 160
274 1152
2217 276
0 3008
2928 66
3299 24
152 4
20 354
1057 458
4 1336
1992 2065
384 96
1 2422
48 641
1030 3104
677 3337
256 1594
2 356
10 692
2308 1042
64 2726
205 2624
1057 784
70 520
2112 904
1377 538
33 1088
1057 526
75 0
912 1100
97 2584
64 134
2796 1280
451 3072
5 1280
1024 961
544 0
5 1408
0 2064
2187 1586
3328 66
2369 692
2049 128
40 1
995 2068
1152 2676
0 2304
576 1042
737 8
3 24
1168 512
3128 67
580 265
337 140
3106 24
3441 642
355 512
328 549
67 96
1157 2344
45 3280
1797 136
640 80
1032 2980
658 1061
2560 1576
181 3146
384 39
66 2085
3080 2192
32 282
3362 85
2565 352
3280 1024
1802 84
2564 1283
3492 600
3010 16
2056 6
267 2752
1169 2504
836 129
2064 66
578 2433
64 2048
64 2186
919 2080
336 3584
64 135
3796 2
1665 320
260 1795
113 2314
395 2048
8 2758
1090 152
2435 596
2049 1280
98 2832
1155 2116
1168 2112
1422 16
688 1035
74 1776
0 5
75 2560
3720 36
2180 786
804 1242
4066 2196
2502 9
21 1864
1443 2560
720 3105
1031 512
65 28
625 264
1280 12
2242 276
3944 4
1064 209
3365 578
514 1305
34 1
1098 2084
258 2576
768 2058
516 3187
5 2130
138 3121
551 3072
3725 290
680 2370
28 1411
308 1155
2371 1024
1924 2153
5 920
65 680
401 2060
2058 1025
3669 136
1172 1538
312 1539
1308 2080
1096 134
770 188
1034 2112
954 1
1794 2704
838 1073
2060 1474
1043 12
25 132
6 3712
579 2432
106 3076
1649 394
2119 1536
2089 1856
64 3615
519 0
68 1592
576 33
192 1680
256 606
3128 661
420 3
11 3908
3204 8
547 2144
518 137
2074 1220
3658 128
296 535
1424 2060
2606 16
1672 97
1558 1352
4001 192
1426 2612
1543 2088
2 1421
512 344
537 2342
1160 532
259 656
2124 144
1282 644
2434 28
262 81
100 2450
1622 2176
324 313
3081 932
2628 33
241 2572
0 748
3625 320
2321 674
1600 2065
3152 521
128 2341
1165 48
1443 2052
76 2048
1818 0
3024 265
1668 26
2176 34
2115 1296
2266 4
786 204
642 3177
528 2472
2312 0
1857 0
3586 276
3378 129
640 1030
0 280
4 865
6 512
34 1920
2053 72
1047 0
514 268
772 2283
2352 9
340 1064
84 2088
2456 100
2179 256
771 2284
2060 17
97 520
366 2072
640 280
520 98
8 3414
3252 520
536 2146
2192 1891
14 849
1162 1681
720 3328
2704 1024
805 192
344 36
2308 1107
156 257
3635 192
34 1420
2280 259
1056 4
108 17
3089 586
2130 264
1671 2304
514 1304
2944 34
1325 178
708 2107
1132 2179
1001 150
1140 2178
1232 2816
49 3078
224 324
0 1546
310 3649
1542 2161
33 3592
1034 2945
66 2840
200 1027
3072 893
1096 694
2069 896
1384 64
3154 160
2268 544
1025 64
3104 585
44 65
3076 680
544 3152
674 1088
32 843
256 687
2720 32
1231 2064
257 1540
336 1545
800 128
513 2192
1061 280
2605 448
40 772
3072 112
608 3456
684 0
2388 3
4 3202
144 68
16 1065
764 256
960 2083
66 2220
32 2398
2083 1092
2 2453
1189 90
1848 4
1432 98
136 624
32 644
338 1032
3072 97
4 2824
644 48
1284 2058
1024 2817
272 1640
2188 112
68 161
3024 53
1174 768
2048 1087
2169 1924
9 662
859 2176
8 1
1296 64
2260 1313
16 2049
1321 2576
429 16
777 2068
288 2178
33 2946
420 592
3584 197
2137 932
2305 1690
3233 256
1120 649
437 66
2065 3820
104 1108
2082 328
32 3978
9 338
1281 66
416 514
10 2453
136 3670
425 594
2056 996
2301 514
640 1028
1280 34
3096 258
12 1793
1574 2050
1081 900
868 1153
2352 512
449 1026
640 277
512 3202
3232 833
0 1184
1226 549
2124 1153
2050 1104
285 2592
10 340
1248 512
225 768
0 3365
2192 516
96 2056
384 1370
1288 640
1701 256
1038 2417
2080 5
2083 1808
2561 142
1280 176
596 3496
344 2183
1189 280
1025 2677
112 2183
2053 16
3088 34
204 1536
16 1122
1028 2403
2178 1372
609 2182
512 2405
1050 192
2531 524
850 2208
41 1028
2624 1458
16 129
1380 2064
1152 22
277 2594
2159 532
3258 0
26 97
2081 200
2198 1377
1226 2853
560 1281
2052 592
1806 161
1154 524
1236 512
464 3083
521 2192
1896 140
516 2120
192 2050
329 532
261 3610
770 113
1332 192
2336 1025
2309 578
1440 2051
132 1824
8 576
384 1077
1444 1
361 2064
16 457
0 2136
112 1551
1552 1089
1072 2436
1137 3210
542 385
1600 2193
1434 577
342 544
299 1088
3364 152
5 960
256 200
3076 520
1100 2097
1222 265
514 388
152 1602
2176 1024
543 2160
1287 2672
33 12
1025 284
1930 0
64 3106
0 67
185 1286
1124 3331
5 34
282 2593
2688 325
2 1416
2053 528
200 1059
50 2137
536 4
545 1246
33 2894
611 136
3106 141
3104 896
80 3596
0 1344
148 160
1056 2576
3112 322
2056 1138
656 296
2210 513
228 2576
2196 3
3169 648
1553 2182
3088 361
2064 1672
419 332
44 1218
2434 44
384 260
28 1442
609 1168
1584 170
3392 18
584 3488
1298 2700
987 32
73 0
1444 576
816 64
2176 18
1630 0
2320 711
1600 58
520 1092
401 518
392 522
2112 1024
1089 2078
2368 1034
1152 290
392 2576
579 0
256 1552
1865 0
2072 34
3082 80
3273 306
2048 548
3036 3
2092 176
68 2209
3904 1185
1 2726
1036 2689
532 161
1536 18
1288 2433
3721 18
64 22
512 83
2995 516
1560 136
1568 2266
512 3264
1188 970
3603 440
2 1032
268 512
0 1033
557 1280
2048 385
2443 1136
288 2
306 1033
1025 260
1049 598
18 2112
520 67
2822 1024
803 2246
2176 469
3588 418
3074 389
258 3168
1037 2340
52 576
242 2816
12 1184
2384 128
2062 1713
2048 303
1908 10
3355 32
34 9
2704 292
524 16
1024 1154
2306 128
104 148
322 32
73 2592
1344 2
2313 596
609 2064
1996 2098
2817 1234
640 1314
80 1580
274 1224
1792 2183
3380 129
256 3714
1 3090
313 2628
1551 2128
1341 578
1170 329
2048 32
1029 794
2440 528
554 1281
3072 396
3328 128
3596 0
264 129
3074 968
1152 2564
1029 2122
144 2113
172 2560
2688 1028
3332 644
1049 2562
520 3073
2665 144
320 553
2220 256
160 282
18 2920
2052 611
0 2693
2098 1920
1730 33
593 1284
2459 1056
578 256
468 1032
18 1056
3072 49
2052 1041
66 513
3852 83
2 597
2561 268
1668 2056
96 900
17 6
1444 3601
179 1600
1094 265
136 3088
297 2064
2097 202
3419 0
4 3652
705 1296
169 2082
912 3076
242 1794
256 1258
1116 2176
3 2704
296 390
442 3149
1418 52
256 2196
3844 98
114 3593
3088 736
0 3074
298 2048
54 3264
2624 257
3221 0
543 3168
644 3376
2320 1602
2593 134
144 98
16 3234
1573 65
1414 2084
134 1024
715 259
2271 864
301 1026
1060 537
20 42
896 28
1104 34
3078 129
6 1097
2041 0
804 112
978 4
134 521
2596 1299
540 34
531 8
2609 266
136 1572
524 3281
521 386
1546 2212
273 648
20 129
19 1828
258 1608
2760 2
2048 637
128 2283
248 768
28 3617
16 1131
2180 1907
3 840
790 3144
641 2068
1666 0
223 2048
308 129
1298 2245
1612 2049
1440 78
1545 2144
260 3602
1 1856
320 2180
2241 1872
2576 35
1157 264
0 3091
642 28
128 342
141 50
3183 528
780 51
850 2185
776 4
63 2688
2608 130
1680 261
33 272
600 32
1025 804
72 3094
150 555
1092 2211
1185 582
1251 2580
832 3588
21 1346
257 130
244 3466
3 4084
1360 291
3210 1
2627 160
720 5
548 2056
2662 136
512 196
385 2936
2580 234
0 3216
1024 832
1192 2624
1849 2178
1600 424
481 20
897 114
2564 256
488 16
76 3488
3136 397
640 106
1348 562
2048 1736
136 2050
133 1290
64 1153
1800 128
1408 2634
0 2058
262 3776
513 333
2721 280
230 1065
78 256
150 297
1536 314
527 3440
1288 196
1176 258
544 1344
800 3227
256 97
2190 2448
406 74
3080 549
299 80
3202 388
3632 138
4 280
2818 1217
388 576
1288 2243
1612 3
133 512
1 488
512 1092
256 3624
2208 341
833 3216
2318 128
1284 2808
2592 86
264 3221
1602 184
609 2462
1062 2880
1312 2192
913 2062
2104 324
96 269
2128 776
425 2564
2380 176
273 3650
2186 833
96 2048
1362 165
1397 0
1592 3268
1249 2072
900 3073
3208 32
49 2
270 3585
3236 146
1684 3
2048 514
1792 46
3144 0
12 1219
130 3592
520 3106
768 200
2896 35
10 2452
32 2070
3136 287
281 1664
94 2560
384 2052
526 2401
1483 0
3618 101
2052 1082
2052 216
656 9
200 531
38 1024
53 132
25 1408
325 2224
2084 1552
1026 2452
2146 277
678 3080
260 1064
192 818
513 14
285 640
1284 296
105 2368
257 2800
2100 1282
2176 520
540 2434
1544 66
2121 314
2 2864
3165 674
1442 16
9 1344
1560 270
810 132
3048 18
324 2216
3297 786
2315 336
1100 19
0 1325
2090 1220
140 3441
434 1024
1961 64
3608 518
1 3074
1024 735
3082 865
112 2697
8 51
66 640
1800 151
564 65
516 323
2594 1045
3844 176
268 0
523 1048
18 712
2449 1602
2451 12
2304 250
2180 40
2612 64
3797 48
647 2320
2242 1024
1024 2202
1028 2393
3612 323
2120 16
1680 36
3632 5
3072 404
2954 17
3129 514
2053 1280
1082 2177
390 2112
160 580
28 1026
2052 712
2256 1324
480 32
136 1556
3364 512
566 1096
16 289
2569 258
2210 389
1026 2136
2849 64
1026 8
2904 130
3624 3
1927 8
248 2309
320 658
340 544
160 1862
1286 705
2072 392
3337 514
203 512
1184 2049
1024 454
1379 2704
2514 1540
1577 2320
279 1696
256 148
3292 513
1608 2469
1158 593
195 8
1024 906
280 1101
2864 200
2628 56
2667 1040
1536 2214
785 34
2658 393
608 1427
320 1540
3714 324
43 960
2053 872
3088 896
2048 1303
2327 160
217 1024
4 2113
131 336
65 314
1592 64
2180 1331
2720 275
2048 929
388 3601
964 3
1552 2061
2176 530
2049 856
578 3109
102 1920
1280 193
2466 528
2304 204
256 551
273 2177
384 1646
769 112
13 2880
2204 1536
901 3104
256 130
905 54
4 2219
1408 101
517 3114
1314 28
1024 420
515 152
260 1025
36 3560
776 2224
2832 4
33 2196
152 832
360 3072
324 139
26 513
0 2160
1169 772
2313 162
16 673
864 1083
208 2826
2116 56
1288 625
32 259
2059 832
2928 0
1900 2051
138 3088
3073 160
2113 400
650 16
1024 358
14 4066
512 3144
199 0
1192 2566
1034 512
2572 129
768 105
262 2561
1349 664
2433 123
16 3466
2605 322
2074 0
1040 2847
81 1163
571 3200
3395 20
192 1684
16 238
1859 116
1059 520
226 2068
2177 1600
149 3136
2181 66
56 577
1408 2056
1682 261
1 3340
2316 1024
2085 1536
105 658
2374 16
464 1035
1159 2116
1032 65
129 1804
2193 0
792 64
1576 196
2194 813
1155 2056
2049 518
1096 20
774 32
1029 2058
256 8
1536 2499
137 356
2048 838
272 520
1100 544
196 1825
4 417
2438 16
128 566
608 397
2655 128
67 528
11 1860
2192 1382
2609 326
305 4
2251 1298
136 3638
2148 1042
2688 1048
1678 17
275 3136
2577 128
2608 385
2305 184
2241 804
2692 1094
1089 2472
52 1354
1 2112
64 2688
1123 2688
130 773
2072 805
2305 30
66 2597
396 3072
883 0
0 1480
320 2076
2212 1
2196 257
1408 74
3456 580
72 1042
2725 1280
514 129
2332 113
1061 962
1145 258
1537 196
23 296
464 0
260 3234
1026 976
321 2176
548 88
1761 78
3072 616
38 2321
2980 283
1048 2054
66 525
3589 416
264 180
2420 1160
2048 1224
2820 1170
3750 337
1091 136
2384 644
48 1738
1024 377
158 2115
646 1065
4 1856
2 3816
2242 1080
1189 2386
568 2308
34 65
448 1062
256 2724
1029 2696
2138 1712
2324 1122
2054 1168
80 3758
20 1185
1076 2312
214 3897
265 2146
0 590
922 1
1104 520
768 2128
552 82
1399 520
3122 197
64 581
459 0
772 2089
656 3072
2868 65
386 513
18 1032
640 344
541 2496
832 2122
2560 218
1032 801
212 3336
548 2136
2896 1281
421 3080
1072 5
262 3169
2096 8
2052 74
3213 18
2140 1794
0 2080
265 568
130 2148
1291 1552
2624 307
1552 110
120 516
30 3329
2177 270
944 92
770 152
2128 1185
256 577
2208 768
3104 596
2578 1121
49 524
1956 65
3112 641
2508 17
1040 2603
528 3182
1298 2569
269 2082
2148 1192
2048 1810
1380 512
424 148
33 324
264 2048
548 2320
2851 0
321 2118
1042 2221
1052 2432
2308 123
129 2104
841 1
192 794
3114 129
32 3
12 1873
96 1693
363 3076
3072 168
24 352
2048 1280
316 128
1030 32
421 2064
2212 18
2178 76
3073 4
85 4010
3728 0
219 2828
32 3907
1060 1104
517 48
2080 321
2112 515
780 2049
36 2075
193 1286
1572 72
62 2241
936 2133
16 2127
43 132
2560 144
1057 200
3456 620
1 528
285 576
3080 514
992 3087
1088 516
276 1162
7 3344
3448 512
1377 24
2121 4
1564 450
124 641
3680 404
1545 2352
1288 594
2084 384
2065 802
400 1095
2577 1060
2065 288
2370 1116
323 656
2456 579
1537 212
2 1636
1267 3336
545 72
73 2599
2714 292
3138 1
1138 773
1025 2374
2770 264
2821 106
2085 390
2304 580
384 606
3 3172
548 3352
867 3200
704 3072
2054 704
399 112
1088 314
4 897
80 3853
388 2562
451 2080
512 57
1411 2060
1732 2314
629 2
307 1156
2562 332
64 3934
8 2756
1298 0
960 2068
1228 0
590 2064
2273 1028
1750 288
676 329
368 2054
68 1323
1340 2560
44 1040
2075 996
3152 424
1094 0
38 145
16 2831
256 216
3722 53
0 3001
1079 512
1154 1
2306 1681
468 3106
2274 261
584 1026
2 2645
2 3397
3255 584
364 1536
1094 800
1232 2053
3076 898
2890 0
327 2208
11 2304
9 84
161 2384
2305 1668
2052 307
522 1365
1540 2312
522 2901
1540 379
2353 514
800 2096
2784 272
30 1248
1052 2753
2048 805
2370 56
1031 424
1042 521
1096 2304
385 512
192 2576
280 2689
260 2769
32 2838
96 144
32 2824
1 1146
170 1029
50 704
34 2628
2845 1024
357 3072
820 2177
1104 6
643 256
258 2628
4 474
2049 792
1921 12
0 465
2050 272
120 2564
1024 2317
192 3330
329 659
2052 1233
208 2827
290 76
1072 257
209 1292
2184 1363
3557 2
1154 2837
3840 12
1680 258
1216 134
1857 0
562 257
3624 68
2 1088
1858 2065
2116 32
16 1728
3072 687
336 1189
1031 192
769 1214
1028 787
1040 2758
2157 403
2321 258
2052 1041
2056 661
408 2881
8 3601
2705 70
2068 1546
1608 2483
517 1464
2304 563
548 1290
640 1331
1664 330
2052 304
518 1384
262 3088
1024 2346
866 2048
3876 0
809 1040
82 3114
2688 275
1552 2824
96 1206
2114 912
768 2200
399 512
1352 0
1348 642
667 1092
2049 1456
2054 1288
2424 520
78 48
2120 1568
1040 2318
1638 2192
24 3204
140 3872
664 3332
547 1152
1042 2560
2048 795
16 2704
1290 196
2377 548
16 1572
2691 48
33 3340
560 3080
3940 27
605 2304
512 1412
1034 2401
1154 520
2864 1038
36 2259
0 1222
325 2
29 834
70 28
2178 1348
1281 2146
103 272
1056 144
3776 273
0 739
3616 262
500 3082
34 704
611 1152
63 768
2656 8
2743 8
2916 27
1124 904
2048 1064
212 3116
645 2162
393 2182
416 592
2722 1108
1034 288
524 163
604 259
170 3076
3746 16
837 32
1120 9
64 2200
2560 84
258 1068
310 2056
138 0
4 3072
277 2752
72 640
1025 576
268 2256
3114 772
1741 2048
2390 1152
716 2448
130 2609
1244 0
2081 454
2300 769
536 134
9 3200
1304 2242
1281 2606
1218 288
100 1152
56 4035
147 352
1134 1
2308 19
2376 1540
244 2312
3648 136
3200 363
350 166
3240 256
261 3216
1694 96
1285 520
1024 2630
2498 1589
1362 548
1360 2565
34 856
159 2080
2054 1952
1124 531
3650 161
898 1044
3344 224
1601 8
516 2058
520 1042
513 1164
136 2071
3376 9
536 400
256 1042
352 519
100 512
3488 538
162 324
260 3194
533 1064
1743 48
20 873
65 2432
547 132
75 3204
2660 275
1858 2081
1289 326
64 3203
2595 268
2054 1152
3729 38
1184 3602
2584 1185
96 1542
1741 50
3328 18
391 2
2137 288
2924 1041
2712 1312
164 2123
2833 1204
14 3585
292 1
64 3879
10 1028
2180 1041
1320 660
144 269
515 1424
596 3342
2192 1037
524 211
20 2952
1632 2068
2816 146
272 1536
650 324
2128 47
1173 128
1301 10
2594 193
235 0
516 2073
1536 1200
178 2252
712 1281
553 196
576 1156
1541 2146
2081 196
2124 1154
48 2052
1538 2361
28 2050
2048 851
2367 512
8 518
3632 15
2 304
48 1053
164 2624
360 2567
2122 16
1920 37
426 20
379 0
2250 128
2355 0
3404 160
554 1280
1920 2052
384 545
675 1104
399 2096
2048 836
2566 25
2240 294
1160 816
128 321
4 3073
306 1805
384 2073
1120 20
3456 117
556 259
512 1076
449 22
2912 1156
5 2128
2128 169
552 2242
768 2600
4 259
2049 3504
568 2048
2216 516
959 3264
66 3768
570 1089
275 3084
275 2184
3173 914
0 1455
21 514
1104 4
1289 692
3335 64
3328 552
2152 721
202 1281
528 164
772 2098
4 1249
1094 0
518 2448
72 946
2128 1160
0 906
578 128
0 2442
901 2058
134 2145
9 2310
1800 2082
680 3
2064 1292
320 689
0 2501
1077 2178
2058 772
2852 1170
34 3713
264 517
2304 3261
978 1
550 1040
1257 2048
562 1029
1292 2160
2336 53
2080 536
32 533
3120 258
1156 2424
104 256
3204 504
2321 2
1354 2064
64 264
141 1344
2720 45
520 1296
2056 1697
1094 2816
36 3155
2092 915
2578 0
3756 336
3081 498
2306 1688
1024 2436
2177 786
656 1351
138 1348
64 1585
1028 272
8 18
2289 256
1410 2592
1584 0
676 323
3329 684
2194 96
296 1570
1060 2496
640 320
3204 872
1066 2688
3337 82
32 2060
8 3170
512 340
2178 108
2472 23
274 2752
429 2624
135 512
16 544
364 672
522 1348
512 71
2980 90
3104 585
504 3072
768 134
141 1026
961 2052
2116 907
262 2648
2080 914
1616 256
33 3665
514 1425
1280 753
640 6
2182 793
547 2184
1195 516
1505 2
2392 643
400 3136
2321 1028
272 642
2208 1613
3236 323
1111 640
457 516
938 65
528 3269
1732 272
705 1028
5 578
3584 131
323 128
8 48
1280 48
1354 512
920 2212
395 0
234 2052
80 654
1029 544
2112 803
393 2562
2120 386
80 2569
593 2056
2448 556
2660 1411
33 1808
160 1294
644 320
1734 272
264 1152
778 48
1216 272
2304 132
1292 224
595 2304
1408 2599
612 472
1104 2056
1539 2100
144 1537
291 64
1039 2196
578 1036
261 1679
2067 44
582 1289
288 133
34 1553
592 3078
1105 264
2580 2
1171 524
88 130
338 45
87 1160
540 32
1540 41
1856 5
4 2884
3080 549
272 143
608 1821
2965 0
1284 72
3081 50
130 3096
818 203
194 2098
2304 557
326 2096
82 1256
1096 2064
466 2049
1140 648
70 1265
1219 297
160 514
132 1739
554 1040
71 3528
660 11
3656 48
576 2462
1058 0
3120 909
2066 1061
521 2209
9 3888
144 1327
1794 224
338 2184
1565 2240
396 624
1546 2277
514 397
8 1296
1152 2568
135 40
1946 21
2048 39
585 130
2819 96
272 9
2251 1
8 2720
8 2291
1024 64
1200 2076
594 396
648 34
533 0
193 1806
1 436
96 260
1098 548
1536 109
1 32
672 67
3338 96
3102 832
2337 1034
3603 136
544 320
2688 66
801 22
121 262
904 49
1 2440
1088 18
1088 2816
116 898
1 2264
1116 2306
1028 410
129 2310
4 2256
2992 1092
644 64
1974 13
2 1432
4 1474
921 100
4 1313
53 650
112 386
1027 2605
102 2048
3 1216
2521 1568
96 133
3108 584
132 1377
2104 264
1230 3904
1026 2857
58 4032
3680 266
2624 172
608 0
38 3728
1729 60
100 2688
681 84
1553 398
1365 2176
8 2754
96 2310
514 3096
1306 101
2568 81
27 1668
2052 1297
2069 40
2376 1156
521 1044
665 1312
579 16
578 3899
10 1104
1097 146
2112 1073
67 712
3041 1056
2077 194
321 546
2945 1024
84 162
2081 1436
11 1764
36 554
3141 554
4008 65
68 1937
32 2189
128 1384
1104 2054
2280 806
322 2716
2084 1872
515 2448
682 68
1364 160
649 68
612 2067
2850 137
2051 192
1600 2058
2097 1992
512 1952
432 14
593 1446
3089 2148
1093 392
2576 1440
137 1284
24 1313
962 8
3586 56
1160 36
3752 257
128 322
2185 802
136 97
3091 672
544 16
99 2828
2084 1350
600 2116
1 610
2624 1328
2056 577
3264 813
134 3800
1026 2108
2593 18
59 768
1032 18
10 2053
3716 26
0 2864
2055 1676
660 66
1426 169
210 2817
72 288
277 2176
681 1104
2079 288
0 98
408 35
642 2096
1076 2465
514 64
1250 260
3588 88
3 3072
2323 1056
288 671
2058 1041
3392 16
576 3140
1921 2072
800 1024
1473 40
33 2250
821 128
2080 258
1087 128
2579 256
3080 663
32 897
25 3456
3072 860
2112 265
526 1233
1552 260
326 1553
162 1032
2370 1160
0 512
2336 537
2592 1090
3180 2066
1210 836
768 1162
66 40
0 576
256 2180
1800 2192
34 3329
1697 264
116 1024
1024 259
1297 2058
258 80
1286 2129
1090 64
128 570
2434 1024
418 73
1938 2112
441 96
2048 14
76 3584
532 1064
1217 2076
1280 2705
1397 2048
648 2401
3880 64
2132 416
3142 288
72 2562
1036 546
2064 1728
177 2560
96 3864
4 2584
192 1294
128 2087
864 130
256 1062
19 3144
2114 1664
402 1032
108 3331
2586 1345
517 1440
578 1284
0 42
1024 472
10 2980
561 1153
576 1045
409 2
1162 2676
3168 26
2240 1054
2308 2172
2754 1044
112 1033
2326 64
911 1040
1538 2177
337 0
2056 2336
801 2
1345 170
3714 256
1540 2529
3160 516
439 3072
68 800
1546 481
528 3114
280 1568
2052 2336
129 85
1586 8
1667 2340
131 3348
2628 288
64 164
24 3011
0 2
2312 188
144 824
304 1037
3144 642
1160 273
225 1300
2464 4
1152 2072
97 1430
1364 1025
3465 2081
2056 1696
580 386
1746 36
776 3155
2561 1280
1983 36
2312 1257
1284 40
1934 2672
268 1136
1297 10
2240 44
2053 25
194 308
3200 256
3208 544
2120 801
1216 2346
68 3074
13 208
693 3136
2377 1536
349 3074
2112 649
2633 304
520 368
64 3098
1163 306
986 2087
140 8
2084 651
504 1024
1052 865
2 4
3724 17
96 2328
2200 1888
177 256
2160 1547
1160 2883
1280 106
272 647
2144 272
80 3072
2360 6
1026 2988
2176 618
1048 2308
1096 2192
1088 46
4 3105
1553 324
28 1026
244 3904
608 2178
3674 257
136 2388
1045 2594
3385 0
163 3724
50 3264
276 648
2562 69
32 666
3290 288
261 1704
2049 1760
1536 172
128 1586
1175 2084
1554 4
256 1657
2244 1587
0 1376
400 1096
640 2317
48 1536
1551 32
780 65
32 3314
129 867
3076 818
1849 4
0 1600
520 64
1036 2688
2050 2272
1502 1
3104 9
564 1282
104 3993
64 2180
838 1176
1037 2304
206 0
1408 264
1024 37
1432 841
1120 4
1034 2325
1152 72
2592 1169
2562 240
776 2080
11 768
1024 2606
2418 576
236 18
0 2144
537 1376
656 3138
1 2710
448 2054
3264 914
104 404
2124 51
1843 328
1318 2576
1216 550
0 2032
1857 48
131 256
776 2291
1376 2048
256 2177
1024 336
312 3588
867 8
608 2055
54 1800
1320 112
384 2791
2050 445
466 1065
1047 2400
1173 584
4 1858
0 265
304 1601
2059 386
8 772
22 66
8 758
584 259
520 290
169 336
288 1105
2448 1030
2241 552
0 8
384 38
38 897
1284 2650
0 2444
856 1058
163 1024
57 2771
2078 209
1296 2598
1065 722
32 3331
972 19
2258 4
2069 552
1541 2376
2306 33
194 0
2080 524
2074 69
3749 24
1600 288
2240 1830
2757 42
302 1025
2065 416
17 2146
2178 25
516 1353
66 1844
0 417
1288 2597
38 1025
1300 72
0 2913
512 3493
2068 1024
3245 258
68 2562
81 918
656 1088
3081 992
2360 132
3600 136
298 5
11 464
521 1362
265 4
2434 616
528 1058
687 256
389 82
4 771
1088 422
403 2656
210 1060
577 2080
904 48
1104 2056
398 2560
160 80
2064 2316
196 2330
96 423
550 921
258 689
533 2379
576 10
66 3876
3021 18
1552 2305
3072 194
121 6
132 3392
2209 1868
13 3266
280 96
2756 1073
2441 1072
529 2190
68 129
520 1168
288 3085
2440 1063
2956 1027
664 1344
2307 1152
280 3264
128 2560
256 2181
2051 1348
576 1205
1440 2055
0 645
307 1556
50 2120
82 3080
140 82
1056 2373
1040 928
130 2400
896 72
560 3083
2083 89
410 3077
2049 1386
1826 192
195 28
3841 132
2065 518
529 102
1176 324
3 2328
592 34
132 2592
2306 1049
1117 1058
2123 132
3969 32
2312 1637
3843 32
2632 416
2 3113
1029 2208
768 2259
2377 0
2179 1320
1545 2324
408 34
1090 272
2600 1280
3156 386
2564 65
1041 546
1154 24
3138 209
2402 528
3108 131
851 2052
1169 806
3341 739
2568 1218
853 2048
3218 525
330 5
652 1104
45 2962
328 1573
0 2389
3392 666
211 2848
2281 10
648 2052
672 29
128 68
392 578
3107 340
2336 1032
1040 266
0 3780
835 132
140 1824
512 1467
2580 1034
312 2689
3233 72
512 38
2094 1601
516 2528
2082 1024
18 3437
20 2051
3602 142
528 0
86 1545
792 1027
160 1861
400 524
1025 3460
178 2368
140 288
326 659
1036 193
11 716
3361 86
1313 2052
0 480
380 0
2608 1475
1100 417
282 2369
1158 312
1696 2329
3712 41
1044 706
40 725
585 2102
20 2499
24 1173
145 2336
2352 579
1057 534
2704 36
9 3348
1152 41
32 1737
552 327
576 305
3072 965
2305 1676
2305 112
1546 2320
112 1165
2082 529
898 32
2160 1803
354 16
2504 1536
6 537
256 656
1045 224
2048 22
1354 4
34 3597
40 134
288 3732
1089 138
34 1052
2561 1168
2196 256
74 2560
742 3081
558 1025
1060 2115
129 2422
130 2136
2104 1184
1480 514
36 456
1152 921
520 433
2208 10
3883 2048
8 2564
1025 1282
28 3394
80 2180
25 1698
1536 2114
33 194
3337 144
517 3360
588 273
68 145
265 22
1024 455
1674 33
175 1792
1543 128
0 3229
272 1568
1036 465
784 2048
276 547
516 242
2097 132
2778 0
2049 888
1156 824
512 2064
352 3201
2178 1569
80 33
2781 34
0 207
2053 832
3026 1056
2625 172
528 38
3072 672
32 1350
320 3208
257 3238
708 1177
3080 710
2306 641
9 2098
3184 1164
1562 128
1056 583
2372 1128
1282 3593
2208 1793
2325 192
2339 1168
1696 74
278 1697
78 2656
640 115
1088 679
2048 1216
1824 228
1494 2089
0 2436
228 2066
2050 569
1536 232
2185 3
1042 2144
512 3331
16 267
131 83
288 2075
1088 3
96 1040
1540 2136
3456 589
3 92
522 2368
0 2
576 1026
201 272
288 2691
8 86
256 50
1629 128
130 120
711 8
2052 480
41 2450
546 3217
184 2880
276 32
792 3203
1231 272
548 1090
866 148
132 82
2276 1801
1539 168
1130 132
2570 257
152 608
136 1568
458 2049
75 2304
710 3336
3160 37
68 1563
560 3211
800 3081
1 80
2214 577
3109 512
517 2
1548 0
2 397
1205 768
2214 264
320 3761
1607 2304
256 1052
0 2576
2051 1036
196 784
0 657
515 480
804 2248
50 513
4032 39
2701 1314
1577 340
520 391
2136 2087
35 28
1122 2577
324 2203
3649 178
1112 2592
2056 1413
628 3202
14 2176
128 2658
654 1064
2176 1095
4 1153
1152 867
576 2332
2117 1794
2110 1856
580 425
2320 709
528 292
2786 281
8 3845
1244 513
240 2304
1408 2063
1857 180
1909 8
1288 468
144 3106
2308 39
2609 1034
2780 258
3712 794
773 3152
1544 2274
2850 72
1888 31
0 83
2048 1108
3585 82
160 3845
145 2852
66 1281
2083 152
64 3244
2316 528
1284 514
640 2078
168 3088
1902 144
2413 512
8 629
580 194
2250 1589
2568 1032
832 1178
2208 1368
2696 65
2304 37
1637 0
512 2377
130 3864
0 2336
2120 259
2056 1568
1368 132
588 3472
152 2560
2572 258
2326 3656
784 4
2336 579
1544 390
775 3448
516 3088
4 2288
160 12
579 312
320 22
1420 2
3396 152
272 3662
3795 0
777 3348
401 1158
520 337
1616 297
354 1052
1576 272
36 586
8 0
327 3256
854 8
48 516
1025 596
69 34
3110 1857
3072 497
324 154
1604 2234
1153 2112
1416 34
72 3719
2571 36
2114 1029
2352 129
664 2112
1680 69
2178 1584
1252 2051
864 1031
256 1579
160 3008
3399 512
1051 96
77 288
4 176
96 512
1028 650
608 265
3152 56
596 2083
86 136
3668 298
1280 67
4 3328
4 114
2921 128
3 2120
0 749
2072 898
4 3480
32 1094
3584 312
720 3489
897 0
610 3328
1208 512
466 2049
228 275
68 2065
826 3136
131 1580
2320 224
171 2048
3601 64
2438 16
1033 518
0 2793
388 8
570 3329
3842 188
520 3204
2352 2060
513 106
69 136
34 788
1212 2384
3200 839
802 1224
3194 832
1792 126
3106 972
1163 544
3137 658
440 2048
3336 160
0 1776
3096 132
264 2788
1357 16
384 1581
355 2572
2061 32
2565 472
1064 22
354 1173
2120 951
169 2820
404 515
563 140
2145 1156
1041 803
112 516
274 2112
896 3074
2112 109
1040 609
48 2818
388 784
281 2180
1208 576
9 3207
1035 2200
1010 12
1632 388
176 143
1121 2826
1026 880
2208 1560
52 715
594 3364
1826 72
1155 64
49 1218
1088 2564
484 3618
1181 800
1124 584
1160 512
133 3632
1152 313
448 3597
489 1042
264 16
580 290
448 616
3344 134
1795 2068
1 3268
1424 586
81 264
0 0
70 2073
1594 2432
2081 1304
2083 324
570 1
2568 2208
3361 260
1600 2099
2966 65
1280 9
2061 1122
320 0
289 138
2880 145
1104 431
84 2080
1957 18
144 2660
2192 106
450 1553
3456 24
2290 1796
2826 369
5 2104
649 16
1394 2048
2178 361
2337 1648
273 2720
70 648
354 521
56 645
2608 142
1251 656
0 1172
128 3131
539 2116
2465 64
400 2093
1569 256
69 2592
132 2626
2209 1036
2638 3072
938 2053
2188 306
1057 208
353 2580
3107 264
770 156
102 1936
636 1410
295 3224
1152 38
1280 2218
2194 325
412 64
1225 866
768 135
2400 1043
279 1024
2207 608
82 1448
1048 389
610 256
1420 18
0 1662
258 1056
1223 24
2560 144
17 3625
2368 516
528 13
1926 2089
1056 2188
1026 2352
3088 110
170 2880
3596 18
3460 104
276 713
3906 2097
1820 2115
2185 272
128 360
193 0
530 288
596 33
272 1088
0 29
176 2568
64 134
1092 344
579 260
2344 516
1097 2100
1636 72
524 1120
546 3333
2560 156
68 3221
433 1096
104 3850
2454 128
1621 908
2096 1216
0 2254
1344 516
2624 1078
1666 2324
768 3096
44 2130
1293 144
161 18
2725 3072
276 1546
4 2441
2050 61
1232 518
257 3202
256 3746
2308 608
1 2612
519 1024
1092 330
611 16
2628 3360
80 2084
2312 596
640 42
1800 2066
204 290
512 206
1030 2545
1058 528
1794 2196
869 2
2049 1546
40 276
162 2317
576 1262
64 2967
16 100
193 3388
2379 165
3122 3616
1280 536
305 1552
265 3804
464 2094
2472 514
307 8
3220 266
2592 68
2560 138
32 1545
41 2502
40 1604
2624 12
83 556
0 72
134 841
593 1312
364 531
72 180
1922 2112
3080 644
12 3234
524 272
1601 2480
12 32
1496 0
2898 4
1080 1024
3712 38
2121 130
256 3784
2337 1040
1152 768
3244 17
2181 58
1036 515
192 3117
1256 2565
2217 1600
320 1185
2049 586
2304 1546
3904 145
2544 523
1416 2
77 3330
3618 393
2577 1065
857 36
1824 136
1152 2578
2962 1121
2308 593
610 1409
1026 237
0 0
79 2322
424 80
2082 1152
36 2953
316 0
65 3140
856 135
274 2716
3089 556
1042 193
3713 268
1031 864
2116 387
3336 103
2089 192
1285 144
76 1041
684 1
18 1988
1288 128
3712 61
516 195
76 1281
1540 128
332 2721
2050 1548
322 2048
624 0
64 131
905 64
420 1024
16 34
318 1600
65 1552
129 3866
456 533
566 2305
165 310
100 1024
12 2544
1140 265
3176 532
49 330
1560 256
1138 780
2178 1893
922 1568
0 549
544 459
1232 2573
13 2784
2 1328
23 1696
536 257
1319 137
1025 2242
1154 5
3250 256
302 3161
256 152
2048 411
2880 170
600 3238
707 2105
2129 134
288 1730
142 3172
1609 2384
268 2195
7 264
34 3911
2312 53
18 1032
3586 88
2048 112
233 16
3 424
866 2057
286 1217
1344 2240
133 2330
2060 1281
3456 512
357 1034
1542 400
345 1030
593 256
584 2352
1987 8
1093 2064
2177 36
2048 892
709 1034
128 1024
1024 40
3208 101
1312 192
1816 2560
1169 352
528 3430
232 1028
1140 2312
10 1120
576 3106
0 1939
1090 2853
1574 448
6 2328
2080 1700
80 131
985 10
25 1824
2752 287
1089 182
1413 104
23 1160
273 2170
640 1032
1024 2512
3089 264
2053 72
544 457
15 2560
2577 1058
792 3203
3 1056
296 151
64 1322
2689 86
298 2052
1088 642
2080 640
2048 1449
1168 2052
1416 529
265 98
21 514
293 1042
2309 1274
0 3683
232 2305
18 2441
832 3225
528 2123
9 1078
256 3007
1040 2339
366 3216
610 2121
1114 2084
912 1057
1097 290
1101 560
3842 128
528 2082
2569 22
42 1812
2337 600
536 1217
1605 40
8 3589
1162 545
2337 84
1310 1
845 3714
2200 7
3216 455
555 2512
1162 2581
3216 262
2488 1091
2816 1112
320 3100
3341 48
516 2059
268 1555
45 2064
108 17
1184 512
2113 660
2072 1025
3141 915
673 3096
2056 660
2701 96
1156 2066
1152 2048
512 133
0 400
308 2250
2082 1043
909 34
2145 538
1794 164
1540 228
1538 112
2117 1802
3170 397
1344 2
2624 50
60 2115
162 4
2148 257
3328 74
2564 1066
68 3979
450 1025
386 3617
3362 268
1600 358
2052 1042
2116 1032
2128 713
16 3050
1056 453
115 256
1059 2560
2145 908
2280 769
1409 74
1540 130
3332 736
3610 133
38 8
2564 1419
0 14
2048 1349
138 773
33 592
1377 2704
2312 114
2307 180
320 135
800 64
136 1349
2049 1626
48 646
1329 518
25 2432
10 512
156 0
1044 2337
1044 2208
2084 1033
292 2072
16 8
713 2050
3140 384
164 1048
3780 40
1682 13
16 256
236 257
2592 1310
16 3680
3680 130
2755 8
807 200
519 1168
1557 264
1024 2728
1616 2186
9 4
1089 4
1184 64
532 1026
3344 105
824 3264
2432 29
501 512
2111 896
54 1153
2694 1096
2945 28
159 2080
402 3113
875 1028
3241 82
1088 2826
3588 66
576 2072
2 552
36 2905
337 6
512 2
2098 512
2480 1025
64 1812
228 3339
1668 265
70 3216
128 3394
1090 2197
1063 2816
328 1024
781 1026
0 816
719 0
1601 2336
2070 1
1656 2432
2464 522
312 960
1025 2854
581 2314
0 2004
564 2179
604 2466
1184 2820
2074 388
1603 392
224 537
329 2064
2310 1112
1548 48
0 158
1280 611
12 1635
131 4
8 2087
184 2368
934 1048
2210 272
1754 37
131 4
136 8
1159 2312
1415 96
0 1493
1304 64
2049 874
2 2560
970 2305
2345 144
56 772
80 1709
144 2345
3240 287
1305 704
864 1164
0 3632
470 3624
1 2306
1578 133
1487 64
1735 274
3076 1016
530 1153
2693 272
428 2050
2081 1228
1045 612
194 37
384 2049
929 592
3878 25
1064 658
320 14
1044 2243
48 129
10 432
1216 544
3763 0
3970 44
289 2200
2306 1109
2064 325
3232 41
3107 640
1033 132
185 1028
146 612
257 112
3842 32
77 3890
257 3188
2059 388
292 2577
65 2050
668 0
65 1559
21 480
129 312
19 768
196 3360
2049 780
2048 1060
2761 1074
209 12
3498 0
3088 140
3088 928
2400 412
1336 71
1156 1288
64 3738
2054 832
65 2096
32 3996
1046 840
25 384
2066 1804
449 28
275 196
2084 396
208 524
193 2308
13 2690
528 1036
580 1042
482 1540
1704 2070
5 1424
528 68
1732 2394
37 770
48 3076
1314 2120
66 786
2068 640
1034 2324
3328 184
2097 576
404 104
2232 485
273 3200
3458 640
2848 1169
1283 2696
2568 1153
1804 2130
644 521
256 2133
1224 572
2106 576
65 1154
2076 544
120 2561
320 2108
2074 1665
124 1411
368 525
192 1566
3672 6
2052 800
598 3088
4 792
2624 48
1665 312
1566 96
56 320
1042 2049
945 1024
102 1536
4 1320
386 3072
5 1298
580 1025
1024 778
2582 648
0 60
290 513
1410 2636
1220 48
2699 260
283 68
3609 290
32 1296
314 1536
1080 134
103 2048
2114 36
2049 36
641 2320
2562 332
2080 512
0 896
1282 2165
2059 1028
3456 541
580 2057
448 2068
2050 1248
1224 517
0 186
768 3294
3112 1299
1729 2100
257 3646
771 60
1208 2304
2115 0
1490 8
227 2840
33 776
47 64
521 1392
292 10
2601 326
1857 174
2051 1316
128 3
456 3616
17 386
1200 2183
549 64
1099 404
468 1
2112 291
1059 2048
3208 4
2688 1305
3269 552
279 544
256 3079
2144 794
0 168
32 1370
8 3908
3073 130
1097 128
401 1536
1322 1
516 480
593 129
18 2764
1191 256
0 168
2245 1536
2113 1570
1606 2433
2113 272
1633 3358
256 1641
3600 65
2821 1370
72 816
641 2326
2190 1888
148 3625
516 1184
738 265
818 1033
64 541
577 2984
29 3588
1120 794
2060 1378
112 901
1333 2560
1126 144
0 214
76 2337
49 1410
17 2086
320 3619
138 2080
2096 65
1285 2066
2561 278
2062 1776
1024 636
116 2560
8 2576
647 2360
2177 1592
2093 132
1169 2048
3188 515
1952 2051
136 2304
665 1088
11 3124
48 3870
8 2449
186 768
110 2048
3652 34
14 2144
2068 1483
804 153
784 1032
64 1811
1035 2340
1160 532
536 2436
1545 422
3499 532
296 2113
537 6
2151 16
515 1296
32 961
2 3144
3680 258
515 16
206 1073
2453 264
3088 388
0 2897
1078 1
2560 1221
1224 768
3849 18
2319 3600
66 3227
2500 1032
576 3475
20 72
2802 1176
0 18
2432 1090
0 2086
3168 129
34 3781
267 1152
1064 2502
1795 16
2097 256
529 3496
772 3312
33 896
2156 641
7 2048
3458 65
1536 2302
261 200
2 2580
353 2583
0 152
265 2578
1574 2521
2 3480
1125 2330
37 400
257 536
2048 1187
68 2307
1085 384
3717 306
2568 1
1600 434
1665 2090
56 1603
4 1056
80 3456
2114 1560
0 738
162 2565
1202 720
132 1344
584 2083
3387 0
448 1573
1324 2112
769 1730
67 144
3712 609
2210 88
1032 2308
256 2724
1841 1
1298 580
197 272
1060 2504
1536 151
521 2336
4 170
2220 1025
1617 2338
3244 282
4 2312
1220 33
182 1344
2564 482
1028 2049
3104 8
1027 2568
3628 448
224 1553
578 4
2560 112
1329 70
16 170
2308 177
912 3119
50 840
807 16
2371 152
2055 1424
155 1092
148 585
2728 1301
924 64
848 1025
1344 2738
205 3120
3 848
3073 144
2385 4
2288 5
1664 63
41 66
257 128
786 1064
1288 32
512 2760
3972 170
37 2714
402 1545
518 2257
2080 1095
144 72
289 90
3600 267
2081 3522
1024 158
36 88
1824 2305
801 2124
2112 1547
332 3091
96 529
3200 72
2312 656
664 4
2640 294
785 1066
1440 2689
1028 456
2096 1538
1 1080
176 66
290 1600
272 3599
324 2178
2088 1029
1065 770
260 1680
1032 516
2304 1559
282 3648
9 1136
483 3100
513 2080
4 3555
100 8
408 1088
2341 202
3605 10
512 170
1090 536
1026 2468
1092 499
258 2561
2112 908
536 1229
2116 552
2308 1057
2372 137
18 1416
35 3420
40 194
545 2334
11 640
298 1541
65 3356
2952 1026
1536 130
6 2752
2064 294
642 360
104 17
3608 451
298 2576
40 328
213 266
3204 512
552 3265
150 1288
520 322
674 3079
196 2
1080 0
280 516
1670 2057
2884 1027
2624 316
657 2408
2059 544
580 272
0 1425
74 1573
2 133
292 1090
2376 1200
565 3402
524 3202
280 192
693 1288
3084 1808
256 1600
1028 699
149 577
204 769
34 2116
1320 704
2673 1293
133 778
1281 2176
1560 2179
2336 1664
16 3078
390 2593
225 1038
0 1155
2114 1297
2050 1096
393 2594
20 2417
257 248
2217 22
161 530
4 395
3142 387
1632 2321
2232 770
32 578
324 642
128 118
1538 92
288 519
48 1
1025 96
309 2560
296 64
439 3080
2118 289
9 3734
1996 2050
30 449
192 16
1546 164
1 1123
3 40
417 525
304 3206
1472 2345
2564 1386
144 3368
529 1130
34 836
1154 2680
2821 1194
16 2184
18 2537
160 1032
2432 919
128 3872
1028 2
2279 1024
224 2562
25 2434
24 641
633 3488
8 1185
2560 70
2180 1617
64 1700
2440 1605
192 285
3097 582
2560 1220
2848 95
785 2209
80 2177
1041 842
3424 9
1682 65
3072 842
2049 643
2305 178
141 1090
2564 1394
3648 45
259 1029
298 192
75 400
34 1676
2193 1858
1544 466
389 26
532 2442
680 1297
705 1288
24 5
274 293
1297 552
5 2322
288 1176
1056 705
1057 2048
1036 2562
29 2336
1170 2565
64 675
2057 896
3043 24
0 13
1088 902
64 2977
112 906
194 2313
129 3424
1026 60
2306 512
1538 2340
2112 1298
576 424
168 4
1377 2692
1753 6
2440 6
3116 272
225 3
1320 2565
1025 470
65 168
272 2112
3072 1508
1072 128
3138 8
158 3360
14 3088
560 2498
0 290
468 2089
532 329
352 2182
458 21
859 1028
1064 407
2786 1024
1336 65
514 3236
1442 576
3652 273
1056 80
2596 1179
3760 267
486 17
1800 648
876 3091
2053 872
12 342
211 2568
8 1634
2102 1345
658 2057
495 16
3368 64
2058 401
2134 1408
2200 774
352 2204
256 1737
2064 1024
3072 90
296 0
2346 1540
1154 2888
1 1740
240 1798
1049 320
660 1096
768 316
128 113
6 2184
22 2304
706 264
1540 2288
2433 582
513 1042
128 1390
2624 139
804 2112
551 64
0 2258
32 11
2181 34
1200 2564
140 2176
2066 705
2560 24
739 3076
136 2085
2608 1412
401 1024
3 544
2805 256
1024 2881
130 3348
272 200
17 68
3280 3
2560 195
2312 213
521 1302
0 452
646 8
422 1033
531 140
98 261
2248 1570
24 1767
1568 2501
2131 520
5 3362
2080 1734
712 2082
1076 2370
64 16
2624 269
2562 69
546 0
400 1609
2374 40
2203 1028
1280 164
2570 1
641 80
556 2307
3640 258
2096 1094
514 3104
612 2952
4 2608
64 3472
68 18
134 352
129 60
1664 2080
616 144
1544 278
678 17
3 228
970 0
322 1705
1171 44
1025 166
132 291
2308 707
320 1191
16 205
960 2086
1539 440
1194 4
195 36
1071 2464
0 1322
3200 11
3332 336
1164 72
1892 2179
77 1024
2098 324
3204 801
1080 3
962 1028
672 7
65 640
2060 114
512 1106
2658 1284
1282 560
2088 400
541 66
1043 0
2192 1762
32 65
2312 1236
653 2064
128 1130
3150 1920
3329 550
42 769
1201 1280
2049 1602
258 4
3904 4
85 2050
1664 34
3072 211
768 2131
1058 276
1860 40
1320 212
517 138
2074 517
2960 41
3073 521
2 1957
416 1620
196 2658
130 1353
264 3703
67 3468
120 134
194 32
1929 2086
392 2151
312 2050
761 3584
1826 2134
32 1685
75 1328
1 12
3588 235
536 34
1794 76
68 264
285 32
4 896
3851 224
68 2177
80 258
1056 2818
512 67
3104 527
2052 1681
1032 32
3586 89
448 2089
289 2178
1362 677
616 3456
1541 266
16 1676
968 49
2180 265
96 3093
1046 257
352 28
1184 2880
320 4
384 2068
448 1024
2723 1104
1280 179
2102 1216
2576 66
3402 677
3204 42
1 2696
3046 1024
394 592
3232 517
2068 360
33 398
337 680
3073 286
752 3072
44 3585
2820 2
3288 1
128 1553
320 1697
1474 1029
132 2624
533 458
3522 556
780 3137
1032 368
1076 2698
3200 579
33 3338
1 1830
2320 45
284 576
1520 522
3093 992
2176 1024
2337 80
2051 1728
628 139
3109 28
3078 216
1082 2305
1296 0
1329 642
641 1076
65 274
3267 816
1232 268
12 1137
1153 112
17 2310
398 3168
1056 797
2207 608
546 284
1291 2064
12 1128
872 128
2624 1302
64 2315
59 3332
1280 2109
732 34
136 1539
2114 1536
48 141
2372 1025
416 3585
2306 244
2085 136
2771 300
2410 16
2082 1218
880 2177
82 1697
2193 8
464 2570
872 1158
2304 23
2056 2691
3233 794
817 2114
4 2224
1096 2435
2624 1152
256 1232
1920 0
416 1546
3072 520
64 1194
2369 304
33 1420
1585 2120
1300 1
276 1
2628 1793
3136 2316
19 2136
33 20
518 1288
5 602
394 5
27 1792
257 3164
1029 26
3584 453
1030 97
1792 2128
513 3088
6 2432
1440 4
352 2580
284 1536
2465 14
680 20
2498 524
1472 1035
104 1414
2400 0
137 3328
512 288
1096 565
1696 2305
1288 2724
1712 105
132 322
2112 302
518 1432
561 66
2628 186
64 258
2506 160
328 288
432 65
162 3593
1027 168
10 3316
3272 17
1155 2836
2092 338
2769 8
1024 3236
16 9
257 2696
372 8
400 530
71 2584
1680 2305
2064 1057
2 405
128 2078
2182 1848
0 228
357 3602
64 1423
131 1302
2144 0
256 2048
3733 256
1040 579
773 3081
833 32
192 2059
1024 2108
344 2085
2572 432
0 2522
40 769
2505 1026
3083 400
1184 72
579 1060
1100 2944
1228 19
586 4
7 3136
1796 144
353 2692
512 195
357 2690
38 768
1317 2648
290 8
1192 592
259 3260
192 3
970 3088
512 2251
516 72
82 2828
26 1632
342 72
864 284
672 78
1610 2341
226 3862
1696 284
2050 2016
128 3332
192 2593
1160 34
257 1602
2080 182
2144 140
388 2072
788 1218
2128 263
2304 67
257 1204
193 3626
2080 1426
2305 728
517 1056
323 544
2142 1665
773 2064
2125 640
1556 2050
0 41
666 320
356 2569
2064 516
130 369
2112 782
3624 134
1034 2372
1 900
44 2064
1610 133
209 2092
2060 369
1124 1410
43 1232
712 1
920 2113
2184 96
162 576
2577 132
2370 648
531 3360
650 2400
228 1305
1665 80
583 2304
1808 2180
3726 16
1745 2816
769 2250
274 2080
2322 96
0 1515
241 320
1153 274
649 114
2577 258
116 3080
490 2053
3224 68
2094 577
2053 480
1285 56
1433 34
235 1556
3096 676
180 1545
262 1617
1168 2088
3460 2106
1076 2625
16 1388
0 68
1184 2069
88 6
2049 658
0 845
2056 2114
0 2501
1298 2600
2324 704
1424 2155
3681 10
2880 1310
2624 398
4 1192
2384 6
553 450
1586 2112
150 1065
746 1280
2188 272
1025 34
840 52
2273 276
0 2306
2088 7
24 354
64 3104
141 3842
2881 1042
0 928
3489 88
170 1088
3444 640
1065 144
7 3216
2144 1426
73 2180
1551 64
624 3981
2179 28
1037 2944
229 0
3239 8
3112 784
811 2176
1302 32
657 1348
912 35
3072 47
8 2261
2364 129
13 1056
2402 553
369 8
12 560
96 3
40 3
137 2644
1352 49
1732 27
3592 288
2571 160
1588 2176
1092 2560
3121 192
260 1185
1098 388
544 1476
1024 2266
7 104
3586 96
0 3094
1326 2112
297 3718
42 192
32 843
301 64
3746 2416
2092 3
2561 164
2196 2
65 2828
3137 658
2817 34
392 1057
353 2050
867 3202
521 64
1032 82
104 400
2560 355
402 544
120 132
2177 532
2480 516
2370 64
1095 288
1041 2052
2337 1092
523 72
20 1312
1 3840
80 259
537 1024
1280 227
266 160
188 835
12 1090
512 1288
449 3074
1938 2117
18 480
682 3349
2080 84
324 3123
70 2721
524 2352
1028 2161
96 1551
3205 362
9 172
389 808
300 1568
1672 326
2899 514
324 1058
402 2080
1074 204
2144 3076
2050 592
1 3778
21 66
2346 128
178 780
0 1701
384 517
24 259
325 3724
2689 39
18 1061
2146 28
1042 388
40 1024
80 2820
1312 523
2048 1491
1033 2822
1200 521
2572 291
6 2792
38 2192
452 2067
130 1389
2370 28
3160 292
1 3302
1114 2820
2600 66
2074 516
1097 256
388 522
144 260
1189 2056
65 18
3011 1040
64 2445
3344 712
37 3482
2048 56
324 216
2048 108
512 59
2188 1057
2050 1944
338 133
7 3688
17 2566
256 166
49 1608
73 2948
593 262
593 2478
2327 32
512 278
1028 80
2116 528
293 2128
2890 128
1025 2092
97 1814
152 0
0 1286
12 3888
97 1308
2448 1704
2384 517
2305 610
2381 1026
2186 1813
8 929
3130 321
9 1318
1030 2400
1937 2084
388 1572
1024 515
290 1036
2113 1564
3168 256
2192 575
1166 48
1632 2072
1 2608
32 3224
168 193
273 2048
3597 290
128 1090
1558 2368
1473 572
3072 424
90 0
3075 8
2448 1090
2194 773
116 2689
2581 288
1060 2498
76 4001
70 680
1028 577
99 3164
321 4
568 1028
2125 1954
2568 53
1795 92
524 1346
2434 17
1954 17
1057 2432
1296 2785
3077 576
1360 2081
1280 216
289 1103
320 3750
54 1224
2056 1365
0 1552
1116 385
2764 259
1420 2641
1192 75
2341 2562
257 2614
44 3969
1550 160
2160 778
600 3203
3188 8
2241 1536
800 2177
536 1344
274 128
2630 385
512 2452
3120 6
193 42
2574 32
2852 1168
2354 1024
129 1550
2456 34
1 288
112 14
334 0
192 556
1200 968
1536 2098
277 3168
2193 1057
2333 2114
90 3497
1666 264
81 1710
3 1152
266 3744
165 1754
1032 2048
2596 466
1537 6
266 129
1540 2098
3488 66
374 2049
3410 133
388 1602
784 32
552 3409
576 266
1153 116
40 1104
162 273
1050 704
1024 2120
280 3719
2084 1536
1057 2576
308 3808
2199 1032
0 257
1297 3072
2224 14
64 3456
2388 1068
3152 649
2153 325
752 8
64 1341
176 1280
64 1713
321 1210
3336 2
1039 2704
3096 960
2 1156
167 2048
3074 24
1665 2322
1090 2068
1671 40
260 2112
1450 0
345 32
128 360
608 275
65 1670
424 1559
600 35
1348 40
2344 530
456 2096
1088 661
2562 269
430 2560
720 3362
516 1104
40 2816
2112 906
592 2447
2566 1025
64 676
770 1200
624 8
2048 1347
772 2106
524 310
64 1058
1290 2292
1537 44
321 3744
2113 2744
536 3138
2336 195
393 2562
3602 32
1538 317
2311 1024
0 3731
1368 390
206 3856
929 74
2112 1333
576 130
146 2337
64 1411
1844 10
1890 2
146 68
2052 1880
1140 2563
152 2114
128 1074
1305 2208
1029 144
37 3858
652 304
16 2
3434 640
72 772
562 1025
322 2433
2102 202
104 1031
64 53
386 1632
641 0
1410 144
2584 1345
3 1104
32 3805
1159 520
836 136
8 1030
2179 1580
2560 1026
2304 36
32 2328
2247 1800
120 3076
34 257
2600 69
1840 2120
640 20
592 2310
70 41
40 17
2176 69
652 2064
2200 549
692 256
48 199
261 98
512 1126
2316 117
256 3520
1666 2072
2 1096
1024 2188
272 1672
1713 832
132 2
2320 97
608 1
80 11
1 128
20 264
512 291
2057 3846
20 1026
1608 36
1116 2338
1536 19
64 12
144 1225
1054 2624
1 416
18 2180
320 2586
1560 356
2052 80
139 1056
513 1428
2216 2632
2112 515
16 3201
1081 834
3112 322
521 1026
11 212
3072 1
128 2381
3106 908
344 544
719 3073
1 1700
1112 66
2052 1409
333 2226
832 2200
240 0
3329 70
256 2088
693 1026
112 2337
560 3087
1088 2221
2066 1034
272 2272
229 1032
119 3072
713 288
151 224
3873 10
911 1056
513 1128
197 288
2305 514
132 2856
324 2232
2048 149
1114 2080
352 531
2662 28
1160 564
112 8
1344 2564
466 2049
2561 392
1266 0
828 1025
1064 2180
1056 769
2576 297
1489 2560
642 2053
309 2690
692 321
3858 4
1186 2568
1153 2064
272 6
486 1600
1794 0
518 1120
10 1152
769 252
0 2560
1035 2308
24 514
1417 628
1171 356
312 131
2144 407
1169 2308
1146 772
2 1682
257 2204
3078 232
602 132
521 1282
906 1109
69 2602
2050 128
2048 3130
2464 1306
256 3713
3208 375
76 1536
1440 6
0 2225
160 343
408 2114
68 1155
10 2433
1540 2072
377 2180
298 2689
961 1038
1608 119
1564 129
578 388
852 1057
72 311
920 19
641 1370
720 1028
5 1280
2048 1448
672 18
3154 288
216 1792
425 2562
1592 2305
272 12
4 1595
520 1892
3113 16
2056 579
2052 83
3857 102
227 1040
260 2059
342 1176
2433 50
16 385
2049 1834
370 520
49 1280
2 2584
2182 1796
788 2240
0 2562
580 3088
1072 2752
3081 258
641 2
1669 2089
2308 131
1187 8
1344 168
2840 164
10 1173
1131 656
2704 256
674 1024
3722 276
1556 2304
816 2245
6 3320
2096 270
1450 16
768 2203
329 1700
35 848
149 2848
112 1672
1024 2071
2 997
4 2240
1408 2651
512 2049
1158 584
276 2249
1929 2128
832 3108
522 336
2329 1220
2384 522
3153 170
6 2529
55 10
1154 52
2048 1184
64 2840
416 3650
2707 0
3457 80
384 2100
3104 155
2300 1
4 1577
264 48
2 241
52 2947
389 3666
4 2528
708 300
771 3284
934 5
2358 1032
73 2688
1536 14
144 3848
574 3457
277 1186
454 2098
650 2096
283 1632
324 144
1604 2600
32 2944
581 178
24 32
1028 1106
1115 2724
17 424
2388 672
2817 32
174 2064
68 2457
516 3240
3237 512
20 130
712 288
88 3093
3272 773
2593 0
524 640
1024 533
2076 355
18 2241
2224 1290
512 3094
3074 448
194 3080
194 1536
2235 320
280 44
1 3316
1104 2564
2608 1478
560 15
1048 32
1220 16
608 1408
4 2747
1760 257
1032 2993
272 544
1089 2642
8 2706
1568 2368
2896 1163
1032 2721
2 1580
352 2202
2949 1024
468 33
3731 264
1800 2096
468 1537
449 528
2720 1294
321 522
1320 2964
1728 2048
2049 1027
2122 1316
22 672
20 1600
3072 696
516 160
384 512
1320 257
259 2052
32 1861
1668 347
1348 548
508 10754
2840 8230
0 9098
258 8326
2124 9344
2067 9124
2084 9235
2306 8237
1714 10250
1 9378
2701 9234
2052 9377
2072 8484
276 8227
129 9736
1104 10530
520 8368
594 8609
311 8768
1163 10800
3296 8729
2306 9789
2722 9290
104 8976
1088 8738
387 9792
645 10266
2070 9009
1089 8996
1036 8193
2048 10042
271 11778
19 9292
1152 8721
1736 8358
2144 9113
20 10378
512 8557
2762 9232
416 8192
97 8204
1 10024
2 10089
0 9786
2624 8212
2072 8454
2320 9793
704 8452
2 10312
2824 9312
400 8199
1072 8832
301 8402
3864 8197
1 9282
1136 8324
3840 8280
50 8584
3106 8576
148 10819
49 11594
10 8468
128 8480
768 8350
1152 8769
80 9094
266 10865
1221 8482
322 10280
3941 8352
640 11341
2096 9221
3 12168
0 8257
128 9335
3142 8705
128 8282
3360 8350
1584 9097
513 10424
1568 8256
1121 10892
2 11840
146 8712
1153 10312
1092 8745
2323 9832
0 10540
128 9824
10 8213
3400 8326
1536 8545
3732 8256
592 10412
834 8340
66 10124
1347 8352
1145 8324
145 8986
1314 10444
4 12240
524 11616
161 11587
5 8218
1890 8208
256 11505
36 10378
3394 8355
2336 9550
453 9768
518 11352
256 11941
1152 8210
1561 10533
142 8960
2123 8356
2190 9744
3384 8393
2188 9250
2336 9752
252 10240
2143 9376
3331 8224
1026 8360
2180 9539
2048 8224
1624 10275
392 8192
2051 8660
166 9728
4 8523
660 11306
16 11074
2433 9238
1104 10405
1163 8256
1 8452
2340 9810
8 11808
523 8356
144 9413
660 8482
2376 8230
2080 9603
2081 8664
2949 9226
1669 8264
257 9300
516 8450
1504 10770
3396 8859
2164 8458
1173 8960
136 10806
289 8214
147 8960
1036 8721
2082 9432
1766 10256
256 8844
1062 8401
2594 8329
260 10416
2592 11470
2580 8233
42 9736
1027 8320
129 9500
1035 8400
1216 8237
549 11280
103 10504
1025 10326
2148 9216
1176 8994
138 8804
644 8248
896 8210
474 8196
3913 8198
1728 8246
864 9227
1664 8455
776 8354
128 10757
2564 8505
3 10860
3616 8212
1025 8844
224 9483
1352 8208
1840 10250
4 8521
160 12096
1556 10498
1024 11212
2728 8196
2082 8704
2305 8272
90 10244
2138 9013
3073 8218
0 9408
1224 10516
2083 9552
161 11276
264 8807
1028 10274
2192 8197
2076 8451
1101 8976
3506 8256
655 9328
262 8265
2276 8963
0 9960
28 9474
944 8270
8 8516
818 8324
3073 8202
1026 10321
64 10496
8 11873
204 9744
1700 10248
1024 10488
648 11584
5 8474
156 10593
1028 8696
1042 8641
326 10249
369 9218
3329 8192
512 9286
336 10250
28 8706
2976 8267
259 9432
8 10390
1052 11874
3264 9013
3010 8297
5 8250
520 11426
1289 10304
2084 8403
1860 10376
220 10275
3776 8283
337 8192
3205 8570
2086 8448
2 8557
29 9664
145 8300
521 8390
1028 9160
2720 10257
324 10419
2370 8200
210 9477
2690 9497
2336 8223
1592 10436
354 9732
18 8225
2202 8968
1265 8196
128 10818
151 10248
3144 8212
1024 8359
2132 8232
1134 9025
48 10819
1120 8842
3506 8704
824 8327
28 9793
2134 8192
1152 8976
517 10288
2304 9222
42 8404
800 8386
38 10320
96 10900
272 8777
2980 8520
260 8297
512 11303
1672 10276
549 8466
384 11290
3392 8233
848 9262
1072 10372
3712 8516
3077 8762
9 9412
1932 9280
272 11392
312 8261
177 11329
660 8288
2216 8208
0 10368
2695 8488
525 11618
266 8240
516 8379
3684 8456
528 9230
136 8709
2561 9504
768 9218
3274 8481
780 10272
160 8210
1356 9360
3080 8396
261 11274
2816 8416
101 8984
1424 8234
1848 10368
273 11296
2320 10286
1568 10577
546 8588
128 9798
8 9446
2179 9280
1169 8226
128 9268
3072 8216
1166 8464
384 10798
8 8226
0 10308
4 8224
1 10384
1089 11152
3206 8504
3328 9746
1024 8356
2434 8777
936 9296
2065 8260
3472 8196
0 10542
643 10276
1440 8789
64 11176
290 10368
386 9296
3072 8410
0 9108
3114 8337
3200 8235
0 10667
3441 8460
385 10358
1824 10247
1053 9042
8 8368
2062 9984
1644 9232
1024 8738
1368 10897
114 8328
1056 8194
2516 9730
71 11968
2345 9728
3220 8960
2340 8771
176 10819
721 10528
3278 8225
1713 8262
709 11552
54 8192
2306 9740
2242 8453
192 10269
1159 10264
297 9862
256 8750
1163 10240
1 9452
2178 8713
1036 8545
1809 10478
516 8722
2242 9481
3096 9554
1556 8232
24 11395
2048 8340
3312 8721
2200 10080
1601 8452
1648 8351
620 10498
516 10312
2434 8224
2176 9226
2688 8272
2560 9323
144 8261
1065 8454
52 11522
2048 8229
1701 8258
2120 8755
64 10278
17 8961
2282 9233
1 9006
72 12210
1165 10272
1624 8259
1088 9117
320 10258
2304 9320
112 9996
2134 8193
1148 9090
1499 8224
180 8202
192 8973
800 10380
1061 10322
330 9376
64 8353
1381 10368
3809 8208
794 8324
128 11013
330 8736
1634 8524
2377 9220
1061 10180
66 9296
1057 8882
1040 10308
223 8224
1608 8451
36 8785
2120 9219
432 9284
1696 8516
206 8192
2872 8454
1188 10824
1057 8266
25 8260
2176 8726
2336 8262
2562 8584
1024 10776
2320 9280
2272 8449
48 8195
388 11873
1137 11402
1298 8777
2319 8352
72 8866
56 10375
2101 8704
2642 8544
257 10408
2314 9824
1793 8302
768 9383
2625 9520
1554 8224
3104 9115
320 10288
180 11336
160 8453
1729 10252
67 10244
2578 8264
768 9328
1200 8195
2056 9089
5 9346
32 10241
663 11264
71 9504
2562 8577
776 8225
3652 8232
10 11681
842 8353
968 10340
9 8196
272 8257
2122 9345
1040 8226
385 8784
1026 11392
2230 9280
3795 8196
320 10245
2336 9226
640 9228
1188 8707
2336 8400
433 8260
295 8340
56 8385
205 8226
2281 8450
48 11776
2058 9252
1296 8713
1192 8273
968 8224
287 8384
2057 9732
244 8704
1024 8747
3072 9113
352 10373
700 11264
1808 8208
3129 8294
1484 8193
517 11379
2577 9378
1280 8399
261 9234
513 8366
648 8309
2204 8768
2476 8208
325 8240
839 9872
593 8486
273 11040
3144 8324
424 9729
258 9736
15 10928
121 11026
23 11080
1061 8194
67 8336
13 9984
1098 9012
513 8264
3736 8512
130 10345
2568 9344
1 10400
192 11057
2180 8507
1537 10246
197 11816
2688 8215
28 8192
3781 8498
256 11298
3722 8709
1289 8752
2602 10705
0 8755
3908 8707
2116 8705
128 10248
0 12036
20 10377
24 8192
1032 11033
3200 8193
1057 8778
322 9361
2252 9491
145 9542
66 11793
515 11632
10 8192
2241 9004
718 8209
3593 8448
2837 9320
1104 8321
791 8288
1120 8478
3072 8544
600 8512
72 10244
1700 8193
579 11692
1232 8710
778 10288
3168 8323
3264 8977
513 10662
1665 8196
1312 10250
64 10259
2256 8228
836 9346
1284 10984
2136 9222
2103 8576
2059 8208
1025 10382
2643 9612
0 8786
584 8449
2068 8640
1544 8309
768 10376
1284 8408
130 8513
1048 10595
1664 9755
768 8208
2048 9093
513 8240
704 8234
320 10800
3715 8296
1156 10563
3212 8562
160 8242
2277 9224
60 11329
192 10778
36 10128
1345 11004
1052 10305
16 8489
2049 9080
2048 8484
0 11212
2048 8250
1024 11024
196 8195
2056 9264
2828 9380
586 8197
2244 8714
1856 10369
68 8224
5 10880
16 8808
4 10032
674 11529
128 9306
772 9288
2387 8228
1314 8256
1632 8203
805 8402
31 8544
2222 9792
904 11298
2561 8216
468 8201
264 8244
3081 8930
1172 8201
96 8965
786 8261
2564 9408
95 9504
0 10825
20 10688
19 10244
2116 9368
64 8469
1186 8712
2561 8410
1152 8748
0 8469
8 8961
10 8192
696 10502
1280 8309
1 8768
2536 8201
256 9945
2096 8704
23 10624
1345 8322
3236 8785
1700 10323
74 10629
400 8325
34 9480
1112 8371
866 9345
1088 8213
1285 8224
2568 8306
128 9325
1933 8288
649 8802
736 8206
1538 8249
32 10763
265 8242
3174 8848
30 9664
3201 8332
385 11328
1 11738
8 9333
2144 9216
1386 8320
272 11782
324 8321
292 9353
544 8478
342 8865
2066 8416
3104 8458
144 9294
3202 8229
2851 8192
842 10372
3104 9352
1040 8520
130 10321
128 8472
8 8529
578 11317
2416 8196
96 10378
2672 9645
1 11494
3072 8282
3370 8900
1312 8202
2568 9376
2249 9232
32 8456
52 9216
32 8472
2945 8254
264 8259
290 9408
192 9904
8 11907
153 9474
3272 8205
3340 8210
1039 8768
3665 8201
1200 10312
513 9366
2336 9219
2128 9249
56 10624
2052 9153
1800 8322
2816 8280
257 8228
513 9380
2124 8722
1108 10498
52 10595
258 8809
3649 8192
518 9257
1152 11024
528 8456
540 11299
3712 8276
69 8864
195 10256
2119 8203
2186 8752
772 10379
2100 8384
1306 8805
548 9280
0 8453
0 9259
1072 10755
140 10401
3908 8337
80 10788
2184 9472
1969 8266
1018 9217
136 8198
2080 9422
283 10496
289 11294
842 8320
136 8724
264 10376
4 8736
2145 8962
1282 10244
1101 10896
2097 9258
69 8370
2112 8201
16 10372
1154 10304
1064 11910
1 9472
16 10823
0 9140
1092 8341
3074 8740
2126 9505
2090 8725
32 8324
0 8425
284 10240
2640 9609
1551 10384
64 11524
3072 8340
899 9316
297 8720
65 11444
262 8320
1184 10304
2659 8208
192 10512
704 10242
793 9264
1537 8523
514 10252
3328 8385
2092 8835
1280 8386
2289 8460
3328 8898
660 9763
2244 9770
189 8194
128 10540
130 8465
908 10288
713 8752
160 8704
666 10273
16 11789
520 11604
0 10558
2960 8194
2392 11268
35 9540
26 9508
517 9246
2240 8487
53 10314
1056 8586
3121 8202
1104 8974
3632 8258
330 8884
592 9485
1025 8512
2496 8742
2576 9256
20 8840
2571 9348
48 10433
2049 8740
536 11332
2208 9238
468 9731
64 10765
1537 8576
2250 9264
194 9736
890 8194
524 11697
688 8260
776 8227
258 9264
1124 8721
1554 10497
2854 8216
16 9281
2214 8792
2080 8304
1024 9187
512 10260
8 10052
237 8962
0 10570
84 10666
418 9728
3232 8784
32 9740
2048 8496
1152 8754
1056 11009
972 11282
2208 9217
534 9536
208 9248
168 8529
1825 8408
102 9609
3075 8964
2728 9216
2385 9256
2572 8690
1069 8834
10 11744
2576 8577
296 8386
2574 9329
619 8192
3610 8480
1024 9868
2640 8328
3845 8192
1340 8323
515 11596
1024 9399
2124 8240
17 10374
2124 9776
1103 9152
2056 8486
2486 8768
0 8576
1287 8264
1536 10742
304 8322
9 9750
2273 8471
6 8257
2048 8453
38 8208
128 9732
3140 8586
401 8416
778 10320
0 10339
192 8232
2080 8464
3 9256
110 9361
3 10280
1074 8652
536 8321
133 10258
2099 9800
2690 9236
1104 10372
74 9248
56 10752
73 11300
391 9224
2048 10178
1354 8704
3089 10245
746 8473
76 8850
3132 8320
3628 9106
1048 10786
1332 10952
1621 8226
73 10628
2593 9488
429 9730
40 10180
52 8194
2541 9234
1102 11136
1079 10436
140 11360
515 11532
26 9028
20 8227
2568 8421
24 10624
2609 8292
2049 9496
2112 8192
1608 10240
2049 9080
1061 8712
274 8388
2058 9264
148 8568
1573 10386
2700 8305
0 8432
1027 8216
2122 9477
2614 8266
8 9858
2358 8392
320 9353
1025 8816
4 10809
384 10280
397 9248
1728 8222
3169 8704
1040 10602
2728 8512
36 8576
96 10524
0 10490
1052 10595
272 8233
132 9785
361 10259
1616 8192
3777 8244
2079 8872
769 8888
1039 8592
13 12146
1568 8576
224 10265
16 9857
64 10885
2304 8834
2205 9026
256 8808
3077 8658
1105 11018
836 10280
1538 10432
3650 8449
528 8196
1138 8448
193 9728
3857 8196
16 11269
90 8193
1280 10244
1155 8388
142 10297
2050 8288
2052 8346
1104 8450
1169 9004
1092 11571
2048 8540
256 9438
2578 9384
36 11403
210 10508
512 11744
2 8196
1 11393
1027 10452
2209 8264
2176 8711
1516 8192
242 9216
2241 9224
1867 8480
347 8740
2824 8343
2448 8194
123 8192
1 10310
138 10065
3319 8712
4002 8260
32 8778
2561 8232
1088 10773
720 9511
2570 8256
95 9216
40 10560
312 9216
1577 10244
514 11300
3084 8394
256 8320
970 10261
929 10270
708 10515
1537 8250
13 9025
64 10505
2320 8296
2971 8260
3089 8454
1592 10625
65 8718
1112 10624
1474 8740
1808 8195
257 8258
656 8460
160 9217
128 8216
3081 8374
1038 8864
46 8577
8 10466
11 8320
1060 10887
2182 9552
4 8256
1184 9985
2118 8704
772 9216
136 9992
3617 8196
2112 11907
33 10760
20 9280
2592 8592
1024 10570
2705 8228
165 8464
1029 9170
1216 10271
3619 8256
1224 8967
545 10692
41 10374
2910 8193
1349 8730
418 8208
865 8466
1060 10640
90 10752
978 9217
617 8192
1091 8204
28 9090
939 10240
2823 10250
2089 9924
133 9016
1448 8261
1941 8264
66 8224
1632 10241
2329 9408
513 9236
2437 8282
1576 8256
1192 9731
2224 8704
530 8452
2790 9232
548 9489
1145 8196
3072 9472
1026 10697
129 11778
0 9332
1108 10656
2087 9424
34 10192
272 9741
515 11284
344 11778
3078 9504
400 9219
33 10648
3146 8372
2628 8466
2304 8334
2564 9257
3130 8512
2336 8218
3268 8450
3208 8449
0 8710
1046 8360
2052 8210
579 11296
256 9280
144 10822
0 9742
2465 8200
882 9216
136 11013
2064 8361
256 9902
1024 8834
3600 9504
16 10216
1577 8596
264 8309
256 8715
3587 8576
53 8578
1296 10761
2108 9344
2048 9448
562 9548
2562 9216
3089 8972
3880 8258
1028 8960
4 11008
3584 8569
2120 8374
263 11808
3328 8366
2052 9498
587 9220
2400 8342
16 10753
3013 8242
224 9227
324 8720
273 8196
248 11008
2437 8208
1217 10240
25 8192
3728 8200
24 8613
528 8321
30 11488
1024 8241
64 10642
3093 8224
1073 8192
448 10786
3232 8456
2164 11392
1036 8400
1290 8868
64 8194
2677 9474
294 9864
0 10596
705 10242
177 8258
192 8234
2736 8452
540 9568
3104 8794
2498 8196
518 9424
272 8393
32 9217
2704 8227
1056 10890
2144 8346
65 10248
640 8264
2568 9249
304 10375
410 8257
2816 8320
82 8321
552 8391
224 8985
1268 8193
950 8208
1120 11035
40 10006
2306 9257
256 8264
0 10457
132 9794
1032 8389
2476 8209
256 10462
2321 8198
296 8276
135 9272
2130 9348
2049 9472
280 10339
3744 8470
1168 10602
2005 8192
2882 8208
262 10240
1560 8481
1454 8256
128 10544
1433 10308
194 9217
544 9603
1510 8705
147 8512
2497 9762
2113 8709
568 8512
12 8448
1 8882
240 8196
512 9482
284 8194
2562 9672
768 10359
120 8448
1024 8568
1280 10364
192 8194
1416 10304
132 11264
2564 8448
272 9742
2315 8208
26 11812
148 9545
1828 10443
2176 8200
640 8202
1296 8704
1286 10432
834 8628
1189 8208
364 10769
401 10432
520 8276
560 10562
53 9280
896 11362
2260 8192
768 9868
1574 10512
2084 10064
1044 8425
3393 8208
523 11316
2112 9737
64 10820
832 10272
2514 9225
772 10312
1284 10816
1360 8323
132 8192
958 10241
2306 8341
2368 9399
1131 8208
2050 8540
34 8488
3 11904
8 10636
448 8720
1172 8994
2050 8737
136 8304
1232 8972
2186 8704
132 10808
2242 9220
128 9324
1601 8324
54 9664
2392 8357
1128 10262
274 10240
1026 10821
0 9366
579 11280
2138 8577
564 10242
897 11350
273 9444
736 11549
384 8520
640 9479
1232 8234
0 11985
547 9544
1733 10272
200 10513
32 9479
1289 10370
514 8660
64 9782
20 8386
13 8960
3584 8578
673 8208
2056 8231
1584 8194
81 10024
2148 8450
65 8960
576 8491
16 10508
640 10294
1860 10378
130 10249
2136 9859
72 11041
1416 8193
1600 8208
145 9576
1078 11520
2576 9353
2368 11906
3197 8322
2656 8198
330 11300
2216 8518
2 8585
4 10455
4020 8256
1554 10413
1924 10314
575 8192
33 9792
128 9990
17 8516
15 10000
1024 8504
2142 8356
1797 8272
1602 8193
1732 8216
2242 8464
1036 8480
2056 9269
3075 8393
386 11812
3304 8706
203 10532
256 9829
32 8990
1193 8964
85 10528
588 11392
2050 9585
3200 8710
2305 9452
1128 10370
3094 8576
1024 8471
1038 10272
357 10394
3099 8768
1796 10273
1077 8640
40 8771
1088 10755
132 8768
302 8848
1488 10242
2484 10824
1032 10242
534 9344
3076 8609
36 10755
2209 8448
1188 8704
335 10384
354 8329
65 8328
512 10594
160 8258
1086 10912
584 9219
1 10028
385 8258
619 9300
2389 9218
2324 8200
810 10261
1053 8256
101 9216
2058 9760
910 9217
1097 8336
2107 9412
2176 8523
547 10452
1066 10304
20 8259
744 10256
4 9107
257 9358
912 8237
1744 10278
352 8346
4 10435
64 10120
292 8393
1124 8489
258 8212
1619 8608
0 8744
2816 8192
2579 9220
69 10512
1054 8260
1000 9232
73 10242
352 9216
140 8816
2056 9010
774 11393
180 11521
574 9216
3696 8327
3618 8451
1030 8336
2432 9741
516 8361
1036 10320
3200 8961
256 8304
1024 8530
2440 9254
3082 8884
2320 9288
778 10340
148 8193
2530 8208
46 11264
225 8204
80 11522
720 9482
1296 10944
4 8264
1024 10732
1024 10512
42 8401
3650 8301
544 8328
161 11860
705 9218
642 10245
298 10752
512 11297
104 8195
7 11690
2688 8486
522 10864
1121 8210
544 10710
1152 11060
89 9344
1067 10372
16 8967
406 11328
1537 8198
859 9224
544 10322
512 8193
3008 8730
1035 8617
10 9201
260 9953
50 8204
1801 10950
1553 8362
1298 8392
2835 9248
1024 10809
2308 8712
394 8770
24 8385
2316 9242
2882 8357
4 10787
2304 8795
256 11299
160 8195
2594 8592
122 9217
0 8388
640 10308
1200 8714
389 8736
2304 9408
260 10379
2066 8360
2121 8484
387 9312
2112 8451
2120 8743
256 10920
772 8848
1536 8647
808 8597
775 10256
1073 8204
1029 10880
2304 8353
1101 9360
2670 8320
33 10752
3082 8241
2202 8992
269 10818
794 8192
28 8993
49 8320
1160 11089
2816 9290
2552 9228
2064 9344
73 11136
192 11268
2113 8198
2840 8199
556 8289
17 8594
2049 9344
152 8224
195 9480
2064 8393
1 10432
712 11312
288 11405
0 8839
178 9229
1281 10468
2053 9080
1127 8216
1091 10500
576 9496
144 11269
3616 8585
2076 8354
3233 8196
216 8704
1489 10244
80 8962
103 9232
290 8706
35 8704
3093 8392
64 9219
0 10510
2072 8289
2 8536
3723 8516
2501 8232
2678 8201
140 8546
966 8216
1026 9084
288 9309
2816 8420
2080 9026
0 10799
192 9734
259 8232
682 10505
1168 8969
2082 9112
516 8209
2 9781
416 8193
3088 8428
2089 9220
2002 10240
1104 9016
259 10340
514 9325
262 8344
76 11265
1092 8706
3140 8369
2096 9936
0 8492
336 8203
257 9252
1584 8388
3219 8448
1160 10519
1043 9024
16 9992
0 10362
8 9936
0 8192
1024 8476
1168 8707
2 10709
104 10899
2953 8194
1170 8517
2096 8582
161 10264
2053 9664
1072 8257
681 11280
837 9216
1384 8724
3156 8226
113 8580
1224 11013
2052 9664
3202 9225
2400 10000
352 11785
2053 9376
1040 10436
2051 8452
1034 8884
3340 8849
2825 8260
3792 8194
1288 8210
2600 9237
625 11656
1792 8460
528 11269
201 8212
2088 8198
41 8512
768 9216
136 12048
2052 8561
176 8774
98 10378
320 11952
1344 10298
17 10182
528 8200
1441 10330
12 8544
2316 8194
1792 10250
3212 8768
1089 10508
2572 8192
2 10865
3172 9232
50 8716
2054 9009
0 9342
216 8226
292 8897
532 8450
1170 11073
610 10512
1265 10498
42 11269
2069 8728
201 9218
28 8739
833 10260
1 8452
1248 10506
906 10261
1600 8596
294 8336
2596 9226
97 8466
2320 8261
1028 10507
3692 8473
531 8512
2082 10120
66 8200
803 10252
4 8705
65 9104
129 11520
2305 8420
257 10834
2336 9466
2632 8609
66 9761
84 12192
1313 8776
2 9133
1112 8736
320 9344
276 8712
1200 8460
902 11321
576 9231
3072 8993
928 11264
778 10401
1291 8900
2825 8356
64 11538
525 9570
785 8334
3215 8752
1536 8443
1 9640
2428 8707
1058 8465
290 10433
10 8468
2050 9784
769 9264
2567 8664
2066 9677
2064 8640
4 8362
2816 8352
785 9216
2112 10289
3078 8201
4 8824
153 10502
521 11648
0 10343
1411 10772
704 10249
309 10378
72 9905
2322 9032
1929 8258
2050 11648
256 8969
267 8384
1733 8200
49 9230
3094 8961
543 9664
261 9890
18 8460
529 10536
32 8618
2304 8836
10 8289
3072 10323
293 9024
16 10626
36 10240
1024 8744
2096 8205
2048 9241
2060 8192
535 8512
1265 10244
0 8999
2181 9744
2 8357
400 9733
1 11204
161 8452
2057 8928
3744 8217
2064 8787
468 10544
34 12032
2498 8192
659 8224
184 12034
3741 8192
236 11266
322 8289
2579 9312
3162 8481
3585 8458
3 11048
192 9272
2464 9220
3232 9100
37 8970
2756 11520
528 9385
2632 9398
3603 8224
256 9332
2406 8832
1545 8406
1033 9092
8 11859
2210 8208
6 8264
80 11041
8 8725
274 11365
392 9266
1030 8528
166 9792
1025 8464
34 10760
770 8244
2184 8452
692 8192
133 8194
649 9396
64 9744
527 10672
69 11672
674 11293
2568 9520
88 10371
332 11938
281 8708
2049 8530
133 9010
3620 8448
16 8736
1 12120
1240 11008
650 9505
1344 10886
2321 8358
64 8868
2196 8200
128 8459
136 9056
832 11302
10 10048
64 8731
188 8266
1704 10257
3586 8676
3192 8578
2560 8346
1112 10753
2305 9860
3072 8226
608 11432
2510 8192
392 8707
536 10371
118 11528
128 10614
164 10393
257 11288
2384 9741
1049 11138
280 10341
825 8256
16 9580
1048 10373
160 8785
1292 8354
1046 8652
2052 8305
1024 8850
3232 8281
1026 10768
2192 8708
520 10660
2112 8873
529 8428
1082 10885
20 11169
1003 9280
2076 9122
294 9352
152 8965
1856 10286
25 9604
4 9699
3712 8199
2 9312
1024 8245
512 10728
17 10304
196 9512
3468 8242
1034 11057
200 8338
192 10535
528 10372
1604 8208
2560 8208
1066 8478
1028 8776
199 9504
288 9304
1024 8790
22 11496
92 8448
384 10280
3206 8464
2368 9742
476 8736
660 8448
2056 9233
0 9679
1633 10372
1686 8201
2 8972
3842 8244
1755 8452
783 11458
2048 10024
128 8964
2625 8212
1034 8577
2090 8708
1543 8192
2 11276
913 10276
184 8770
578 8232
2960 8198
387 8712
1760 8193
198 9248
100 9480
1320 10834
1317 8282
256 8726
417 8716
278 9312
673 8450
1368 8740
2313 8758
2178 8449
2210 8201
1065 8324
32 8194
3101 8768
597 11298
1536 8282
2481 8712
2644 8576
401 9800
40 9414
0 12071
1177 8448
2065 8616
1024 8856
2404 9875
194 10016
1036 10499
1039 11552
1280 8288
130 10300
258 10381
385 9266
2048 8200
656 9282
256 8195
1057 10392
70 8449
129 9316
1297 10912
256 8712
97 8970
3106 8260
2307 9220
66 10508
200 9093
1028 10240
264 9008
192 8242
8 8723
1708 10256
1096 8225
0 11289
1816 10404
3219 9028
140 8384
1031 8848
91 9510
256 10400
547 8512
1064 10129
516 8210
3264 8484
3212 9488
1156 8448
768 8266
1314 8404
152 8544
2820 9377
168 8198
132 8456
1076 10250
1576 10642
3 8440
130 8217
1689 10502
2057 8368
1079 8704
2 8848
264 8898
243 9992
3346 8352
276 8801
3074 8608
337 8366
211 9004
1286 8296
160 8194
2627 8344
128 10248
266 8261
2048 8649
48 11331
2084 8528
130 9489
258 11808
0 8775
2050 8256
32 10838
865 8204
2121 8320
1344 8192
720 8225
1164 10306
522 8592
1538 8540
339 10024
1495 10760
113 10496
24 8963
37 11522
519 11432
1220 8960
32 8336
653 8512
100 8192
264 10797
330 11332
13 8192
3328 8767
163 11860
512 8282
256 9800
131 11268
2368 8840
1130 10884
1233 8966
11 8460
1072 9028
1348 8210
257 10564
305 8196
1036 10546
3140 8193
576 10496
2689 8262
388 8249
256 8336
2816 8289
28 8780
194 8213
0 9226
1537 8488
640 8268
1110 8832
436 11840
192 8992
3105 8836
1152 10803
3100 8193
1762 8477
576 9380
1325 8962
659 8228
1024 10576
2890 8321
3072 8738
2201 8194
3296 9033
64 11054
264 8385
2176 9476
34 10881
512 10241
553 9236
514 9232
256 9240
1460 8714
1548 8272
214 8232
3072 8221
64 10381
2732 9280
896 10292
52 8899
3082 10977
780 9413
2564 8496
2112 9141
709 8210
114 8192
2336 9297
2594 8261
2076 9379
1106 10285
2972 8800
548 10307
864 11286
716 9395
176 8970
89 9856
518 9248
1032 11232
100 10264
1440 8208
883 9088
3434 8197
266 9280
577 9488
1152 8356
584 11312
66 8960
2408 8727
2305 8822
522 8576
2183 8644
130 8304
3600 8486
1155 8468
82 8360
3456 8809
2304 8295
1426 10856
140 9491
131 10008
549 8320
1178 9984
516 8257
515 10256
248 9285
2113 8450
16 8261
260 9296
545 8300
768 9284
2386 8704
1233 8450
2886 9224
578 9261
2048 10333
1442 10244
128 8305
1711 8448
2192 8231
148 11074
1536 10372
1120 11139
3110 8464
3622 8344
2373 8456
1220 11107
2764 8448
1411 10514
4 9312
832 8233
1096 10801
2177 8224
801 10256
25 10626
432 8207
38 9347
2308 8328
1027 8556
2 8744
43 9856
1122 8602
257 8222
2067 8324
2064 8257
56 8709
224 11799
2066 9220
2051 9408
1056 10376
787 9356
629 8450
951 10248
594 9257
2316 9858
2053 9248
1528 8771
1440 8219
2704 8205
330 9760
2048 8259
256 10879
105 9732
2578 9312
128 9749
28 9602
3080 8656
290 11394
648 10306
2280 9236
32 12161
24 8450
66 10497
600 8608
2137 8232
2304 9337
1192 8466
150 10505
768 10303
2048 8784
1 10874
22 8616
1158 8960
2 8400
1096 8194
928 8206
2570 11284
1569 8396
1298 10792
324 10376
2728 9285
784 8264
16 9485
2386 8193
411 8224
68 10272
46 9024
3328 8201
3880 8325
64 9256
592 11406
99 8348
1048 8320
3307 8708
1552 8320
449 9257
76 8195
3240 8530
2440 8212
1024 10440
0 9473
442 11349
1570 8584
1065 8324
1285 8746
2074 8960
2624 8204
544 9488
0 12034
176 9537
784 9377
0 11828
2052 9232
1088 8247
2059 9925
386 11269
1328 8719
0 11424
81 12064
499 10756
17 10282
864 8208
684 8193
2148 9880
1112 8836
904 8274
98 10648
81 9834
138 10880
769 11392
431 8208
2582 9384
112 8327
2720 9566
7 9032
2195 8236
232 11905
64 8374
561 9412
2177 8232
72 8448
2118 8497
2528 8981
2057 9348
2081 8336
1965 8256
1346 8717
42 11524
2433 8704
68 8224
195 8304
1280 8396
577 8230
330 8340
2624 8332
1088 9109
612 9435
3393 8858
577 9490
328 9379
2070 8832
1920 8298
33 8192
48 9988
2080 8193
67 8464
260 11378
3392 8200
1809 10248
2306 8234
1280 8352
516 10322
136 11378
2048 8416
241 8454
1152 8565
20 10377
3975 8208
132 9482
201 9216
1600 8338
2582 9576
769 11288
1560 8579
1549 8192
384 8972
272 8711
608 8208
1927 8192
50 12100
58 10965
133 10514
2452 8295
194 10293
1538 8261
546 9413
2656 8526
160 11015
1154 8240
2336 9236
530 9256
1800 8263
3170 9113
2 8336
2688 8224
7 10460
3329 8196
1480 8738
332 9376
0 11276
2368 8224
2 10960
3072 8250
569 11652
2304 8243
2049 8610
101 8202
283 9344
512 10730
1060 10859
32 8843
2064 9642
264 8946
611 10252
256 9732
1795 10292
9 8448
2370 8380
1546 10548
644 8546
460 10770
1297 8354
15 9344
2048 9262
3202 9313
1060 10944
523 8996
1564 9344
553 10624
93 10498
552 10240
3366 8769
2 10893
304 8322
917 10241
1540 8578
2696 8193
385 9241
2096 8258
83 10760
427 10264
448 8746
3512 8704
67 8196
2048 8674
2088 8209
834 10256
176 10817
1444 8274
1060 9107
1689 8288
0 9024
1040 11783
640 8452
260 9752
2052 8609
2080 8768
2048 8612
1205 10752
1 8482
1194 8208
1025 10382
428 10752
1617 10240
4 9024
1832 8208
1680 8226
376 8192
25 9218
204 9267
2112 9906
563 8192
3470 8785
36 8960
13 8624
2065 9090
2 11092
1922 10284
3384 8321
513 11398
370 9352
1920 10788
1293 10752
3180 8834
2404 9872
528 8610
352 9364
2080 9499
34 8333
0 10887
1408 9041
3456 8720
10 11524
96 9096
1448 8721
1162 8773
0 11521
2180 8307
98 11665
2308 8410
138 10304
82 10024
28 11104
7 8416
1549 8288
1569 10308
266 11297
1042 8321
1 8980
12 10514
123 8196
1095 8849
132 9490
2696 8208
441 11264
202 8193
3 10848
1048 8452
796 11330
640 8194
1858 10302
648 8468
2080 9545
1024 8470
421 10314
583 10296
648 8257
45 9680
1536 10275
1280 10353
595 9600
1156 8448
3073 8220
3716 8296
2274 8709
3497 8244
0 9240
2242 8208
3 8384
2049 9754
2069 9736
533 11264
452 8712
2374 9737
512 8721
2977 8220
847 10400
3376 8774
1320 10560
60 8514
3153 8356
1092 8224
416 8798
113 8708
2118 9344
2441 8772
1446 10753
2308 8210
289 9286
136 8738
528 9606
24 9606
3082 8208
1089 10632
1124 8337
550 10504
1428 10799
132 8512
2575 8288
2776 9238
1313 8264
1152 8810
2308 8793
1585 10252
36 8832
88 11655
1024 8392
2197 9986
2114 8708
520 10321
336 8324
281 8704
1168 8196
36 11666
1698 8272
210 9741
97 8324
288 9772
278 8233
66 11440
1410 10777
2048 8241
2336 9240
2146 8448
32 11524
3210 8261
1044 8969
1800 10274
4 8400
280 10306
1057 8198
2304 8725
2133 8320
2304 9598
1176 8192
4 9305
385 10260
1490 8737
320 8854
132 8752
16 8361
666 10500
3200 8789
1090 8864
616 11522
297 11280
2372 9250
980 11275
3848 8323
2148 8209
928 9245
146 9513
1088 8233
96 11546
2584 8229
2104 8768
1216 8232
148 8961
2692 9545
2080 8478
560 11272
3352 8256
3146 8355
1033 8752
928 8194
17 10880
1353 8720
28 9831
2146 9237
3216 8546
2440 9478
261 10434
2048 8850
2064 10155
394 10322
168 8214
5 9482
1609 8192
424 9728
2032 10244
124 9216
34 8384
2056 8421
2054 8960
1025 10402
16 8486
49 8846
578 10525
242 10016
1 8330
68 8993
2051 9856
0 8192
1934 10320
2057 8720
525 8192
817 10474
1025 8832
1072 8705
3075 8768
3152 8360
593 8194
520 9990
3166 8193
15 9312
674 9485
512 10506
2114 8997
2368 8198
552 11410
2066 9249
3461 8818
2757 8216
452 8193
128 11298
2560 9378
513 10264
2122 8752
226 12048
2048 8458
1612 8482
136 10342
2082 8453
3137 8324
1 8798
1424 10244
2148 11531
291 9280
1392 8716
1164 11217
270 9232
531 11592
865 8208
2336 9280
2182 8961
41 11792
3777 8192
10 8741
3072 8709
68 9792
57 8832
176 9281
80 10793
132 8281
560 8192
2560 9290
1939 10248
1793 10402
176 8202
512 10304
2080 9874
16 9219
2056 8194
1034 8629
809 8324
16 9988
1937 10250
356 8192
37 10050
1026 8912
512 10534
0 9231
2600 9221
2592 8323
1289 10274
352 9349
66 10385
2241 8448
2382 9346
66 11792
128 8728
3299 8980
32 11587
2955 9216
1765 10512
100 12163
1 10064
2595 9616
1544 8432
3588 8257
3624 8657
576 11271
1796 8313
587 11524
0 8226
272 10336
3496 8742
288 11978
73 8196
2496 9786
140 9072
898 9284
1025 10252
321 8196
228 11273
2064 9696
65 9992
264 8274
1058 10756
1110 8482
449 8362
3605 8258
20 11841
12 9744
1198 8768
1 11830
1037 8720
8 9313
1344 10378
2756 8208
534 8584
1601 10522
707 8484
2053 8305
1033 8338
2304 9221
544 8460
1056 8262
2098 9864
2384 9216
384 9827
1156 8273
506 8704
1071 8960
774 8208
2050 9231
544 8597
72 9600
360 10246
2636 8448
3265 8498
1024 8804
3718 8449
1042 10632
2 8229
202 10497
389 8256
69 9610
1075 8196
33 10556
3328 8208
3112 8528
1718 8460
1280 8441
48 9344
2882 8613
3072 8488
16 10632
11 10304
2120 9222
258 10272
2637 9522
1024 10473
1027 9204
516 10242
76 9264
2372 9218
2944 9260
1063 10892
320 9769
527 8544
2576 9577
256 8796
882 8321
296 11809
2052 9552
555 8464
609 11520
3792 8238
190 11280
1025 8562
2080 8840
336 9378
2564 9344
771 9344
324 8897
68 9480
2084 8466
2180 8258
3600 8197
1088 9104
1026 8968
1024 9121
2259 8448
2372 9273
2530 9795
194 8740
1033 8464
3600 8225
676 10321
1544 8208
434 8709
76 10402
1061 8448
3206 8632
2570 9569
3299 8192
320 10269
96 8195
95 10784
1912 10375
2530 9730
3136 9028
1176 8739
138 8192
796 8881
592 11298
522 11336
1040 8492
2294 9216
3586 8384
12 8355
2700 9283
12 8691
2056 10129
1359 10272
128 8773
1024 10923
3600 8520
3076 8321
548 9689
2241 9488
1540 8345
1764 10496
38 8320
33 8848
0 11187
936 10262
2956 9320
0 8394
2202 8741
2308 8328
2155 8712
401 9288
1155 10308
2064 8228
732 9216
2562 8269
128 8265
1281 8211
17 10756
1057 8276
33 11358
52 9227
512 10292
515 8652
16 8449
2304 8872
2096 8772
8 9733
3586 8244
2 10336
1 11818
2629 9362
3088 8521
1200 8259
1328 8768
136 9297
3138 9092
81 11552
2118 8249
394 11377
1744 10249
9 8710
2436 8801
289 10242
1064 8480
2066 9605
52 8769
1289 8342
928 8202
129 8972
3648 8585
2206 8257
241 9986
1031 8320
1195 10500
1077 8768
1574 8457
2369 8342
76 10416
2057 8758
112 11532
4 8417
76 8978
86 8737
9 8962
44 8323
161 11802
535 10240
2087 8713
3098 8352
128 8272
809 9346
1033 10512
2068 8481
514 9280
34 9100
1686 8256
1058 8836
2056 9266
66 8329
1030 10521
0 8709
754 11268
1129 8196
2049 9962
1670 8456
275 8352
578 8332
1040 8521
528 9218
396 11264
1985 8204
1616 10374
896 10258
258 10944
1593 8528
2144 9089
16 8262
1056 10262
3736 8195
3173 8194
656 9486
791 10344
2500 8192
528 10255
2627 8236
28 9249
256 8408
0 11604
520 9520
3202 8193
1032 8242
1106 8321
256 8769
264 10418
68 9136
1226 8500
1029 8258
2054 9352
1278 8200
1040 8769
160 8272
16 11014
528 8199
1344 8454
3344 8896
2026 10242
1366 10240
2976 8279
1024 8491
41 8736
1988 8450
2256 9774
532 10658
3585 8200
356 11290
17 9606
0 11397
387 10260
772 8192
10 8212
352 11795
1024 10593
3897 8340
841 10288
64 8216
194 8761
3088 8198
1028 8289
642 10312
1568 8198
2596 9288
1032 8580
1156 10571
1696 8193
24 10625
2368 9263
1680 8263
547 8192
517 9552
1281 8434
201 10498
513 10262
553 8276
2316 11312
13 10544
32 11267
522 8448
2 10916
245 9216
3122 8964
2060 8706
1282 10273
16 10435
193 9736
648 9574
4000 8212
3 11952
288 10818
1026 8749
532 11338
3336 8245
1024 10534
2 8256
50 10245
276 10753
72 8837
64 8324
1024 9080
1091 10780
1290 8704
2627 8220
704 9219
3176 8722
264 9216
425 8704
801 8388
6 11027
2052 8726
640 10504
371 9216
29 11264
0 8203
2714 9252
41 9559
156 11330
584 11269
720 8544
132 9489
2147 8584
1294 8192
2181 8536
283 8420
392 10305
908 9284
257 8256
672 8274
234 8720
32 10506
4 8786
2817 8318
1057 9036
2772 8208
384 9270
520 10676
1920 10287
129 9544
1027 8552
96 8854
17 11525
1152 10253
1 8488
690 8192
1544 10272
1634 10588
202 8246
588 10369
208 11532
1221 8720
8 10245
518 9280
10 10004
1128 10368
546 8581
2052 9120
360 8225
98 9238
1170 10240
2060 9235
32 8211
96 8743
2128 9768
888 8197
524 8480
312 9216
2574 8241
2098 8641
400 10281
45 11400
593 10272
2952 10337
3621 8450
3456 8340
1088 8202
769 10800
19 11776
274 8704
4 8209
642 10501
3211 9236
33 8642
72 8352
129 8964
1574 8256
3777 8464
345 11264
3096 8224
2246 8248
212 10248
16 8324
128 10065
12 9280
8 10260
112 8528
1028 8387
316 10403
408 10788
128 8213
793 10400
321 9862
2385 8869
2 11140
8 10950
279 8736
537 8226
572 9218
1571 8456
256 8770
17 9994
1349 10936
144 8963
268 11440
900 8274
100 8705
192 12054
341 10248
3680 8329
1570 8408
704 10505
3200 8218
272 8876
18 10912
1084 8834
1762 11544
2432 8777
110 10626
1336 10758
48 8513
2082 10049
40 8448
3204 8464
0 9642
2219 8256
1096 10915
408 9728
249 8450
32 8515
256 10241
2632 8581
547 8192
2128 9777
14 11424
1076 10313
224 11030
2593 8342
617 8194
2048 8809
1538 9412
2569 9376
2309 9732
1184 10269
528 8235
112 12175
96 8834
12 9474
525 10240
2 9497
2688 8241
77 11264
1284 10413
1296 8747
512 8550
1667 10609
3392 8194
608 8222
1057 11054
2048 8644
2064 8448
512 10641
230 9488
1618 10884
8 12256
130 11781
26 10144
838 8192
128 9408
128 11280
69 9890
49 9736
464 11277
129 8760
1536 10278
772 8328
2185 8708
2560 9317
193 9008
272 11873
1024 8289
390 10257
2113 10886
2048 8913
1104 8488
8 10593
1000 10242
2568 8448
64 9494
129 10810
1029 8352
154 8292
1039 8964
1736 8192
147 8232
3232 9818
512 8464
52 8970
34 10580
1344 8201
2761 8242
377 11906
2 8344
3 8256
258 9888
1092 9619
0 9233
198 10529
8 8229
1348 10240
840 9232
3168 8330
1569 8384
331 8228
1282 8197
1024 8206
148 8456
530 8229
1408 8192
400 11298
2195 8804
1152 10327
2944 8265
1121 8832
3360 8287
2184 9845
2068 9314
5 8946
2410 8193
2142 8832
200 8228
1282 8321
3120 8320
73 9216
281 8198
2384 9253
1108 8712
194 9488
23 11080
128 10500
454 10280
2064 9090
1544 8469
3200 8210
1492 10272
3749 8514
536 8417
3696 8192
1570 8660
336 8238
2313 8865
2 11008
2563 9496
713 8196
2433 8464
1568 8649
2309 9290
256 11912
2048 8228
1812 8288
2304 8841
896 8204
593 9634
1280 8217
2944 8264
532 8449
148 10506
2172 9728
2464 8704
101 8448
2576 8388
514 11680
328 11299
2442 9728
272 9796
320 8196
171 8256
2577 9348
1089 8848
551 9360
3510 8713
1028 10371
304 11265
2560 10645
3360 8720
694 10497
2816 8321
86 11904
64 11399
512 10391
89 10338
813 10240
2066 8192
25 8452
341 10250
268 11906
74 8453
1036 10242
769 8206
102 8832
1856 8367
522 9217
860 8354
100 10242
8 11296
20 11968
1409 8192
340 11777
70 8560
851 9260
1568 10374
132 11040
1056 8213
2314 8272
98 8852
1058 11012
1157 8208
3584 8263
545 10504
3256 8815
632 10244
66 9652
8 8260
240 8203
280 8320
21 11266
1056 8961
512 9539
2176 9256
100 8835
19 10376
2304 8729
2058 9300
12 11123
5 8224
1412 8784
272 8873
2 10900
2113 9368
51 10311
196 11032
800 8214
864 8212
24 10880
2597 8448
3456 8713
704 8227
1 12037
1232 10767
2693 9250
1385 8848
1548 8257
3296 8708
1824 8258
2066 8897
259 9284
14 8512
2610 8205
784 8352
32 11840
578 8460
132 10322
3074 8340
37 8322
1285 8736
1160 8448
134 8449
256 10436
2753 8450
2057 8834
208 8449
2896 8199
325 10272
8 9424
2404 8776
640 10517
3176 8965
73 10544
268 8403
898 9217
18 8289
1152 8212
42 8854
3590 8280
64 10768
64 8248
676 8513
128 8466
262 11825
1082 8320
3906 8272
756 11275
1029 8224
1668 8464
10 8496
12 11858
517 8280
2081 9728
2052 9256
1809 10274
2273 9738
528 9480
128 10812
512 8293
2602 8208
948 9282
3160 8704
337 9730
156 8194
102 8451
708 8491
1036 9024
584 10656
588 11299
2065 8718
673 8232
772 9240
769 11268
4 8843
2688 8297
25 10566
1086 11200
178 11596
1808 8292
1280 10381
0 8236
3350 8864
577 11672
2178 9001
1040 10696
0 11731
4 11176
1108 10506
3361 8780
1032 10385
513 10464
288 10256
1114 10624
3724 8195
3584 8252
513 8650
3910 8193
480 10247
2061 9346
3 9624
129 8498
3072 8475
75 10368
1060 8707
1792 10354
2 10544
326 9400
2321 8230
0 9542
53 9344
1474 10256
1984 10268
1601 8356
1 8358
402 10252
168 8195
72 11454
140 10528
464 9255
64 8352
1540 8577
1123 8200
400 8714
3088 8320
1088 8324
2572 9218
577 8464
2128 8748
2122 8581
530 10561
2182 8776
2052 9632
1218 8456
142 10320
1160 8740
337 8320
41 10372
2340 8842
2178 8716
512 8481
2057 8548
208 10025
968 9221
1074 8704
2944 8228
64 10240
2240 8972
1220 8224
56 10562
228 9728
2061 9152
1088 8207
132 9314
2048 8192
776 8326
3082 8597
1062 10561
561 11271
64 8453
75 11268
28 8704
2448 9793
3856 8426
2840 9408
34 10880
76 11265
2048 8449
841 11264
96 12190
1064 8258
1544 8468
265 8788
296 11793
1044 10913
816 11401
608 8323
1537 10258
1025 11236
2705 8450
2120 9348
953 8192
1672 10244
924 9227
769 10386
50 8516
16 11458
4 8384
2178 8192
2112 9269
2435 8220
1280 8736
640 10304
2098 9217
1024 8297
416 11991
1640 10246
1320 8708
1600 10251
3140 8848
280 11286
426 9748
2056 9252
2304 8844
2561 8432
3624 8579
768 10392
3864 9248
804 8306
1613 10288
854 11427
1040 10497
2112 9770
1058 10765
2073 8358
15 8704
1061 8194
320 8841
1158 8224
448 9236
3344 8773
145 12044
3204 9020
64 10291
641 10274
0 8854
1 11456
864 8207
1036 10496
593 10634
257 8804
288 11405
2049 8462
1570 8192
64 11699
0 8356
1240 8215
297 9296
1033 8736
1060 8195
155 8964
2058 8209
16 8960
0 8254
262 8192
2245 8248
1130 8960
0 10852
1158 11096
100 9369
332 11954
32 10074
2048 9242
0 8479
168 10817
1029 11056
258 8709
133 9520
98 8728
1088 10242
171 8964
2369 9732
704 9499
1828 8209
311 8396
94 9216
420 9794
2570 8544
2066 8357
2697 8528
0 9637
51 9740
130 11360
64 9230
2468 9027
1045 10248
1030 10336
24 10629
176 10500
34 8708
2328 9735
19 9224
525 8258
2056 9858
157 11808
2133 8992
1848 10247
0 9216
1320 10772
18 10541
1681 10574
578 8604
80 9262
4 8594
22 10985
594 8449
776 8197
2330 9924
428 9808
512 8200
34 9241
1536 8571
525 9536
1221 8760
3073 8434
528 10314
2594 8657
40 9220
2305 10338
64 8706
264 8880
1 9008
128 9728
3339 8420
1352 10758
768 8300
2150 11008
642 8212
2822 8296
528 9547
260 11595
2297 8448
2576 9353
545 8338
1512 10243
2202 8257
2699 9492
2081 8462
1173 10312
516 8409
1591 8328
400 8739
1205 10776
1742 10545
1042 9028
260 9314
212 9729
2388 8866
85 9224
2304 8860
296 10460
51 9028
544 8212
102 10768
3587 8320
1280 10824
2554 9218
2368 8374
2308 9729
50 9608
389 8210
272 11976
65 9647
136 10801
512 9664
97 9112
268 8322
1412 8250
1152 8194
161 8781
852 10403
528 8588
516 8275
1024 9168
518 8528
129 8250
537 11684
196 10272
232 9216
160 10586
1059 10624
875 10372
1281 8378
86 8192
345 10368
130 10357
2576 9543
1053 10306
321 11776
289 8200
3072 8376
337 8192
392 9776
166 11280
1409 10282
648 10257
64 8192
1152 8196
512 8358
1408 8768
1549 8640
136 8994
408 9954
1617 10666
281 8900
1164 8258
2178 10005
2312 8224
260 8322
596 10378
2115 8760
1409 10284
4 8322
384 10316
224 10296
2440 9815
1176 10308
1409 8192
768 8224
32 10439
1080 11206
512 9589
3340 8721
1762 10256
1024 10452
0 9667
2083 10888
1032 8377
69 9256
1792 8267
1153 10322
256 8256
149 10562
282 8716
38 10345
544 10563
961 9248
538 10401
1050 10497
2247 9480
1440 8212
2352 8769
896 8292
519 9696
672 8204
2435 9268
120 11009
1296 8288
2189 9248
208 10496
97 11400
272 9378
585 8610
2576 9409
8 9298
17 10242
136 8209
2107 9860
3093 9160
2256 9761
261 10354
4 11947
2873 8198
33 11396
1872 8577
278 8256
772 8360
910 9249
1935 8192
116 11778
671 11522
3601 9574
80 8196
610 10296
0 11337
1027 8292
2560 10402
2595 9284
3 11084
256 8193
2837 9312
328 9790
722 9516
1028 8210
3737 8262
4 9923
2138 8196
2912 9233
802 11468
112 8971
772 11344
1155 8448
3072 8688
123 8332
384 8708
3555 9244
704 11561
89 10880
971 10244
132 10560
204 10240
2586 9537
1280 8843
2048 9412
40 10160
710 8192
169 9294
2308 8227
617 9220
517 11386
3124 8384
2 10276
1176 11845
517 8600
484 10240
1792 10251
144 8746
275 11848
3347 9224
2084 9026
1065 10246
1153 10768
2048 8437
13 10874
1477 9232
1536 10553
2399 8608
2305 8882
168 9284
24 10150
1032 10578
1505 10372
1032 10753
692 10571
36 11273
3746 8521
128 9041
80 9135
706 8192
1156 8456
0 10577
768 11458
1543 8472
2692 8194
867 11412
2515 9764
22 10568
674 8196
2474 8723
16 9455
232 9731
513 9228
259 11312
2816 8408
514 8452
1732 9228
520 10257
22 10241
525 10400
512 9680
544 9472
266 11856
581 8250
2339 8400
353 8194
1612 8370
384 8739
1538 8468
1080 9218
2080 9695
1 10606
128 11820
145 9282
4 10123
1280 8778
1052 8771
2438 8809
2053 8848
1043 9028
1840 8265
400 11268
130 10332
1154 9792
992 8215
2096 9283
2688 8316
1504 8195
1616 10508
518 9224
0 10121
3585 8454
2647 8192
3696 8203
288 9995
1280 8807
664 8260
206 9232
2368 9237
328 9268
1306 8224
3333 8200
202 9248
2852 8338
672 9284
460 9218
64 11274
192 9730
2065 10156
288 11804
1408 10362
130 10592
1066 10629
592 10404
2754 9221
1233 8202
1550 8512
304 11347
261 11792
1664 8521
0 8451
1260 8451
1292 10275
587 9392
293 11482
528 10598
3712 8465
517 11156
2570 10241
8 9552
2886 8321
1212 10752
1804 10257
2092 8771
512 9858
3152 8832
587 9344
2307 8192
1356 8209
1537 8416
3142 10112
3073 8736
3592 8226
9 8214
3280 8713
2066 8965
3200 8490
0 9041
146 8200
1116 8320
66 8200
1665 10531
1024 9064
1048 10530
137 8496
8 10624
2304 8352
30 9473
2184 9041
0 8342
2435 8716
2052 9425
513 11328
1992 10256
2450 8197
2328 9317
1536 10280
784 10275
3652 8218
2440 8801
207 8240
8 11058
32 8671
1280 10601
554 9617
307 8324
800 10314
1536 8297
3368 8194
585 8214
448 8239
296 8386
1572 8193
3072 8723
2048 8306
1 8898
404 8290
48 8776
68 8208
1557 8552
624 8711
283 8384
266 8756
162 8192
516 8227
644 8464
17 9740
680 9280
232 8711
1033 10386
2130 9737
3088 8460
0 8384
276 11906
3206 9009
18 9731
2312 8195
2720 8194
1088 8426
2770 9216
3625 8320
66 8457
3680 8596
1346 10261
2177 9830
658 10568
2136 8452
1025 10370
24 10240
512 8257
1154 11828
512 10550
144 11271
456 10262
320 9856
148 8266
260 10907
162 11777
1584 8386
3151 8225
2087 10176
632 10240
1101 8720
0 11058
1024 10579
1026 8976
1298 10476
32 10896
1280 8420
2104 8322
336 10253
2124 9875
261 8834
794 11425
582 10256
1413 8250
128 11820
12 11858
3724 8224
169 9552
148 8807
576 11515
1554 8617
3 8528
132 10274
1824 10318
410 8485
2100 8200
36 10387
2688 9271
1846 8320
2056 8722
0 10927
68 9491
272 8224
2690 8200
1152 8201
2053 8826
196 8233
2262 11272
3773 8192
72 9745
388 8712
1624 10264
1035 8212
332 8208
3220 8200
1282 8833
512 8289
648 10544
649 10240
182 9536
2304 9741
48 8576
343 8224
1252 8705
1800 8337
74 8992
3648 8459
2118 8200
512 9218
1030 8609
18 9825
51 10060
512 9348
2608 11486
144 9324
0 8643
1563 8416
264 8215
769 10324
96 8341
1060 8576
240 9728
64 11908
2064 8744
400 8519
65 8364
1058 8320
4 9795
196 10496
3650 8452
2880 8240
182 10560
2800 9484
3235 8476
3264 8216
1796 10419
2073 9286
2102 10184
3108 8848
1120 10372
394 8256
3841 8386
745 10512
834 9260
1025 10270
1664 8249
588 11297
360 8720
0 8254
2048 8640
31 10112
2048 8859
357 8330
376 10244
2051 8296
2597 8272
341 10792
800 8261
156 11584
1368 10753
3272 8728
2560 9480
400 9217
2099 8264
0 10849
33 8710
88 8706
2184 9314
2512 9220
3394 8232
578 8324
2314 8256
3456 8502
773 9266
270 11777
1097 11012
3117 8768
2432 8274
910 10280
4 8200
2048 8368
1568 10568
2084 8321
161 8472
7 11784
1039 10416
201 11280
1038 8961
1042 8936
392 8706
4 11779
1040 8360
2246 8192
1096 8743
1216 10784
334 8336
138 8772
640 8192
128 8296
2326 9313
768 8553
1035 10692
3600 8196
136 8450
2058 10084
2432 9234
177 9728
1216 8715
769 8384
820 11393
152 8742
51 8516
2048 10329
140 9296
224 9757
1238 10761
178 9740
1026 9033
1561 8512
1056 8833
2080 9864
2547 8200
64 9736
304 9860
28 8259
83 8776
3682 8213
1712 8256
592 8352
12 8336
2586 9248
2562 9368
1474 8712
755 8448
2668 9488
2404 8720
32 8307
334 9728
1052 10368
3360 8711
2592 8592
1088 10405
259 10296
280 9926
50 10368
2052 9104
708 8247
36 8282
32 10317
52 10770
2194 9473
256 9216
2177 9004
2772 8448
2496 8749
385 10330
1815 8200
145 10496
9 10000
0 9570
67 10516
484 11265
258 8868
32 9366
2752 10261
1026 11025
1444 8266
524 8608
3086 8528
1154 10264
3347 8272
386 8197
2200 8705
2565 8672
529 8352
44 10825
0 12101
1592 10440
260 10251
641 10522
1030 10576
3462 8264
298 11264
2563 8264
2724 9497
165 8474
138 8752
3968 8267
680 8465
1144 10755
8 8451
1216 8749
272 11846
450 10753
1772 8464
1040 8258
1029 10288
2497 9216
656 8484
800 8384
2 9697
0 8241
193 11012
1088 8618
0 11433
2048 8708
288 8856
1169 10786
2432 8291
641 9280
1832 8341
275 8808
1170 8716
2568 8583
1103 8352
1186 8525
1028 8336
208 8196
256 9237
2561 8660
787 8196
2074 9600
58 8961
544 11333
38 9865
1216 8994
3712 10612
109 11392
1334 10240
1027 10752
897 8202
130 11272
2055 8280
992 10254
0 10433
1676 10290
0 8675
131 10776
836 8224
3119 8208
150 11296
917 10240
3204 8251
12 8416
1921 10276
2848 8396
4 10256
552 8914
1601 8324
1185 10840
1896 8196
678 8208
74 10257
1794 10280
1656 8193
0 9730
1572 8259
2180 9554
1282 10320
2074 8485
2120 10133
2120 8977
1041 8800
3080 8488
2242 8713
1596 10818
128 8546
3456 8292
32 10128
66 10753
514 8469
524 8464
604 10273
168 8787
1920 8253
0 8234
3136 8449
32 9804
2048 8225
896 11376
51 9732
597 8352
580 11762
612 9234
3094 8736
899 9236
1376 10267
1055 8704
1422 10256
1044 8488
1096 10676
144 9510
266 11845
560 9282
593 8490
0 9211
2309 8384
0 11556
1288 10325
1056 10644
226 9489
2690 8264
1047 10336
2760 9604
40 11778
4008 8260
410 10757
16 10090
770 10380
2688 8456
225 8716
56 8259
292 9225
107 11284
2944 8294
1801 10308
1742 8192
2052 9848
1096 8597
197 8506
320 11276
3200 9033
2695 8216
2 10348
385 8732
592 10502
2432 9576
136 9281
64 10898
304 10373
268 9731
81 8202
3976 8274
2048 8194
1092 10241
2900 8234
66 8240
1536 8653
534 10481
2064 8300
3086 8416
2441 9282
600 11265
1060 8584
2204 9282
2976 9220
512 11460
324 11041
428 8192
2080 9267
1750 10504
168 8579
2178 8532
552 8337
256 8794
6 8600
554 10260
1048 8960
2049 8698
1061 11016
3200 8540
2 11444
768 9457
258 9224
272 8388
1537 10502
2 8320
320 10371
66 11024
3408 8713
2609 8484
1531 8704
1473 11176
258 8212
80 10145
2960 8192
2433 9768
852 8202
1682 8517
2133 8200
193 9750
385 10288
48 9738
356 10768
933 9218
2320 9220
42 8209
1032 8419
256 9424
170 8193
18 8193
148 9024
769 8196
17 9988
8 11265
792 8291
1048 10624
3219 9056
1545 11622
1905 8194
39 10000
2822 8192
321 10280
792 10371
2696 8306
292 11856
24 9093
2344 9795
3552 8193
198 10496
64 9786
3092 8385
641 10262
258 8197
910 10341
2636 8194
1060 10370
328 8741
1036 8230
17 8648
768 8256
2114 8585
40 8324
261 11408
2176 9770
3202 8205
409 10242
257 9924
1366 8704
305 9222
3138 8477
1554 8260
2464 8257
0 11515
268 9730
64 8725
384 9823
2059 9220
64 8833
2370 9753
1058 8257
64 10752
713 8294
53 12032
2186 8228
392 8226
2185 8278
1024 8581
100 8200
3860 8200
116 11008
1245 8198
72 10384
2854 8320
192 8252
1681 8454
263 9216
1296 8897
2745 9536
3235 8264
1556 8520
3077 8712
521 9440
147 8256
776 10370
486 9216
3074 10729
56 11648
541 10592
768 8338
512 8321
2048 8301
1571 8332
577 10538
47 8208
2566 9424
464 9764
2426 9220
3585 8256
1040 10274
16 11329
2113 8846
640 8192
536 10369
532 10370
2565 8304
256 11816
1636 8192
376 9728
800 8589
294 8256
2180 9555
1031 10312
2016 8211
42 10432
1064 8641
2560 8261
34 11405
144 8259
40 8577
1024 8264
137 11286
4 10825
1152 8706
176 11273
818 8736
2473 9218
792 10400
2241 8218
64 9232
35 8924
44 9920
385 10784
2209 9566
2464 9748
2374 8960
706 11296
2376 9779
64 9337
2148 9738
849 8322
32 8346
1118 9120
580 9402
841 9382
12 8416
4 11392
128 11334
519 8328
3202 8768
261 10792
2677 9344
1025 8226
2592 8456
1136 8482
1092 10273
622 8337
2368 8489
769 8198
2347 8704
80 9220
2316 9346
660 9282
2128 9602
9 8900
259 8744
2089 8852
1027 9024
485 10378
1183 8472
1052 8192
3200 8515
576 9218
1096 8848
68 8456
2070 8424
1024 8221
16 9186
2121 9474
3093 8264
2851 8448
330 11393
1412 8264
3872 8259
24 10246
1832 8583
1024 8713
264 10358
801 8214
48 11215
1036 8352
282 8769
1408 8217
3744 8213
153 10020
32 8450
0 9282
14 9936
560 9355
3081 8310
1084 8514
134 9232
536 9216
524 10395
677 8456
299 9232
524 8192
524 10496
64 11839
2262 9257
88 9382
2580 8386
1058 10253
553 9284
16 8544
1173 8258
549 8288
1331 10372
53 9218
12 9857
1152 8451
2188 8490
274 8768
568 10241
2561 8461
652 11713
2561 8634
68 8192
257 9314
56 8194
136 12112
1231 8192
2434 8376
218 10275
1093 8474
2882 8704
2048 8768
192 9512
1024 8365
34 8465
2267 8736
1178 10756
2320 8709
3232 8282
2618 8257
282 10340
198 10368
256 8296
3083 10256
1280 10266
521 11654
170 8960
517 9616
3665 8226
936 9223
2304 9750
1668 10249
2139 9728
256 9380
2816 8304
256 9264
540 10115
2816 9382
1898 10373
2308 8209
21 10280
2176 8245
1053 10626
2520 8196
20 8458
128 9473
418 8721
2840 8194
521 8308
1032 8362
3329 8292
652 9298
1092 8579
132 8992
457 8226
1060 8641
918 8225
1560 8248
2546 8205
1680 8203
833 8202
5 10754
1096 10371
6 10917
520 10291
2324 9352
2319 8288
1024 10608
3745 8198
39 11136
96 10779
536 8390
334 9904
1286 10257
1058 8516
2824 9248
2193 9540
3076 8211
1120 10372
1544 8448
78 9984
3088 8224
8 8388
2564 8355
2889 9296
2062 8673
2368 8206
13 10256
324 10905
432 8779
712 8242
128 8270
66 9236
1152 8501
2119 9640
367 9728
104 9239
1162 11092
1073 8526
1291 10816
2087 8192
841 8336
3 9016
42 8321
4 8242
1092 10240
3105 8604
1828 8520
2964 8288
2176 9317
1037 8480
1570 8265
2050 8321
1114 10496
288 10752
256 9879
3666 8197
1094 10257
2753 8212
11 10032
2825 8208
53 11720
2377 9238
1287 8192
646 9249
1601 8482
2465 9298
758 8457
1233 10542
32 10386
160 9486
898 8237
411 8192
544 11468
3291 8448
3522 8204
1042 8196
2072 8806
1072 10241
2209 8716
2186 8241
1729 8480
534 8201
2242 8464
452 10289
1645 8448
1351 10889
2377 8194
137 9234
516 9514
844 8195
1024 8858
288 11783
2092 8705
1348 8209
2 8388
2321 8810
2696 9297
2065 9576
2051 8728
0 9029
516 8192
2016 8193
588 10520
1801 10240
966 11312
17 10240
131 9852
3 8648
74 9408
130 11353
3168 9000
296 9923
3104 8217
781 10258
2257 9472
152 8962
1474 8705
1417 8198
4080 10249
1292 10305
865 8322
144 8232
256 9281
8 10914
512 10684
1057 10246
771 11348
344 11297
1 11892
1155 8612
1048 10244
2056 8196
2380 8752
771 8224
2560 8214
36 8968
2826 8260
1112 10433
1035 10884
1194 10848
516 10545
1024 8205
74 10913
612 8200
2178 9764
642 8541
1160 10788
3612 8194
643 8964
1348 10753
1 10084
2056 10404
160 8451
40 11141
640 9384
3488 8218
2194 9257
512 9223
586 10672
560 9482
20 8674
1165 8256
3117 8208
3446 8832
256 10806
2657 8222
2522 8192
828 10243
3361 8770
912 10241
1 10322
212 11298
260 10787
2 8744
2049 8866
4060 10275
512 9078
65 9344
33 11420
560 10255
1280 9246
528 11330
2434 8236
920 8226
261 11834
2752 9260
0 12199
2084 9297
3118 8320
0 10667
768 9232
1024 8473
2304 8917
1920 8192
19 8768
1298 10981
1195 10500
29 8578
146 10244
1568 8397
0 9246
277 8384
2851 8196
418 11264
92 8577
209 9768
592 11271
1626 8320
212 12064
704 10250
129 9549
2200 8449
4 8266
585 8210
149 11272
97 8590
449 10752
657 8200
284 9218
552 8448
904 8305
705 9510
139 8512
2857 8324
2106 8197
1058 8272
2120 8704
1216 8708
324 9784
868 8328
18 9313
160 9537
64 11289
1648 8197
13 8400
128 10240
2824 8212
532 8226
1568 10509
1828 8258
3152 8718
2118 9144
2066 8640
8 8694
89 10244
2817 8272
144 11047
2961 8232
0 8392
1621 8320
3104 8256
1172 8224
2432 9286
2836 8200
288 8259
2210 8532
10 8497
3168 8320
0 8504
2918 8192
544 10241
3458 8209
2082 8516
2448 9230
2600 8388
514 8676
55 11328
1062 8576
1318 8704
2728 8452
576 8360
35 11028
523 8448
1484 10257
0 8623
2057 8352
289 10944
804 9281
1545 8244
1536 8301
1096 8199
522 10308
976 8232
1868 10370
1042 8361
36 8210
576 11660
1024 10988
2672 9482
16 10881
609 9304
2914 9229
1568 10240
3008 9300
3664 8584
12 12080
2764 9248
1536 8353
42 9364
323 8200
2 9040
3524 8752
17 8710
0 8954
896 9280
136 9281
1184 8773
1508 10251
298 8212
1536 8289
32 10304
96 11533
104 8324
2080 9618
3841 8230
2328 9857
0 8504
268 9298
1572 8258
2080 8273
2624 8235
1089 8208
2064 8195
1436 10307
3072 8201
104 11141
1101 8225
264 9218
2134 8353
1234 9065
2208 10074
1288 10304
85 11816
36 9562
16 8768
115 8580
2724 8208
264 8324
1030 10937
2304 9216
1056 8774
2563 9488
2658 8192
264 11810
2070 8256
4 8272
706 10241
1049 8384
108 11650
3296 8452
808 8257
81 8514
2370 8272
2704 9248
2084 9920
2128 10016
2133 8842
200 11792
3160 8231
1220 8481
256 8773
65 9742
592 8324
546 11652
545 10244
2944 8230
1280 10886
486 9737
1287 8336
2626 8344
24 8709
76 9218
2560 8417
864 8329
9 11908
1354 10753
1106 8489
8 8865
136 8704
97 9366
3472 8720
264 11269
3072 8544
1056 10944
384 9284
2054 9297
18 11181
1824 8252
192 12068
2084 8896
852 8200
624 10630
1352 8338
1681 10308
2064 8833
3590 8588
3104 9028
2052 11345
1516 10241
904 8198
3650 8213
641 10254
3400 8258
36 8202
3267 8224
299 10464
2244 8722
66 8204
1040 8777
2626 8240
577 8252
2118 8960
660 10312
2386 9732
1765 8456
548 8337
2136 8963
52 8832
2052 9506
1153 8548
596 10504
1044 8769
521 9252
212 10499
2176 9312
145 9216
32 11190
3078 8912
321 9226
2963 8264
1160 8464
5 10274
614 8576
3629 8194
352 9872
1281 10918
549 10368
2212 9050
3077 8976
1089 8580
3843 8624
436 8707
2048 9241
20 8768
517 8480
1856 8817
516 8541
2562 9345
520 11682
74 9749
39 11072
162 11804
1326 10368
272 9768
261 8384
3073 8582
1036 9106
2841 8194
3168 8461
1392 10754
1056 8200
2592 8457
38 10960
3584 8631
1040 10703
3333 8754
2308 8720
1352 8704
136 8200
134 11856
2408 8839
5 8728
81 9252
2708 8203
545 10252
1153 8776
2051 9464
2052 10057
1811 10408
704 10500
561 8193
3090 8456
760 8194
704 8485
769 10294
74 8741
0 8321
2753 9218
1804 8211
600 10530
1752 8483
1450 10240
335 10240
642 10276
0 10834
1056 11025
424 10325
3584 8460
520 8468
16 11151
0 9864
899 8212
418 9749
168 11520
2 11321
96 10880
722 10241
3200 8496
3112 8403
728 8195
518 8427
817 8262
2304 8248
3 8292
537 10276
258 9801
0 10465
1155 8224
2065 8450
320 11780
384 8750
1008 8206
2108 8259
2048 8457
512 9482
1284 8705
1634 10500
1280 10492
1027 8208
258 10889
204 8194
192 10249
64 11572
17 11650
3140 8456
106 11029
340 9728
1080 8192
448 9742
1632 8601
18 8993
1 11149
99 8192
517 8312
2704 9284
2570 9381
520 8484
2076 9536
578 8612
1072 8396
1060 8769
304 8333
2152 8960
65 9474
1113 8448
208 11021
3073 8524
642 10516
460 8192
64 9104
2181 9556
2560 8196
672 8202
1567 8352
202 10773
66 11153
0 8404
2547 9728
330 11393
528 8581
40 10566
2328 8357
2075 9504
520 11700
1794 8225
22 9984
832 8247
25 9798
547 10320
280 8832
2500 9296
2721 9232
261 10272
2130 9472
2561 9652
528 8514
14 9217
871 8336
494 10240
194 8208
2176 8392
1188 10241
1180 8705
2705 8490
901 10312
146 8769
65 10014
1616 10250
872 10243
65 10250
1381 8362
3072 8738
534 9217
586 9505
289 9728
2338 8720
88 10530
1544 8213
2832 9216
257 9888
1138 8324
1030 8217
483 9748
677 10304
444 8707
388 10288
1248 9542
1223 8240
2120 10002
760 9477
2060 9490
125 8192
3440 8193
264 10416
152 9990
160 9987
656 11365
0 8257
3464 8208
2243 9752
628 8200
1024 10645
2180 9826
3088 9032
256 10951
1345 10376
128 9061
288 10888
10 8241
1039 10424
2064 9413
4 9385
1445 8714
262 8753
35 8924
2464 9231
2072 8293
71 9248
67 8192
448 10769
16 8358
1540 11411
1654 8233
2337 8192
1282 8201
20 8906
2121 9780
3612 8576
103 9872
2049 8576
32 11788
80 9858
1072 8234
580 10417
1092 9003
310 8328
1355 8212
184 8256
3116 8338
3219 8748
9 10706
328 9235
130 9513
1184 8450
402 10284
512 8619
264 8721
0 8248
1051 8864
1098 10240
2070 8513
35 9232
48 11598
576 11393
2050 9112
13 8738
16 9410
2082 8256
389 11294
40 10561
690 10561
160 10240
1 8508
128 8309
1057 8434
20 11433
76 9395
1706 8208
10 10960
19 8716
129 11862
18 9062
1040 10274
1149 10882
481 8194
801 9408
668 10313
2664 9240
3968 8233
106 10768
1152 10249
1154 8708
3073 8308
163 8208
2817 9314
490 9728
256 8901
33 10244
2048 9376
3384 8390
1024 10244
1218 9244
385 9570
1377 10886
129 9384
681 9538
53 8522
624 8580
32 11072
264 11332
8 8263
547 9496
512 8672
3606 8385
1576 10257
129 9288
3708 8323
2284 9746
596 11312
60 9217
628 8449
1576 10502
1296 10278
2128 9736
770 10248
3510 8840
65 10034
106 9361
505 11266
1569 8196
2873 8324
146 10316
3105 8344
1224 8226
1501 10274
80 11264
1097 10258
2460 8739
20 8904
388 8208
1848 8324
193 8230
1557 8194
1153 8726
2656 8198
2176 8809
129 9506
3111 8266
8 10337
1444 10242
130 9233
65 8216
2633 8610
44 8593
2051 9124
541 10434
2880 9255
1073 8192
130 10304
644 8457
84 11307
0 9320
3329 8708
1624 8224
323 8760
329 8208
2181 10266
1152 8800
1122 8457
2307 9452
100 11137
547 8258
832 8248
1044 10952
144 8960
272 9443
128 8249
2176 9804
273 8332
560 9229
273 11296
1178 10560
2307 8396
427 8768
81 9220
1800 11459
1026 8965
1090 10520
8 10768
349 9218
2920 8192
48 9800
2433 9246
526 8241
1376 8724
2897 8352
1808 8264
808 11393
1059 10244
1028 8457
0 11340
3144 8241
150 9160
534 9377
2050 11824
22 11368
28 8706
2596 9224
1537 8536
3282 8969
160 9472
24 10276
1316 10250
2821 8224
1113 8872
3952 8192
141 11331
2080 8773
256 8237
0 11339
108 8193
54 11073
128 10270
34 11016
1024 8256
774 10368
1296 8267
88 10240
2960 11331
2128 9868
1344 8723
1080 10245
3092 8739
1154 8708
3076 8729
9 12044
174 8721
196 11273
93 8240
36 10817
50 10625
1180 8227
321 8196
35 11472
22 11648
3304 8193
389 10818
90 11233
496 8192
1708 8275
16 8577
3156 9091
609 10250
1024 8412
128 8460
148 9032
470 9226
1331 8324
2279 8200
2448 8292
1303 8896
656 8450
2 8653
5 8738
1152 8464
1426 11820
1568 8321
562 10432
2561 8340
528 8322
530 10496
2056 9188
2323 8320
2208 9229
1224 10497
2131 8712
452 8194
1060 8264
1060 10448
2242 8720
529 11752
651 9248
1040 8193
0 8385
28 11938
44 11024
905 9298
0 8739
1101 11296
2305 8704
162 8733
1 10476
228 10787
656 8960
130 10569
2871 9288
76 8226
2816 8330
129 8288
76 8978
913 9284
2276 8706
274 8196
516 9224
516 9266
64 8214
2081 8404
336 11433
1056 8277
211 9000
1345 8714
2336 10310
774 8256
96 9502
549 11648
2057 9543
2184 9220
64 8242
369 9994
2308 9289
1728 10242
2500 8705
1294 8272
1 11304
2081 8278
2708 8299
2054 9648
1056 10254
3736 8294
2824 9252
2131 9224
18 8428
545 9292
10 8465
20 10688
2080 8729
274 10373
468 8226
28 10754
2118 8209
3185 8196
8 10643
40 11728
1804 8288
128 9359
8 10369
769 10252
72 10262
75 10384
1820 8354
0 10398
2864 8394
1190 10323
8 8274
128 7195
407 5632
257 7760
1387 6160
3282 4641
2072 5152
2064 4363
2287 5376
586 6148
1460 4096
522 6180
3393 4748
2467 4168
504 4610
3242 4356
1642 4240
2582 4105
1024 5093
294 4689
2309 4682
1024 6917
550 6160
36 4625
2116 4609
1356 4624
652 4866
1 7432
2056 4822
816 7623
2304 4181
0 7380
0 5123
2699 4112
2560 4244
3 5992
193 6656
34 4624
137 4176
2358 5312
2693 4136
2707 4428
636 7438
1812 4169
275 4136
352 4610
521 6432
26 4640
1413 4608
1110 4129
2389 4136
2080 4680
2834 4800
1026 6680
3337 4738
768 6616
548 5146
2232 4097
880 5772
2564 5386
18 6945
1086 6336
545 5142
1664 4168
266 5680
836 4106
512 7256
40 4614
2 4105
1024 4636
3096 4098
2049 5628
64 4924
1580 4754
2670 4368
1152 4352
2254 4112
3424 4234
1560 4257
176 4354
1029 4138
1024 4179
152 5447
10 4096
0 4242
1158 6665
304 4746
64 6021
3596 4320
194 4128
194 5905
516 5200
1617 6402
64 4232
1681 6664
2560 5189
2064 4449
188 6466
226 6941
2121 4768
128 4614
1446 6664
1545 4390
2360 4608
80 7808
3081 4402
142 7681
1030 4488
550 6337
584 7809
4 5008
2305 5884
704 7449
264 4820
784 5131
2560 4151
272 5127
13 5298
139 4224
2 6293
1747 6436
2600 4098
1665 4216
2183 4672
2052 4947
1795 4148
3072 4788
100 4368
128 4704
705 6488
3089 4770
320 4104
708 4129
1164 6736
160 6738
1192 4417
2882 4128
0 4828
1345 4742
3168 4362
2117 4098
2113 7338
1028 6769
64 4116
3221 4416
48 6146
34 5952
114 7432
264 5142
198 4128
3077 4256
544 4446
2628 4411
4 4096
16 5474
1052 4354
261 5828
165 4624
3104 6096
1091 6276
1184 4104
2573 5536
1098 4513
3636 4171
1152 4370
146 6432
2270 4384
65 5672
130 4172
943 5184
120 6405
786 6337
768 7328
285 5826
612 6536
297 6656
566 5129
1762 4116
1027 6512
286 6240
521 4464
288 6166
396 5136
474 4129
714 4361
913 4256
1289 6148
516 5802
1219 6973
531 4196
394 6257
184 7171
859 5280
3334 4280
195 4876
3120 4672
152 4867
260 5337
292 4097
96 4760
4 6224
0 5009
407 4672
256 4756
512 4469
525 5266
2192 4807
4 4515
0 4148
1186 4613
144 4100
3088 4769
215 4136
2344 5268
261 4608
1121 4504
2312 4288
162 4677
706 5124
165 8016
257 6164
656 4256
1154 4661
278 4105
136 5125
22 4672
262 7200
512 7466
2328 4675
2560 4513
464 6671
34 7553
4048 4139
164 4891
2056 4194
1634 4361
2630 4224
201 4884
480 6659
2966 4129
2048 5413
1032 4149
1808 6209
66 6661
154 5380
1235 4136
66 5665
1062 4608
2118 5656
199 6688
2092 5120
210 6661
11 5952
2310 4641
136 5238
36 4107
151 5473
68 6314
912 6214
897 6192
3332 4234
1794 5160
1570 6236
320 6147
3094 4289
34 5412
2 4120
312 5120
640 7752
1032 4544
75 4132
512 4125
2897 5280
353 7296
261 5640
2231 4356
1152 6718
2232 5637
1569 4170
1079 6280
1542 4224
2586 5669
445 4162
1080 4359
2453 5346
1120 5003
150 4384
0 4621
48 6981
260 4104
3712 4870
215 6657
50 6560
1028 4674
482 4608
548 6792
1888 6296
272 7690
417 5144
992 5140
3794 4356
2825 4148
1803 6212
386 4360
2920 4115
550 5376
260 5218
1424 6188
0 4325
1549 4480
3844 4134
1272 6658
2569 5760
536 6337
2070 4712
1566 4417
672 4423
2307 4664
3612 4130
3092 4288
272 5281
385 6672
3584 6304
384 4129
2068 5413
80 6402
129 5666
2 7365
612 5018
41 7748
258 6249
461 7200
1024 4964
140 5379
2401 4756
3074 4600
2050 6145
132 7492
428 4672
1620 6307
2049 4668
1173 6688
1024 4134
320 4749
2178 5377
1569 4316
1170 6213
3408 4256
34 4288
1602 4612
1284 6160
808 4126
538 4289
3648 4123
128 5990
192 5657
2722 5449
385 4211
1160 6406
2341 5338
546 4096
128 5120
1200 6403
1355 5760
112 4097
960 5141
2304 4260
2328 5857
21 7682
520 5121
768 7401
832 4642
64 6297
1196 6226
320 5632
1028 6705
513 6284
2088 6023
162 4621
905 6176
1283 6748
67 5512
2088 4358
608 5259
1 6382
768 6292
258 5137
2720 4224
544 4161
2573 4384
17 7046
530 7305
324 5168
1024 6224
1412 4099
1555 4168
3076 4592
321 4120
23 6920
1536 4124
0 4400
32 5637
832 5137
80 4904
0 7769
2184 4677
1228 4384
2113 5267
2369 5280
1221 4624
166 6232
2053 5842
1152 4638
1296 6179
1220 6691
3584 4184
1676 6257
2273 4372
2116 5122
336 4137
656 6156
2 4096
2360 5124
304 5123
6 6360
945 6208
2570 4369
1154 6453
2158 4752
49 4930
193 6180
586 7328
3284 4096
1 6376
2052 4304
3604 4205
2584 4356
2584 5571
2049 5152
1065 4438
25 4608
256 5916
3072 4674
2853 4128
2429 4736
715 4424
295 4688
281 4641
3590 4513
8 4356
513 5376
2212 4420
1074 7940
2560 4197
56 4182
512 4266
18 4616
2193 4674
36 7507
3220 4448
2241 4388
1552 6156
2532 4104
1 4938
340 5632
2224 5890
41 6918
3089 4704
161 4636
128 6930
1559 4328
1561 6306
978 6148
2578 5156
320 6147
1916 6272
2432 4113
717 5392
968 4614
32 5004
3201 4178
512 7197
2184 4864
2386 4137
594 4128
1208 4612
1064 6209
3648 4138
2305 5822
1 6300
33 7040
320 6156
2194 4645
2353 5128
418 4100
290 4296
32 6148
1060 5376
816 6245
3408 4227
708 4378
108 4114
2562 4108
1058 4180
2324 4256
40 6164
408 5699
1026 4152
1794 4157
1042 6217
2312 4324
1564 4288
2263 4096
532 5376
3210 4369
2594 5329
1036 6240
32 5516
2056 5793
145 6241
393 5184
468 5122
2113 4652
70 4513
1105 4392
3136 4905
3145 4642
2452 4131
3200 4142
43 5184
34 4457
1504 4114
22 4896
2304 4121
2088 4612
1112 4995
71 7608
540 5248
53 5722
35 5120
3080 4323
144 5935
2200 4896
132 6707
394 6181
1537 7202
101 4240
320 7171
2 5121
0 5668
2064 4354
2056 4096
386 5165
1216 4132
2261 5160
1084 4097
2370 6144
2694 4608
1090 4101
197 4192
3298 4107
1379 6660
821 4160
5 4138
917 7488
2768 5160
3177 4114
124 4608
410 5197
165 4888
326 6304
864 5130
1048 4168
644 4169
0 6144
4 4608
288 4107
2611 4364
1089 6450
416 4160
1166 4160
2688 4114
672 4418
1048 6244
1560 4385
656 4360
993 5120
2593 4416
416 4111
128 4206
2852 4096
672 4168
2266 5384
4 6618
2434 7781
776 7300
1163 6180
1090 6817
3154 4237
10 7044
768 7169
258 5320
104 4626
59 7680
641 4166
643 4408
2148 4106
3400 4099
36 5632
968 6177
288 6728
114 6400
2049 4130
35 4620
1066 4484
2566 4361
69 5274
2336 4238
1035 4196
2050 4356
2080 4378
2052 4408
1420 7715
67 6668
272 6730
2051 4676
1708 6464
33 4368
643 6436
292 5641
390 5160
4 7027
200 4352
89 7940
3235 4465
2585 4448
9 4420
149 5888
1664 4106
576 4228
25 6912
1060 4115
1042 4424
2594 5260
1240 6405
3332 4187
1292 6656
1284 4640
2370 5137
2052 4232
804 4114
1062 4616
2948 5122
139 5232
2624 5577
397 4608
2082 4676
55 6408
400 4129
216 4097
544 5443
2625 4388
3145 4740
2725 4160
64 4913
2052 4121
2179 4116
2688 4864
236 4097
16 5349
2593 4230
1795 4196
388 7184
2056 4532
1832 6224
2066 7756
25 4356
168 6401
97 4864
2817 4144
135 7424
801 5192
22 7520
2576 4353
260 6272
3377 4614
864 4250
2696 4406
1157 4408
1168 7171
2241 4362
1717 4160
3144 4101
8 7413
1094 6160
132 4179
3720 4148
592 6177
3217 5484
1677 6210
2562 4216
1090 4372
228 5120
1553 6370
839 4136
274 5128
2176 4689
272 5126
1820 6176
1304 4228
544 4114
10 4129
3904 4132
1140 6536
5 6856
582 5161
1064 7105
2116 5394
2064 4807
2060 4304
288 6731
194 6665
641 4102
3588 4184
1614 6145
2054 5185
139 4148
3894 4288
4 4354
168 5187
3784 4098
198 7976
76 5664
226 4629
528 4100
172 5956
93 7810
1196 5136
2748 4096
2194 5736
2185 5136
16 7489
8 6182
33 7130
1190 6216
2368 4117
2081 5376
580 6433
2753 5382
1576 4162
1033 4640
821 6272
521 6610
560 6152
2152 4608
576 7176
1095 4352
536 5316
2632 4114
1029 4634
1316 4616
520 6247
2592 4540
136 6470
1666 6472
592 4557
1544 4162
5 6976
26 6145
905 7184
3684 4249
90 4996
56 4868
896 4124
2616 4421
373 4617
3604 4418
3332 4129
1904 4099
1515 4096
0 5282
2071 4328
838 5144
3274 4372
776 7172
40 7744
3 5376
291 4360
2192 5953
64 6802
2189 4720
425 6144
2432 4144
18 8128
240 4879
185 5376
773 4226
210 6764
1440 4614
360 5268
496 5632
296 6147
304 6152
68 5379
917 7176
1024 4225
1182 6400
241 4360
162 6144
872 4096
2704 5132
8 5189
1320 4673
128 5700
2306 4137
640 5159
1478 4097
525 5648
1808 4296
1136 4096
1158 4616
576 5504
523 7168
704 5380
52 5640
8 6885
0 5154
18 6688
2305 7178
10 4213
2216 4115
18 6160
1056 6554
4028 4096
1412 4113
1650 4353
296 5125
400 4166
2434 5192
2048 5638
2592 5196
2610 5252
2504 4610
544 5142
768 4138
216 4096
2066 4352
168 7250
273 4256
2705 4096
3333 4098
2312 4658
1800 4115
8 4226
128 7032
3792 4108
520 5238
76 6160
2126 4369
337 5290
529 5540
294 5136
2656 4872
329 6212
281 5796
1026 5004
2 5920
1040 6144
734 4128
576 7179
0 4369
2113 5768
518 4352
2049 4136
3 5236
787 4228
2193 4104
3220 4160
321 5146
4 5264
1666 6192
2144 4233
2083 4488
586 7169
70 5817
540 4448
256 4104
372 5249
3640 6401
137 7236
2048 5768
770 5150
580 5394
1704 4163
64 5920
578 6179
14 4417
48 5312
292 4611
596 7170
260 6657
3013 5176
1036 6914
645 6480
3078 4608
1364 6312
136 5157
68 4115
1284 4962
2416 5636
1029 4371
2120 4128
1838 4160
2313 5830
2467 5192
1036 4098
535 6536
256 4209
273 5128
2049 4136
392 6208
2444 5122
42 7040
4 4746
612 6530
273 4192
3201 4154
282 4705
184 4438
2641 4362
137 4112
3413 4264
82 4784
266 5360
0 5445
3633 6146
2481 4164
1702 4105
1040 4129
642 5137
1564 4291
12 4913
0 6054
68 4753
2200 4964
2048 5600
534 6664
2097 5213
160 8026
2638 5153
3264 4384
1120 6401
328 4640
2613 5184
1522 6664
8 4448
1028 6353
257 5776
2662 4096
1024 6811
3568 4100
0 5970
64 5126
1044 6849
48 5255
329 5670
386 6976
8 8033
53 4226
2112 4748
280 6694
6 5769
333 7314
2196 7272
24 4448
768 4248
2050 4401
20 6754
3330 4725
2048 5537
3096 4448
64 4227
295 4624
2304 4126
0 5050
81 5770
1312 4096
1156 4968
256 5309
1094 5057
140 4112
264 4325
1178 5041
1667 4116
1030 4129
643 4124
18 4996
1545 6502
156 4130
530 4100
1194 4676
2569 5734
709 6416
2530 4612
2561 5124
912 5188
3968 4126
149 5898
577 5280
128 6204
134 4201
0 5507
66 6156
1026 6156
712 6162
296 6212
2772 5384
18 4612
1285 4154
2081 4630
130 4608
610 7428
1029 4776
641 5208
136 7700
2688 4116
882 7309
912 4108
296 5315
492 6658
2051 5424
2377 5760
2576 5405
2870 4225
2 6569
777 7616
1538 6601
1088 6154
1544 4098
63 7552
704 6146
1298 6824
1569 4114
512 6298
1027 4992
401 4610
1289 4624
1100 4273
144 7970
2062 4752
649 4176
34 6605
36 4248
1108 4258
5 6800
12 4306
256 4235
2064 4192
295 5824
576 6436
130 7748
1 6986
88 4899
284 6337
0 5158
2053 4344
3200 4300
1538 4196
2433 5190
2221 5136
2 6860
489 6658
1029 4650
906 4181
1096 4896
0 7120
1122 6408
678 4112
1025 4546
1552 6222
2830 4161
1664 5421
1800 6144
2304 4288
570 5573
336 6657
2320 4644
2052 4912
6 4712
56 4612
96 5274
2304 5276
2821 4248
3760 4104
385 7746
193 5682
771 4224
608 4112
428 6738
2049 4136
70 5424
928 6165
528 5516
320 4273
1155 4100
2112 4117
26 7780
738 4100
1064 4242
3328 4770
2348 4736
3652 4104
162 6408
2048 4137
3089 6344
1237 6176
832 7181
100 4744
2 6575
136 4354
88 4388
1128 4374
1700 4433
3048 5143
533 4160
1652 6274
2147 4448
626 4480
545 4152
3113 4612
16 4261
1539 4352
1048 4096
2842 5312
272 4706
3329 4638
236 6419
1065 4226
258 6225
541 5152
97 6020
604 4320
3969 4694
2272 4352
3416 4230
2274 4164
1192 4177
2152 4485
104 4740
2048 4164
1029 4616
307 7172
17 7330
2624 4224
2083 5660
22 5184
2054 4834
2276 4353
769 6164
66 6217
70 4096
480 6658
1090 4104
544 4295
375 4224
2054 4600
86 6537
1308 6272
1096 6416
1368 6790
2 4096
1553 4396
633 4224
1280 4181
2086 5256
678 5393
2560 4300
2053 6610
160 4166
713 6164
3121 4096
80 6148
672 6429
518 4240
8 4720
632 5509
1024 4636
396 4096
0 5303
2 4136
2584 4098
2258 4640
196 5392
256 5122
68 6585
494 7193
2058 4241
2312 5314
3689 4112
2049 4232
272 7075
128 6459
26 7521
384 5666
1107 6144
44 4744
130 5124
1584 4164
2407 4112
0 7440
694 6401
545 4480
76 5650
2211 4609
0 4632
280 4196
1478 4136
2305 4230
32 7811
13 4176
358 4105
274 5700
92 7458
17 4226
64 6912
3328 4319
160 7512
1028 4336
2117 4624
77 7298
1065 6148
2281 5633
203 5184
2212 5978
2320 4617
256 4706
528 6272
272 4620
281 4288
2312 5186
2024 7252
2051 4284
227 6410
3677 4096
554 4293
2319 4800
448 4631
1026 6164
293 6746
20 5192
1930 4161
256 6147
0 4321
1028 4808
3841 4232
3176 4869
2 6441
2091 4428
2688 5197
2624 5424
3584 4489
7 4867
3617 4096
168 5126
8 7280
2126 4992
275 6304
597 5152
16 6945
2404 4097
132 6210
2198 4257
2080 5185
1922 4161
4 4793
2325 4744
784 5153
787 6312
2085 4177
2060 5152
592 6408
776 5121
940 4163
902 6153
2176 5894
3096 4736
588 5120
128 6710
3168 4499
1552 6318
271 6178
546 4144
1816 4160
252 7425
201 6160
900 5168
3586 4304
3273 4096
0 4096
256 6720
704 4149
14 5017
2052 5248
682 4100
3139 4736
2962 7233
1548 6146
7 4096
546 6145
297 4688
1024 4104
1484 6177
256 4314
89 5376
1574 6625
832 4242
97 7064
2856 5154
3153 4229
2052 5643
81 6182
259 5644
2107 4388
136 5715
51 7372
2504 4119
3172 4104
618 5776
437 6666
516 5296
1053 4258
1281 4122
2080 5891
2651 5376
156 7459
133 4688
2180 4121
1614 4272
320 5180
1 4161
1809 6148
90 4352
1233 4866
1857 6276
292 5258
3152 4096
16 5191
2054 4993
1 4418
704 5410
784 6368
20 4160
2572 4098
3104 4230
138 4404
106 4112
1670 6241
3682 6289
184 7745
141 4114
2050 4916
646 5137
3088 5057
1107 4384
64 5379
3443 4232
1540 4536
1 4292
1040 4234
34 6176
64 6919
1532 4097
1601 6152
2560 5388
2 4777
2057 4624
2308 5667
260 4227
258 5568
6 7776
3339 4272
3905 4128
80 5126
3072 4745
546 5380
141 7456
2049 4612
2308 5825
2166 4865
101 6416
2080 4230
1040 4119
3977 4182
1032 7057
2372 5169
1549 4274
0 6676
528 5353
64 5260
3476 4096
2113 4752
1152 4102
2065 4544
324 4123
1266 6667
1460 4608
5 5272
0 7418
2051 4112
2049 4376
1044 6282
553 7488
133 6456
397 7776
4 7168
223 5408
2 4436
1085 4802
0 7492
1836 4114
1434 4160
2064 4192
2052 4552
2124 4529
2817 4128
512 6225
33 8022
1600 4755
2065 4332
384 7688
1337 4230
2114 4524
186 4356
1176 4391
170 4436
2240 5917
3104 4112
529 4514
396 6737
440 6148
96 4625
2176 5146
3144 4098
9 6322
6 4352
1798 6281
1024 6385
304 6344
2104 4547
2251 4404
791 4128
264 4129
3088 4096
1984 5121
129 6656
1108 6146
3131 4608
328 6785
1828 6851
1152 4362
635 5384
2706 4096
2113 4096
676 7489
137 7936
258 5632
266 4612
268 4194
4 7513
323 4876
768 4613
544 7234
65 5684
2209 4864
296 5124
1684 6562
2240 4650
34 7109
2304 5280
565 5130
277 6346
1432 4608
1202 4096
256 5233
1668 4144
520 6419
63 5760
92 7814
576 4353
2608 5185
29 4418
1154 6232
258 7204
256 7697
776 7458
0 4544
1553 6598
260 6176
2145 5074
84 7168
547 6412
1160 4950
513 7442
1410 4140
1024 4280
420 5739
641 4416
9 4292
512 4300
544 4184
40 4673
3619 4306
144 5154
1248 6928
2368 4609
932 6194
516 4098
257 5714
64 5897
3924 4097
3650 4492
1088 4370
2930 5132
4 4992
144 6405
1602 4129
2188 4354
515 6276
2160 4230
1026 7064
16 4420
3609 4228
2824 5157
532 4131
1792 6153
532 5186
1862 4145
3076 5104
91 5152
1366 6185
1287 4204
1280 4323
528 4293
64 4232
2640 6276
514 7237
2592 5122
1157 4130
528 6560
2492 5122
552 6208
260 6176
2050 4481
64 4785
1539 6344
129 7532
432 4608
3258 4096
2400 5773
512 6160
3281 4102
324 7186
196 6403
2082 4433
474 5636
884 5123
968 6162
330 7184
0 5519
128 6912
432 4608
834 7184
291 4112
2052 4417
2316 7281
200 7472
1056 6274
1610 4097
320 7732
267 4136
2624 4369
2315 4128
10 4645
529 7372
2308 5633
2050 6021
1442 4673
756 4106
2765 5424
258 6193
40 5459
3122 4229
385 4770
512 4329
3080 4119
1170 4682
1571 4820
2322 5253
524 4259
513 6402
256 4186
3876 4168
2054 4697
2065 4746
1556 4097
1798 4176
2593 4174
128 5393
7 6320
2060 4993
612 6160
2048 4355
257 6288
130 6468
400 7811
592 4097
2076 6113
560 6149
2 5828
2437 4098
1312 4107
3092 4811
472 4768
2728 6292
2075 4544
2050 5824
8 4499
146 4393
521 5540
3264 4612
2597 4433
199 4112
256 7272
43 5504
2137 7296
193 7692
2314 4801
705 4352
283 4160
1089 6978
70 4152
0 4494
578 4096
135 4184
526 6352
1056 4144
584 5249
2184 4424
2048 5161
256 6297
3082 4529
3208 5121
2188 5409
37 5794
2122 5908
528 7337
19 4356
1099 4228
2866 4108
263 4304
256 5306
1041 4618
16 4552
3336 4116
2048 4865
1537 4176
2128 5646
1 6248
8 7730
208 5640
128 4107
1545 4176
3 6168
576 4136
3399 4664
9 5348
544 6222
3 7712
196 4096
3139 4489
2176 4110
448 5652
513 5410
98 4113
596 6275
192 7987
424 4165
513 5320
133 5632
20 4360
2384 4778
260 5201
1664 4400
578 4153
1624 6178
2180 4980
577 6448
3208 4162
192 4352
1130 4225
284 4256
3136 4234
2229 5128
1136 6795
1348 6280
4 4464
132 5465
456 6160
356 4106
577 5158
1032 6935
1104 4480
76 5120
2 4884
576 7330
560 7215
1352 4114
645 7192
448 7696
49 4672
1 4272
1034 4513
576 6328
1329 6336
1545 6466
1032 4774
2 5601
606 5408
1801 6210
2179 5136
769 5158
2066 6505
9 6250
1156 4096
3170 4992
1520 4101
144 5229
8 7953
660 7169
272 7904
595 4244
2129 4136
394 4641
418 6672
72 5286
590 5504
2 6376
256 6738
3214 4113
3200 4626
1 4644
2148 5377
1824 6145
132 7179
610 6424
321 4276
385 5184
3204 4882
2308 4610
1416 5648
1040 4460
2370 5760
5 5376
864 6161
1096 7062
1792 4253
273 4174
1030 4144
512 4302
513 7243
784 5199
257 5696
390 5201
651 4128
141 5139
519 6272
740 6465
0 5155
472 5127
2064 5505
546 7188
520 4130
1871 4096
999 6160
1728 6199
2050 5057
1296 6248
628 6408
1121 4742
660 5131
2193 4104
2382 4640
1155 4608
592 4392
277 4224
1797 4302
68 6146
3456 4106
36 5912
32 5013
1542 6273
8 4818
401 7172
3075 4228
3672 4132
2824 5702
2049 4106
1096 5636
1056 6612
274 6149
1542 6424
2120 4406
2560 4448
512 4180
260 5314
128 5142
1217 4364
768 6220
128 4146
109 4880
3360 6216
2256 5382
80 5668
2196 5186
276 4257
1024 5002
192 4134
142 4192
2832 4099
977 6156
2116 5792
1496 6661
2081 4672
3172 4112
1042 4508
1393 6152
1615 6160
100 7682
401 7170
1024 6402
265 5648
224 7297
1733 4098
800 5257
2720 4106
2112 5809
1434 6181
421 4130
2310 5177
2320 5678
2 5209
896 4325
1036 6178
3345 4162
130 7712
1028 4592
512 4098
784 7171
576 6449
1537 4372
88 4897
3 5604
562 4420
1024 6449
2114 4360
268 5312
256 4697
555 5585
35 4096
2050 4736
835 5280
1288 4166
1312 6720
545 5140
2163 4608
785 5124
89 6400
24 4096
552 6276
496 7686
160 6722
2592 4368
2058 4773
33 4296
514 4160
1536 6302
1152 6662
192 4120
2816 5123
86 7424
750 4352
576 7313
1312 4100
2736 4363
1452 4161
792 5216
3256 4871
2052 5865
3176 4615
3236 6145
2852 4737
8 7060
420 7257
1218 4632
3126 5760
1058 7000
20 4137
80 5293
288 5632
2822 6240
2050 4241
0 7234
2309 5664
520 6291
1668 4162
304 4742
2233 4612
290 5328
142 7265
1071 6400
293 7296
1824 4235
320 7208
2560 5156
23 6400
538 6248
3072 4981
2068 5160
32 6350
820 6273
33 4316
96 6677
2752 5125
0 6645
1547 4320
1057 4162
1101 4882
786 5249
2098 5709
3653 4250
3744 5454
704 4120
344 4225
386 7233
16 8042
67 7960
2059 4356
138 7701
2420 4097
597 7464
3594 7553
0 4278
2208 4168
580 4490
0 6997
3840 4162
2128 4617
273 5122
96 4232
42 6528
1202 4097
2089 5314
2852 5842
2315 5840
2049 4788
2576 7436
6 7809
3410 4344
1024 6560
34 5057
837 6178
2224 5843
96 5136
1472 4739
3504 4608
1678 6209
2386 4780
898 4161
1699 4356
152 5737
1152 4377
128 6704
3741 4128
704 4148
1634 4104
384 5167
3219 4198
197 5168
1553 4224
2318 5280
64 5164
68 7432
12 4946
133 6154
2576 4392
32 5143
26 6912
48 4096
520 4356
812 4161
1088 6664
2385 5774
2050 4716
160 6229
1106 6657
2368 4101
35 5652
266 6304
1821 6144
4 6336
64 7459
640 6472
32 6937
71 4096
536 4321
64 5264
0 6544
1284 4113
19 7456
324 6400
2659 5120
1721 4422
2133 5002
1960 4357
170 4608
3090 4872
427 4116
384 6258
22 4352
528 4420
2240 4131
3636 4170
120 5378
793 4166
6 7512
0 7276
301 4690
231 5120
2408 5331
3090 4392
1546 6562
2065 5221
3592 4102
386 6162
1072 4615
1446 6656
2240 5382
3 4160
76 7057
322 5136
518 5441
34 4229
0 5583
1439 4192
312 4100
69 5258
2 7312
200 7189
16 6918
1292 4613
2368 4113
544 6274
2194 4097
1252 4131
242 6153
4 7400
1104 6913
2400 5133
165 6928
530 6317
67 5042
132 5121
2088 4115
3553 4620
82 4139
256 6269
311 6144
24 4773
644 5184
1162 4132
256 4816
1073 6726
837 7314
0 4479
1156 4424
198 4136
1620 4224
538 6147
76 7952
553 6274
800 4488
2241 5138
160 4933
1481 4130
1029 6616
764 5122
66 4225
84 4105
1110 6688
194 6936
3432 4231
2732 4353
10 5925
2048 4308
858 6308
1176 6146
132 4944
66 4637
1284 4810
2001 4100
945 4096
1045 4864
1353 6272
128 4659
1644 6160
804 7184
608 6682
2178 4713
68 4226
2456 4100
1536 4363
8 4652
1138 4104
11 5408
2132 5386
2106 4480
260 4681
1344 4630
1473 4130
536 6210
1793 4338
960 5120
321 4254
23 4104
3601 4386
1624 4096
0 6161
18 5636
3074 4621
731 4100
3104 4352
624 6784
802 5256
49 7240
1894 4097
1128 4354
1600 6292
2048 4684
832 4226
3488 4647
546 4297
2408 5120
597 7169
3077 4506
128 4355
852 5647
1184 4440
1349 6272
28 8098
104 4229
2176 4636
1 6344
280 7266
1353 6160
3074 6872
152 6144
2752 4098
98 6172
1178 4385
1058 6597
2176 4405
25 7202
565 6474
1153 4234
480 7203
588 7312
1487 4096
3204 4890
3432 4225
295 6544
106 5652
1729 6200
3718 4112
25 4704
1092 6177
841 4148
897 6162
1296 6157
2720 5208
356 4112
1091 4104
3456 4208
652 6931
3481 4196
3332 5680
664 5124
0 4455
1624 4257
139 6148
1334 4104
34 6285
260 4201
2368 4745
33 6176
2063 4689
897 4114
128 5428
36 4290
3672 4224
528 7373
1206 6152
2688 4460
3138 5049
514 4124
1045 4874
632 6277
1290 4800
1304 6881
464 4125
288 7168
347 4264
256 4697
388 4098
0 4590
2569 4512
592 5544
2656 5508
2176 5974
512 4225
2324 5760
1032 4116
612 6145
148 4643
1028 5858
1027 4432
544 6273
1622 4129
768 7409
392 6176
1043 4800
44 5282
268 4640
140 4128
2464 4691
256 4110
1157 4618
544 5448
3905 4148
1064 4290
3200 4196
763 4352
64 4386
3368 4160
3264 4391
544 5209
4 7304
2960 4207
3232 4105
515 7168
1056 4224
1408 4130
2602 5509
640 4474
2112 5278
1028 4745
513 4324
644 4129
660 7426
2100 4674
1112 6176
2196 5632
610 5376
8 6146
3512 4099
8 6740
129 5152
64 5322
58 6913
647 6176
82 6177
3130 4360
2579 4352
116 5131
812 7184
560 7236
168 5894
2096 4226
736 5392
152 5184
800 5120
518 4233
258 4293
1612 6160
1408 4130
8 4357
519 6352
70 5264
1056 5385
2561 4106
260 4752
1 4112
440 6660
1024 6192
640 5149
2048 4582
928 6145
97 5268
2674 5388
1287 6256
1860 4250
161 4418
2363 4160
1856 6166
451 5648
2 5188
1032 7059
563 4096
288 6174
96 5122
24 5122
530 5384
267 4748
0 7690
1184 4685
2824 4192
14 6336
2921 5250
1050 6720
64 6688
520 5124
1024 6228
2264 5120
2052 4608
1484 6704
64 7045
386 5217
2094 4736
2340 5129
1795 6272
516 4562
448 5159
2053 4426
3655 4136
288 4630
1090 6665
1282 5185
841 5425
385 6177
45 6336
548 5624
24 6212
8 7095
385 4672
7 5752
1220 4368
131 6196
344 6658
1317 4608
267 5696
768 7186
2305 4100
2112 5147
280 4224
10 6372
48 6660
96 6672
2064 6055
756 5120
192 6155
34 4492
2096 4100
17 7682
530 4101
2063 4416
2177 4154
3621 4528
2244 5665
3560 4117
9 4617
34 5141
232 4887
631 5120
3122 4108
2 4628
777 6150
3398 4760
0 5636
24 6147
336 4775
272 4103
1291 6720
24 5248
769 6176
2192 4174
1152 6671
2053 6528
3588 4129
770 6345
1038 4481
811 4112
1684 6219
3080 4320
228 4633
2374 5256
2749 5121
150 5705
2288 6154
1 4960
34 4224
3075 4364
1921 4178
2068 4106
3096 5028
399 5744
586 6176
1306 6372
560 4098
1040 6408
2305 4250
1088 7078
464 5646
288 6152
4 6409
128 4362
595 4264
777 4098
1539 4244
2212 4288
342 4752
514 4425
20 5385
44 5904
2339 6344
96 4632
1543 4106
396 5698
1132 6784
676 5209
256 5200
3714 4460
1140 6666
529 5504
28 4608
280 5186
77 7938
3128 4096
1352 6146
32 7560
1592 6278
288 5782
193 6194
2114 4096
258 4289
2655 4357
387 5720
2080 5640
1538 6572
329 6688
2663 4096
1054 6305
416 5649
3140 4403
298 5253
514 4456
1316 6545
136 5636
4 7048
1218 4108
160 6664
14 4224
1552 6605
3092 4330
401 5134
1040 4901
396 5203
649 7782
2048 4725
68 4640
260 6704
19 5604
2192 4458
112 4608
2896 5120
320 6284
269 4208
56 6534
0 4097
150 5409
1170 6189
540 4099
141 7440
1297 4168
2056 4676
2697 4162
1344 4272
690 4365
1040 4130
2243 5416
82 6788
1032 6752
32 4129
133 7936
516 5337
2376 4627
257 5314
2434 4128
682 4113
195 5896
420 5699
3212 4098
1664 4471
65 4108
201 6402
16 5156
2092 5890
18 6752
1105 4394
2085 4176
2054 4432
272 5196
1416 4864
2185 4097
2128 4897
21 6498
2112 4374
420 6168
3248 4609
984 6150
82 4233
2309 4192
1156 4242
1688 4390
16 4237
21 4450
2728 4161
2816 4104
772 5155
640 4208
1564 4354
8 6288
1221 4906
130 4176
4 5241
67 6156
129 5456
1618 4353
90 5120
211 5376
164 7168
2497 4134
6 7792
2768 7213
132 4362
2149 5248
2612 4488
264 5122
67 4396
268 7922
2640 4494
2081 4172
476 4608
136 4752
64 4775
174 4416
581 6432
1034 4549
1041 6150
640 5640
34 4616
200 4870
2055 5640
275 4612
2048 4549
1024 4619
1028 4593
1376 4619
2149 4240
1048 4196
640 5241
554 5600
48 7683
1257 4674
3008 4136
422 7760
1290 6228
3664 4143
548 6475
20 7680
2188 4377
3080 4951
1241 4608
1672 4103
2784 4487
128 8034
2064 5699
296 7689
2050 4392
3264 4141
1377 4750
49 7756
1233 4138
2122 5260
13 6098
172 6656
73 5504
688 4164
2856 5313
257 5864
2313 5730
3584 5024
99 6980
2098 4356
1050 4641
3382 4096
2892 4096
65 4128
2128 5248
280 5762
1581 6275
132 4211
2436 4177
1160 4609
352 5278
1288 4160
1547 4176
256 5204
1029 4554
140 4423
720 4360
525 5282
0 7364
3554 4624
184 5189
2144 5121
1560 4385
297 5122
2245 5656
2176 5124
196 4120
2363 5184
26 4197
1040 4558
4 4169
162 5460
3339 4820
129 5632
2048 4453
9 6212
2204 5634
1184 6169
1619 4140
2179 4102
714 4401
3328 4819
2068 4096
2054 5200
2057 4130
0 4737
3082 4224
193 4136
2272 4612
856 4262
512 5349
435 4164
541 6210
273 5672
1539 6204
2384 5161
1541 6304
1072 6592
3084 4160
68 6706
3376 4672
162 7257
3969 4116
1601 4372
1217 4864
35 4112
2 4152
792 5184
2080 4760
40 7189
929 4176
208 4111
306 4256
1288 6307
460 6657
3090 4332
1792 6216
2308 4737
56 4417
353 4230
92 7329
336 6690
1830 4096
2308 4624
2368 5266
53 7744
833 6184
1307 6240
8 6005
2696 4198
2688 4215
279 5696
2320 4102
155 4160
128 4887
20 5794
2839 4104
2048 5057
1345 6796
267 4784
800 6223
53 5312
0 5711
2368 4129
3073 4666
145 5940
10 6752
1034 6400
3533 4128
1024 4611
1216 4123
369 7690
480 6148
2130 4416
2886 4529
547 4240
1 4210
58 4941
69 4666
2946 4136
149 4104
4 6144
570 6209
545 4430
1824 4163
280 6469
2401 5140
513 6578
16 5288
98 6660
794 6208
372 4233
1092 4138
2 5140
768 5120
2 5256
1580 4499
417 5638
2374 4097
2 5137
3088 5190
1669 6160
1990 4144
2369 4224
688 4160
1068 5267
933 4180
32 5911
2062 5489
128 5162
1172 6145
2476 5265
1475 4136
660 6153
3385 4800
2656 4357
266 4788
298 4308
1 4886
3240 4353
333 7346
744 6672
6 4152
2320 5129
3416 4608
2315 4256
264 5846
2572 4544
548 7321
3084 4594
1225 6914
128 5384
66 5280
310 7360
16 5638
2892 5136
2064 5762
640 6482
0 4352
2051 5168
97 4224
1202 4109
27 6948
320 4262
1569 4178
10 4100
469 4650
969 7206
100 6682
3072 4395
1584 6276
3922 4225
16 7084
545 5120
2359 4096
2188 4530
1838 6161
688 4162
1827 6344
1148 4097
256 6178
3072 4712
4 4865
778 5313
584 4224
160 5208
1588 4680
44 6208
2098 5312
6 6977
2155 5124
592 5130
1040 4610
257 4132
2460 4096
3606 4553
2052 5312
16 6152
521 4544
2140 4097
2234 5636
146 4416
544 6226
2314 5217
68 5376
3108 4121
3170 4756
0 4115
821 4096
2099 5380
1194 4101
138 4693
560 4490
2048 5382
0 6272
1543 6176
2076 5153
160 4686
4034 4097
768 7168
1024 6208
272 4810
2300 4608
64 7192
258 4225
2053 4706
1120 4097
2064 4418
27 4240
132 5137
2432 4164
466 4136
672 5138
2112 5793
265 6304
533 7616
1408 4608
584 4883
3208 4901
33 4632
580 5201
2096 5766
392 7171
1626 4513
1140 4416
215 4360
2148 4378
791 4328
2048 4131
0 5155
70 4609
705 4368
2072 5760
8 4210
2 5728
2349 5648
58 5956
7 6264
2833 5248
513 5368
256 6318
2404 5146
2000 4096
448 6657
2249 4630
2332 5312
148 5376
629 4096
1285 4616
2068 4961
68 4227
384 7186
576 5762
264 4129
3488 4120
1168 6946
16 7018
3532 4113
2086 4753
154 5120
800 4304
817 7364
2228 4864
80 5672
2304 4667
2208 4614
3072 4290
2928 5121
3872 4114
2340 5194
139 4420
28 5568
2816 5142
2081 4938
1537 6476
103 7952
770 4493
64 6685
34 4508
1616 6560
2048 4302
3218 5376
262 6378
2440 4102
177 5642
130 5184
2535 4104
1300 6281
538 6144
193 5636
2120 4741
138 4181
288 7685
1320 4883
3084 4275
384 5702
2372 4649
32 4622
3186 4737
2200 4613
540 5634
519 6304
1021 6176
608 6411
134 4129
32 5760
2592 5123
1368 4132
1536 4247
291 7184
328 6244
132 7186
2052 4881
1417 4608
8 7971
1026 7012
1824 4101
105 6146
3712 4872
376 4099
2068 5642
521 4432
1632 6532
360 4097
800 5196
256 5714
612 6153
576 4096
2327 4616
133 6464
2356 5131
2240 5145
5 5312
690 7502
1168 4705
237 5634
770 4761
2349 4608
801 6290
2052 5312
497 4618
3107 4176
130 4169
17 4556
2343 4096
1131 6912
3585 4304
683 7232
137 4194
693 5443
256 7732
16 4104
640 5216
336 5251
672 5225
2825 5794
258 5160
1252 6450
277 6752
2258 4264
516 4387
17 4096
352 4116
642 6240
1410 4152
3331 4104
2120 7456
3749 4186
117 5248
164 7186
538 7460
1288 6870
1029 4360
1537 7488
257 5184
518 7392
2820 5147
82 6840
1042 6792
2188 5232
320 6676
3730 4356
1664 4136
272 7360
1110 4513
1542 4465
576 4495
346 5793
1536 4124
2 4260
3718 4105
64 7472
530 6472
8 5296
48 5637
3088 4418
2952 5219
576 4364
384 4096
225 5138
3156 4608
3072 4951
258 6760
1253 4866
104 5376
13 7680
527 4320
1536 4165
1348 4384
2074 4645
1090 4116
2508 4642
290 4224
361 6658
1024 6739
3073 6920
259 5744
289 4292
2048 4740
520 7664
2885 5136
3076 6608
25 7586
512 6173
3346 4621
37 5714
2048 4384
1280 4624
368 4739
137 4884
2288 4876
18 5125
1104 6148
1353 6832
3090 4261
0 4675
852 6166
1570 4225
572 4162
11 4176
3250 4672
206 4119
1536 4224
1541 4302
542 5185
2339 4736
1760 4120
1568 4166
2088 5888
524 6288
135 6224
768 7171
272 5797
576 5432
327 6656
198 4920
258 4849
1133 4096
1043 4552
4 6226
1548 5345
264 4742
538 5460
198 6400
2048 4364
520 6561
2308 4754
2224 5126
1 4420
512 4114
2436 6162
1202 4104
274 5120
850 5176
2118 4096
2853 4682
3904 5120
16 5129
772 5128
118 7938
1029 4322
896 6152
2054 5392
2122 5137
84 4872
0 4324
354 5637
2937 4228
2560 4129
88 5920
978 6148
2068 5547
749 4504
680 6144
2241 5180
2192 4172
514 7552
234 6660
2281 4628
2568 4333
2054 4521
2400 4116
714 5636
147 6912
832 6147
858 6148
112 4741
3 7508
2820 4153
544 6467
11 6001
1194 4160
460 7202
2049 5152
1248 6679
1696 6211
16 4744
1034 6181
1060 4672
64 7184
2 4232
530 5216
130 7424
650 4400
1025 6404
553 6222
328 4739
2328 4608
1297 6382
64 4360
6 4280
72 4737
136 5665
366 5648
2561 4370
33 5580
1152 4137
0 4356
144 4096
32 6790
2444 4112
72 5120
3345 4130
1378 5784
2260 5632
1024 6313
3128 4226
2048 4672
768 6376
50 5137
2048 4932
535 6184
1035 4624
2060 4273
670 5376
22 4097
34 7296
16 4101
262 4328
2512 5678
2080 5204
1176 8006
2626 4144
576 4133
528 5249
586 4353
144 7936
132 4435
613 4098
1828 4096
1034 6881
800 4107
2598 5160
530 7304
1325 4098
257 6374
641 6176
2097 4292
2304 5136
3336 4693
36 5274
2130 4139
1185 6994
1460 6667
96 4226
1145 4226
2130 4869
20 4168
8 6996
1604 4233
257 6291
12 7874
1537 4354
522 6624
576 7298
2497 4617
532 4488
1 4624
100 4096
816 7232
32 7614
769 6242
512 4390
48 4611
1540 4226
2637 4258
2688 4371
1430 4104
3759 4096
1188 4624
3840 4225
1792 4290
776 6338
514 4201
512 4189
103 7680
808 5202
1096 6309
1615 4105
2209 5400
260 6777
352 5636
197 4144
3736 4162
1105 5024
152 4708
2944 4203
1713 6922
134 4352
2065 4354
199 7184
208 5156
39 4864
10 7333
773 5138
1 6680
1 6960
512 4496
2162 4609
0 7778
259 4112
256 6220
166 4361
3121 4226
228 5122
2094 4370
12 6867
16 4741
612 5264
264 5122
173 4624
302 6160
1176 4098
16 4869
2560 5480
5 4154
1104 4516
1064 4416
329 5286
514 5184
96 7557
2092 5888
770 6300
3204 4696
138 5157
2176 5648
86 6176
3076 4969
912 5246
9 4614
181 6912
2882 5161
924 4097
518 4096
1057 4502
393 5652
2464 5717
3844 4193
1901 4112
158 4640
132 4112
199 4896
3842 4133
1312 4612
560 5568
1436 4129
7 6196
12 6275
48 5133
1155 4896
2092 4241
2048 4237
32 5848
1564 4578
417 7508
129 4870
416 4165
680 4243
96 4100
2152 5124
2216 4614
3521 4608
1152 6681
100 4097
2052 5544
2900 4744
1792 4195
2060 5170
84 4484
2054 5112
1049 4354
2608 5188
2068 4714
48 5184
1284 6259
768 6153
3099 4736
3845 4128
1600 4355
2116 4097
1792 4207
2081 4130
1552 6148
2380 5122
64 6144
172 6407
352 6144
1024 6657
1452 4177
2411 4624
3077 4098
546 6341
156 4096
0 5645
2220 4867
44 6802
902 6409
4 5721
170 6165
2241 4624
256 5762
4 6674
1032 6228
1044 7010
2304 5191
2074 6277
3469 4690
2053 5648
3584 4558
1040 4298
40 4116
40 5975
373 7296
192 6153
1604 6330
32 5889
2197 4104
3087 4512
193 6420
177 4100
66 5124
232 7440
3200 4096
2 6424
3744 4124
131 4432
3403 4276
3600 4419
99 4104
1074 4096
257 5188
457 4096
17 4174
2126 4144
64 6562
3584 4186
1024 4624
2176 5685
3152 4355
323 5292
3412 4233
768 4105
2580 5288
3586 4117
1153 4096
3456 4114
16 5193
1569 6432
169 4112
1056 4356
576 5504
928 5200
908 7505
2246 4145
257 6766
3468 4768
6 4544
1857 4388
1140 4745
96 7169
2057 4640
36 5766
1121 6168
19 5664
1104 4611
513 7216
1040 4998
524 5139
2118 4625
1061 4104
344 6818
3330 4813
2404 4114
10 4453
661 7210
70 5016
9 6416
292 5842
4 7523
2452 4139
2076 5611
776 7188
129 4162
116 6409
20 4898
395 4196
88 5152
2209 4382
1218 6432
2065 5930
1088 6429
33 5026
386 5136
512 4244
2080 5897
456 5173
81 4878
2628 4504
2140 4353
212 4640
1032 4912
1604 6530
3087 4608
2608 5134
1057 6218
1856 6154
68 4104
129 7506
5 4360
514 7488
1630 4096
3040 4096
2308 5875
586 6388
2848 4113
1044 6146
3104 4118
1856 4121
1872 6245
2064 4321
1024 4564
8 4609
20 4160
2096 5128
140 7241
98 6280
2569 4422
1648 4361
3072 4288
256 7728
501 6656
3149 4240
2098 6088
1034 6592
2885 5264
578 4248
1067 6612
400 4106
3106 4352
2208 5132
1552 4101
1031 7432
472 7201
40 4880
80 5193
2272 4880
646 4200
640 4450
2050 4173
288 4120
2178 4465
777 6146
30 6176
1026 6452
644 5411
216 4256
512 5218
1024 7042
392 4704
336 4105
3078 4232
80 5288
640 4355
3584 4313
3352 4193
261 4128
4 5216
696 4352
3520 4114
516 6323
3456 4128
1029 6736
1536 6466
660 4427
1250 6168
1040 4611
208 6497
2848 5337
16 6674
1536 4417
2314 5765
531 6144
129 6156
2336 4614
571 4416
513 4292
17 7754
2114 4536
2080 5384
1152 6724
1034 6340
584 6179
177 6914
2049 5264
2203 4608
82 7200
657 7310
3248 4170
96 5303
2 6688
1797 4120
864 6146
580 4491
2 7616
337 5668
2856 4101
3074 4416
1108 6153
560 6541
2178 4625
2711 5376
2 4613
2048 4105
526 7424
648 4385
3968 4212
2425 4608
2084 4866
516 4418
1091 4896
12 4354
3088 4416
112 6408
2244 5410
22 4128
560 7425
2310 4277
81 5388
1696 7510
2087 4352
899 7764
2081 5060
10 7860
1904 6156
2080 4675
330 6177
1 4224
1282 4197
1296 6212
412 5666
1204 5642
321 5780
172 4608
0 6840
388 4154
154 4736
801 6148
640 7189
1150 6400
2146 4489
2976 4105
868 6275
1959 4184
262 4736
386 4096
772 4288
584 6193
160 5464
1282 4808
2501 4120
321 7842
2136 6818
1548 4163
3296 4354
1285 4288
740 5393
2 7205
2216 5201
2504 4118
3104 5120
5 5096
3104 6301
35 4800
3200 4108
1282 4101
196 5930
256 6300
1362 6692
2696 4098
512 5933
579 4228
0 7697
1793 6210
1840 4160
564 5443
472 6657
2642 4120
324 6278
1077 6154
1136 6670
2625 5386
2082 5909
2193 5152
954 4097
64 7042
1028 4673
2496 4148
9 4784
297 4240
72 5248
39 4313
40 7175
184 4163
3147 4116
4 5377
64 5131
649 4134
546 4365
2104 5442
368 7301
720 5124
1106 4492
1142 4617
3200 4103
577 6316
8 4182
2098 4672
2160 5772
438 7688
267 7168
336 4107
388 4617
2052 4618
805 7248
32 5402
330 6149
1024 4167
541 7616
257 4244
1293 6850
1097 4096
3238 4928
491 6148
14 7328
4 7185
518 6152
2060 4896
513 6592
36 7745
2592 4546
2052 4416
182 7944
74 4624
65 5038
516 5184
1093 6242
2128 4264
106 4224
2186 5120
90 4160
1794 6353
2080 5856
64 6810
136 4387
128 5388
2626 4357
512 5608
82 7980
3809 4250
384 4178
1160 4420
32 6402
1040 6371
290 4104
530 4320
2572 4384
2353 5260
1058 4365
600 7330
2106 4416
1024 6978
2596 4419
33 6664
1677 6146
136 4098
1536 6233
2112 4875
2562 5140
260 7721
2183 5632
256 5320
56 5954
384 4692
928 7298
1641 4992
528 7178
3208 4612
664 8003
1795 6196
1634 4240
532 4160
42 4480
58 4871
1040 6144
199 6174
2837 5312
2570 5184
3600 4456
650 7493
191 7232
100 7553
2048 5905
3088 4901
0 4620
787 6176
929 4160
672 6170
321 6812
3073 4836
2656 5142
410 6661
1040 6532
1056 6750
3152 4519
256 5654
1553 6434
2064 4268
584 6148
2048 5220
2269 4384
677 4362
2304 4307
648 5122
1280 4101
3212 4136
2 6732
841 4228
2137 5280
1185 6212
256 4106
1281 4624
1027 6408
2052 4608
132 5128
2064 5380
1 4186
24 7812
682 4289
1154 7496
1520 4104
80 7946
1315 6272
1284 6361
1072 4745
1036 4162
448 4098
530 5153
1481 6192
91 4484
2066 4840
708 5376
784 4293
25 5220
1105 4609
132 4889
2336 4190
7 4192
1452 4624
3202 4148
2789 5520
1024 6283
6 7296
244 6018
2633 5268
3724 4128
2572 4129
1036 4096
1600 4362
84 6146
136 4898
353 6276
388 5136
97 6168
2370 4764
261 7680
2307 4754
129 6220
12 6448
262 4098
2049 4262
272 6721
1156 4426
409 4102
81 5632
2817 4272
529 4136
3169 4616
2766 4370
1228 4098
4036 4609
82 7588
68 5672
1344 6281
1 7492
3266 4889
1125 6786
1090 4608
832 5146
1 5200
641 7488
2073 4192
215 4128
2922 4224
1430 6657
144 7508
1537 6310
1233 4096
1025 4428
3940 4096
1668 4138
65 7599
40 7488
4 4225
1154 6217
2184 4116
2592 4226
3072 4129
126 5761
536 4452
1105 4096
352 4160
649 5204
1046 4225
2162 4740
1072 4609
352 7814
2586 5736
1090 4096
2130 4905
514 6145
160 4680
2624 4225
193 4632
3 4112
289 5132
650 4176
513 5352
2478 4097
2596 5192
1048 4164
2184 4962
2208 4432
6 4649
2050 5264
2080 4304
20 4818
80 5154
1700 7257
264 4790
321 5138
1093 4259
641 5416
2321 4687
1192 6163
433 7170
1077 4872
1156 4608
3844 4104
2576 4354
1552 6187
0 8022
2432 5658
3329 4130
2380 5761
3010 4100
296 4244
1040 4216
154 4352
2307 7184
8 7427
8 5378
10 4928
3329 4134
10 7181
1360 4768
320 5188
4 7170
274 5764
3209 4964
2177 4352
2306 4280
1281 4100
673 4106
3184 4238
12 4130
32 4364
1542 6568
52 5824
88 6080
322 7305
3235 4888
153 6414
646 6152
2560 4354
0 4869
3085 4624
2319 4816
256 4660
1760 6173
294 5312
276 6730
2560 4445
32 4160
128 4655
2755 4352
1880 4353
786 4133
600 4232
1664 5460
1316 4112
716 4353
3716 4936
1300 4096
1026 4318
2630 4105
260 4793
1088 6454
644 4418
3 7308
89 4738
513 6490
513 4192
50 4232
416 7697
12 6866
2176 7940
1792 4180
583 5513
2323 5192
512 5379
326 4137
2154 4228
2272 4611
208 6658
1120 6153
2105 4674
2944 4144
32 4562
2064 5221
64 4898
772 7376
513 4116
2305 4660
384 6153
388 4152
3104 4888
3072 4102
528 6373
2632 4368
164 5122
2056 5552
1252 6674
484 5121
2329 5636
1028 6147
1087 4608
1493 4097
780 4273
350 6657
1857 4232
2304 4369
581 4362
1688 6241
1 6228
1992 4096
1955 4096
256 6183
33 6790
132 6659
1040 6496
2052 5384
258 5657
258 6897
1472 4097
1549 4354
513 4136
19 4200
1122 6796
3339 4112
3180 4352
3078 4337
3421 4224
3256 6148
2818 5180
260 7889
2369 5126
3354 6688
1410 6152
515 5120
2571 4288
2048 5938
5 4304
2308 4313
704 7184
146 5453
2433 5124
32 4480
320 5676
26 6400
1667 4178
2143 4608
1113 4224
1048 4423
3081 4310
969 7170
1625 6176
2080 5207
139 4944
208 6656
1152 4384
914 4168
641 7247
521 6496
512 4112
260 6881
0 5142
1345 6162
2080 5698
516 6304
19 4994
258 5877
534 6465
546 5249
25 4480
1323 4180
1985 6144
547 5280
2056 5442
1546 4208
256 4614
716 4369
3 6224
2932 4104
16 6400
1216 4128
2569 5188
305 4160
1794 5284
3136 4894
331 6193
1216 5132
42 6224
44 4673
2051 4096
2049 4618
2097 4612
68 5785
2 4576
1088 4115
568 4226
384 4112
393 6758
16 5376
344 6145
513 4368
1619 4488
851 5256
1464 6724
1076 4745
1348 6162
2562 5524
3080 4358
90 7681
275 4192
568 4098
118 4736
210 4143
3617 4290
1568 4353
24 5126
3360 4182
4 4488
3 7800
145 5184
535 4352
2346 4608
2643 5632
2096 4297
346 6277
240 5636
135 5152
3726 4416
2 5184
2052 5897
2720 5217
1344 4789
3369 4126
160 5211
2304 4129
4 6785
64 7065
2289 4098
70 5296
396 5651
88 4356
1216 4118
440 6147
288 6784
590 6177
49 4608
549 4352
33 6340
2114 4516
2048 5144
34 6169
32 7749
1092 6657
2049 4292
777 6276
2656 4506
644 6147
1536 4144
3392 5126
523 4500
76 4144
1214 4416
1029 4192
582 5128
384 4133
2436 4730
210 4136
2184 4354
266 6769
3080 4625
2092 4608
2148 4354
232 7938
729 4096
0 6537
1426 4676
2184 6212
3088 4608
2074 4100
3370 4161
352 4638
139 4884
964 4267
625 5506
145 7752
321 4274
601 6149
2200 4612
1544 6160
1440 7176
1056 6151
70 4112
142 4608
82 7073
325 7344
1190 4676
269 4208
3148 4656
20 5734
2305 4580
1424 4107
2064 5732
600 4227
1803 4096
1577 4174
520 6466
3405 4612
1570 4232
2094 5633
266 4713
2384 4256
162 7186
192 4884
979 4164
16 7479
565 4352
2312 5265
538 6336
2925 4240
2944 4206
1411 4160
2052 5267
1280 6771
286 4256
400 7713
836 4112
1024 5060
270 4753
512 6436
3076 4675
3074 4112
3392 4744
1234 6405
2560 4501
1536 6561
528 5472
1188 6155
1284 4649
975 5136
2179 5164
44 6272
1540 4147
309 7298
1026 4412
2816 5284
521 6320
640 7269
1672 4181
1474 4096
136 7521
68 6155
2064 5123
696 5446
1681 6408
3140 4896
2120 5888
2118 4369
1048 4128
35 4800
1154 6656
133 5130
2317 4144
3073 4224
0 4918
1060 4304
2630 4120
2369 4646
228 4890
64 6017
0 6594
2124 4354
64 5908
2884 4264
772 4169
1065 6160
2602 5649
2120 4226
37 5505
1616 6442
40 6417
1024 6914
274 6756
2560 4501
1545 4256
612 5513
2048 4546
3312 4096
3408 4099
6 4609
560 7299
3104 4356
1537 4634
96 4241
1051 7012
1920 4104
2177 5184
517 6178
2052 5571
2069 5648
26 4896
1252 4107
2560 4353
1104 4617
784 6157
33 4874
1096 6180
1196 6210
1170 6144
146 4352
2708 5121
2597 4120
2208 4684
192 6201
2611 5320
179 5376
5 5722
9 4452
2324 4136
345 4224
1024 4376
2253 5152
2320 4674
66 6408
200 4148
204 5907
2048 6092
1808 5157
1364 4099
2248 5669
3345 4324
515 6305
148 4130
2872 5120
2322 5121
802 4609
16 6535
595 4396
64 7179
1508 6672
80 6536
2656 4480
2610 4172
690 5121
2090 4177
194 7721
64 7599
304 5128
18 5120
1680 6240
448 4628
147 5696
2049 4832
1616 4111
522 7349
128 7751
16 4404
136 5472
21 4778
198 5680
2944 4176
1694 4104
130 4164
514 6318
208 4364
89 4358
196 6155
1216 6169
58 4359
2246 4409
1728 6433
0 4698
2582 4265
290 6160
1056 6528
2120 4496
33 5396
1028 4928
3268 4154
576 4521
641 4354
1414 6160
16 7267
160 4434
3384 4739
2273 4100
73 4150
1936 4110
20 4993
33 4376
385 4672
456 5142
270 6180
529 5606
384 4096
3329 4124
2156 4899
24 6017
4 6720
2435 4100
752 6403
2080 5128
552 7568
838 6144
44 7424
65 5540
152 6688
641 4200
149 4128
16 7625
1074 6144
1798 4128
18 5221
153 5154
166 4612
394 5204
294 7885
524 7424
320 4228
36 7177
32 6403
416 5704
2945 5138
16 5130
172 6419
72 7046
1061 4226
2274 5121
2560 5155
81 6912
0 6144
2922 5381
148 5418
3142 5024
1280 5251
585 4112
81 4390
1177 4384
224 4360
361 4626
942 7248
1 7456
2440 5220
236 6946
9 7184
208 4128
3622 4424
154 4388
66 5264
562 7173
1056 4426
3946 4228
2434 5401
3202 4128
128 6934
2721 6400
65 5504
515 4136
2092 5712
1088 4258
586 6176
141 6594
1036 4229
16 5641
60 6084
85 5378
0 4360
384 6234
2373 4610
162 7440
134 4617
816 4292
3236 4161
536 7459
11 6340
770 6209
138 6688
640 7533
2304 4632
1794 4164
104 4608
2196 4107
385 4912
2081 4180
49 5248
1540 4232
1094 6664
262 6304
1024 6243
578 5513
2 6328
135 5417
3408 4104
1072 4684
1821 6306
152 7204
6 7816
2321 5802
1540 4497
1088 4119
3088 4714
264 6864
561 4356
1985 4141
320 6656
12 5248
258 4644
625 7558
1218 7201
295 4096
2338 5665
1420 6737
1543 6184
3446 4617
400 7690
1056 7042
1153 4864
2321 4290
0 4752
385 4628
4026 4096
833 6192
2888 4275
54 6273
36 6544
2306 4852
3074 4572
194 5692
513 7178
24 4836
17 5230
52 6026
29 4128
288 6790
281 6848
256 4128
1601 4362
280 5313
522 6292
528 5360
2059 5440
1 4942
389 6176
2184 5381
712 6148
4 4217
1046 4352
2080 5124
3200 4932
904 4099
8 6150
273 5254
1577 6468
1153 6448
329 5285
3368 4096
32 4127
464 7685
2576 4224
2054 4505
32 7751
2343 4250
2224 5688
1344 6306
531 4484
84 5763
896 4137
548 5386
2372 4272
385 6746
66 4120
713 5122
3232 4165
16 5964
2212 5441
35 4188
3088 4203
1157 4136
2 4136
3201 4448
3206 4448
311 4736
320 4114
157 6914
1024 6209
128 4428
3120 4865
692 4424
1090 4124
1297 4710
129 5400
361 4112
1948 4162
576 6560
9 5350
52 7176
2178 4393
648 4146
2048 5459
1024 4107
3909 4130
1024 6224
1152 6145
428 5632
689 4096
368 4625
21 4104
3116 5072
833 6144
297 4628
660 5376
2052 4520
195 4644
1473 4608
2635 5125
96 7837
1537 6460
2056 6080
2594 4353
2088 5013
2691 4128
1540 6146
330 5121
145 5217
261 5176
1666 4432
2154 5632
96 5130
2320 5736
1170 4392
396 6210
1105 4630
2320 4233
106 6420
120 4100
332 6195
2304 4736
176 4102
393 7236
550 6489
1305 4160
19 7073
64 5665
146 6144
1157 6753
3588 6480
1236 6690
616 4502
10 4224
272 5705
1057 7054
97 6848
2474 5136
1552 4483
2056 5701
2528 4097
3090 4620
642 6224
1048 4963
304 6280
144 7176
1624 6176
0 4910
200 5154
1186 4105
1341 4098
1936 6144
2048 5126
36 5650
72 4388
334 6672
1608 4402
34 6592
544 4121
2856 5316
2704 4353
884 5260
1056 4616
2176 5204
1024 6705
400 5734
258 5140
2084 5314
2689 5408
2840 4256
706 6161
2728 4178
260 4242
2085 4560
535 5152
2308 4905
176 4358
589 5536
1024 6688
1065 6658
0 4228
1141 4108
1163 4112
3108 4096
512 5379
1047 4608
1550 6289
723 5376
385 6248
1731 6164
2664 5266
147 6144
1105 4270
0 7097
96 5248
672 7193
2048 4724
134 6224
2408 4752
404 4226
292 4314
513 6304
0 6656
1710 4352
2368 5672
2630 5409
2112 4877
2369 5170
514 5740
192 4621
778 4144
3338 4753
128 4109
386 4221
32 6208
4 4299
22 4264
769 4174
7 7944
2054 4251
953 7172
96 5391
529 5388
240 4096
1294 4096
514 6273
129 5952
48 5386
1656 4352
112 7308
3140 4523
644 7435
3107 4620
656 5128
2404 4224
2642 4740
16 7169
96 4101
2177 6738
368 6144
2777 5408
2372 4224
132 5442
2758 5160
1867 4112
4 4216
525 4514
2720 5209
48 6465
3430 6800
710 5376
2562 5393
1122 4868
1068 4240
3649 4382
2081 7240
541 5312
170 6656
522 6304
512 5472
4 6240
1232 4353
3080 4434
656 4133
646 4152
1113 6190
3328 4672
720 7430
144 4364
520 7218
2696 4112
1152 6498
0 4116
3520 4129
320 7696
857 4226
1080 6274
2080 5764
385 7222
598 7169
2395 7200
2048 4429
20 4353
0 6450
644 5184
1220 6954
848 6145
3457 4118
1 6434
1792 6312
2 5384
256 5772
9 5060
2069 4968
288 5136
50 5129
129 7440
4 7235
3212 4097
96 5147
643 6148
1288 4645
144 6412
1096 4628
2579 5152
3074 4424
840 7219
3072 5478
2176 5188
1168 4365
2061 4320
167 4184
1092 4888
2560 4434
5 5138
103 4376
3120 4238
2315 4144
461 5168
259 6665
642 4105
1292 4272
213 4488
529 5600
2113 4610
360 4098
228 6407
2433 5881
260 5744
2250 4629
105 4738
2196 4360
640 6208
1412 4203
653 7443
3712 4177
1180 4193
681 6150
2057 5632
3842 4129
2520 4097
0 6321
520 4581
3271 4872
560 7169
2157 4480
1281 6656
676 5128
5 7352
2059 4613
297 6788
792 6274
2176 5387
523 6528
3841 5162
54 6473
18 4896
359 5248
122 4101
1123 6792
2061 6144
72 6176
2116 4866
2372 5123
1124 4874
520 6144
1036 5635
69 4227
368 6656
552 7553
210 4392
128 5889
256 5731
1920 4116
2625 5152
264 4820
84 4108
2358 5632
300 4177
8 5265
1160 4960
2240 5926
11 5152
512 6180
2309 4722
52 7298
0 4843
2629 4112
316 4608
256 6354
2157 5264
1040 6272
68 5168
273 7680
580 6450
1506 6164
960 6200
1857 6330
176 5130
113 4484
394 5776
2181 6722
1025 4438
36 6787
2080 4225
270 4800
2638 5553
0 8128
2084 4355
16 7657
1088 4408
2577 4232
80 4992
90 5281
570 6472
2057 4518
2498 4624
2213 4891
2194 4674
32 6353
1027 4548
1600 4112
147 5164
1546 6566
1066 4164
1316 4123
770 4133
32 4362
353 4248
64 4152
1 5418
213 4168
2120 4739
774 4265
3090 4100
2052 4266
1484 4641
2441 5696
16 5323
320 5171
2050 5261
2240 4121
2784 4101
3617 5140
256 6354
32 7369
256 7713
3464 4657
1425 4644
288 5778
642 6448
2097 5636
7 4376
570 6149
677 4096
2274 4356
3212 4096
552 6210
2 7528
3783 4360
25 7398
785 4166
168 7234
320 7809
64 6379
1212 6402
1168 6658
70 5763
20 5121
2329 4130
48 6469
517 5241
576 4115
2084 6016
3088 6561
2052 4651
100 4121
2076 4608
3840 4608
2690 7496
4 5384
2717 5152
516 6401
4 4120
257 6668
3200 4688
116 4995
17 7497
537 4356
1060 4624
1105 4256
0 7037
1669 6154
3488 4169
32 7244
199 5888
780 4099
122 5120
2752 4358
1280 4271
1629 4224
1413 4096
600 6182
3089 4612
389 4102
320 4108
2198 5920
3723 4112
131 6748
1034 4161
332 7344
583 5164
1025 6656
82 4100
129 5388
2260 4387
41 4112
1860 4131
653 4096
668 6147
2305 4232
465 5134
640 6681
199 6409
584 4258
1036 4738
716 5170
2066 5254
261 5258
1297 4288
3552 4107
1296 6274
1552 4104
1632 4358
1671 6392
2606 4241
37 4296
1081 6276
0 6664
256 6344
13 6144
1536 4192
51 5260
2054 4769
137 4358
1537 6208
80 4236
1452 4672
304 5701
2066 5828
129 7208
85 5152
520 6148
2064 5260
4 7922
17 6436
307 4224
1506 6669
132 6249
2088 6026
2056 5136
12 5255
3469 4098
965 6144
256 4673
1025 6848
3137 6148
803 6208
470 6792
0 4218
3273 4356
35 6344
65 4363
2601 4242
3088 4384
2144 4106
1616 4234
584 4129
2248 4912
1562 5572
628 4235
2058 4241
2049 5961
1056 5065
2572 4500
280 7874
1090 6536
2591 4256
18 6304
3841 4119
1301 4744
2561 4110
1665 6176
2401 5250
65 4484
3080 4369
128 5396
96 5122
3909 4096
2118 4112
1681 6440
130 5461
256 4809
2080 4680
1280 6665
128 5217
9 6144
2070 5929
995 4096
4 7682
545 4300
14 7168
1091 4424
936 7173
144 4642
3349 4776
2308 4240
176 5632
1024 6297
2313 5330
640 6492
1092 4394
208 5481
40 7047
584 6161
2 6340
1024 4211
2052 4113
516 4145
2144 5398
1060 4361
2416 4264
2598 4440
49 6402
128 5194
2052 4616
7 6152
805 4168
1671 4112
279 4232
584 4356
140 4194
149 6912
530 6248
588 7474
145 4928
67 5164
413 7184
270 7169
258 5172
3072 4114
2050 6049
1560 6400
129 4160
1536 6402
320 6194
39 5384
3394 4100
2224 4619
1792 4140
50 4237
768 4226
3896 4096
0 6755
144 5696
1334 4224
64 7938
64 4106
2073 4162
100 6792
2595 5256
1814 6209
65 5018
102 4225
37 7680
1548 4260
90 4896
0 6796
288 6224
352 4105
2565 6272
2051 4436
922 5157
1152 4628
3 6772
258 6864
1824 4165
32 7300
1268 4616
32 6803
1026 6461
1164 6656
625 5896
2112 5397
818 5316
2048 5480
224 4252
2504 5142
1026 6384
2057 4114
4 6418
870 4224
160 4352
321 5134
0 5016
68 5176
3232 4631
303 5784
2570 5396
1540 4211
64 5176
99 4372
2324 5216
66 4496
7 5584
1028 4128
64 7314
154 5120
65 4632
2 7137
2568 4274
321 4626
0 4368
2134 5769
3146 4244
3072 4385
2562 4456
1030 6432
544 4378
3091 4296
2 6796
550 4160
2080 4367
1668 4355
4 4440
1345 4134
838 6145
2168 4352
1042 4800
1552 4229
2460 5664
1056 4808
106 5396
68 7600
2508 5122
64 4355
1600 4096
51 7176
8 6435
2372 5168
192 6401
278 5184
2322 5641
130 6664
626 4108
353 4258
1714 4416
449 4096
529 4584
70 6929
1024 4532
195 7936
513 4150
8 5173
1048 4096
2160 4621
132 7706
2850 4097
643 6156
73 6948
1312 4171
1056 4624
128 7216
1024 6177
1409 6668
3104 5584
304 4104
2258 4096
1456 4175
1154 4120
2820 4226
128 4200
572 5379
68 6656
2272 4126
2523 4640
1187 4472
70 5633
1048 4101
65 5152
657 6208
2070 4713
2177 5140
2432 4188
1486 6736
1153 4614
4 5762
2976 5189
1024 4675
3245 4358
9 4480
1088 4737
1176 4614
3144 4257
2370 5156
1 7698
1032 4773
2660 4250
660 6155
2389 4104
768 6223
392 6658
283 4772
512 4204
128 5121
22 7817
1536 4451
170 4612
389 7272
555 4112
2048 5473
554 6416
257 5124
257 6680
320 4270
1056 4251
2576 4388
80 4234
128 6926
3114 4433
2199 4672
458 5120
0 7584
514 4180
1962 6148
2070 5248
2752 4105
128 4320
134 4193
2200 4356
715 5137
2212 4611
545 5584
0 4180
2065 5730
209 4872
1056 6281
3138 4241
2112 5895
834 4108
0 7047
36 5578
2624 4499
3617 4112
144 4867
1857 6154
2913 4118
106 7440
2048 5378
512 7645
1813 6282
33 6336
24 4934
577 6400
2384 4650
588 4256
101 4122
550 5513
3266 4097
1093 4392
2226 4177
72 6950
1432 4609
2049 5132
513 5392
576 7558
70 5249
4 4106
3296 4634
3670 4640
132 5458
2354 5696
4 5194
384 4140
16 6534
344 6176
1832 4292
480 7710
1365 4224
2180 4641
1056 6400
1520 6159
374 6800
520 4416
136 4627
2050 5176
2080 4290
3472 4102
3 6888
1695 4128
3072 4275
336 7680
2560 5362
1750 4129
274 6177
2060 5505
2280 4101
2377 5136
1129 4882
2258 5120
1099 6690
1280 4251
898 5128
24 4419
472 4097
334 4113
2048 5159
2276 4105
512 7409
2340 5825
2065 4097
163 7504
936 4161
1025 4538
0 7821
552 4102
64 6957
1050 6147
387 4244
1026 4352
602 4768
33 4170
2560 5270
1162 6244
32 4288
2177 4408
1152 6190
512 7476
69 4624
476 4128
64 6716
1732 4098
1421 6658
9 7330
3020 4130
1860 4232
555 4528
2563 4104
1408 4172
340 6786
516 5793
3584 4182
2637 4240
420 4690
16 4552
2521 4130
2305 5159
2973 5216
1969 6146
1873 6144
3088 4452
611 4376
962 4100
3232 4104
1544 6530
516 4288
63 6144
4 7192
2564 4497
128 4181
2065 5510
3616 4416
1826 4170
224 4112
36 4097
1026 6180
1924 6234
416 5264
2180 5379
2336 5136
1280 4660
97 7680
512 4543
3171 4736
72 7188
150 7624
324 5651
64 6090
2085 5578
2600 4368
65 7568
273 5228
44 4179
2051 4642
2128 4489
656 4358
2180 5945
1062 4104
865 7176
2644 4266
1057 4174
2690 5445
528 4128
3214 4881
420 4249
544 4246
3896 4224
582 4256
19 5952
49 6144
30 6944
0 5426
3232 4173
52 6210
1034 5008
1156 6449
130 4692
786 6369
66 5253
3330 4228
2177 5274
243 5132
1556 4104
2148 5250
0 5296
821 6144
2179 4384
257 5186
1074 6920
2176 5137
4 4962
840 7350
106 4864
2116 4608
2120 6016
3589 4354
774 7296
276 5121
1473 4114
2442 4132
64 4370
256 5304
2052 5504
2048 4740
2061 4512
3584 4195
332 5650
1030 4616
4 5416
321 5687
600 5538
3604 4578
2692 4208
1044 4352
1806 4129
68 5889
1095 6528
524 5426
160 7242
2827 4196
2784 4116
1828 4296
1552 6145
838 5256
2337 5326
1024 4684
2048 4673
2056 4130
3272 4884
256 4118
904 5127
17 7648
69 6912
1044 4097
1056 4616
2883 5152
89 6564
2049 4106
1026 4928
2512 5668
1134 4864
256 5357
1536 6561
1304 4706
304 6725
652 4163
2355 5320
3074 4669
2593 4332
1570 6145
2371 5780
3600 4600
3284 6152
1825 4170
1075 4160
168 4352
2579 4456
4 6512
1184 4636
52 5570
65 4668
1280 6261
192 5937
37 4490
2532 4616
2062 4608
88 4224
52 7176
278 4832
3754 4112
1296 4280
2752 4113
578 7440
565 7360
1267 6144
2563 5472
1280 4736
1153 6702
2377 4608
6 7240
0 5142
2052 5273
431 5120
2219 5120
464 5127
306 4544
3141 4409
1140 5000
514 7176
1570 6145
1053 6146
3208 4896
1136 4608
616 7298
3264 4096
1570 4241
68 5680
332 4105
273 6818
2144 4224
512 7308
19 7968
576 4356
2128 4225
520 4195
520 4212
2145 5126
3476 7746
345 7328
3208 4630
528 4394
1280 4259
2592 5521
2162 5376
321 7170
1 4610
518 4481
517 5490
25 4292
2112 4409
4 4225
3616 4496
2828 5136
2773 4136
3089 4096
675 4168
1024 4098
361 4610
16 7745
2186 5140
596 4224
548 6273
515 4356
3094 4224
2060 5249
2649 5382
3148 4912
101 6400
1808 4137
76 4616
2113 4626
1238 4648
1441 6736
1152 4615
289 5696
458 6693
2435 4672
2216 4691
1412 7786
1064 4179
1040 4934
1798 4209
1312 4262
2580 4688
2693 4353
52 4108
1032 6257
545 4100
2480 4356
496 4102
513 6946
1059 4228
2056 5892
9 4770
1736 6145
256 5142
584 5264
2378 4277
100 6546
1156 6989
3428 7193
1144 4357
1363 4256
640 5124
256 4330
1152 4384
2048 4754
33 4614
2066 5792
2580 4162
4 5842
1600 4129
2096 4672
436 4170
385 7190
3592 4325
1042 6668
1051 4096
375 6280
275 5284
143 4608
1120 4117
2313 5222
3840 4098
48 5701
1844 4296
2100 6144
792 7296
2626 5412
352 6164
536 6240
2240 6186
704 6450
3330 4120
140 4450
514 4185
146 4229
2560 4208
194 7988
1069 4944
257 4684
3873 6154
2572 5600
2072 4354
2867 4236
3024 5153
2089 4098
1537 4208
0 7424
3485 4708
1044 4680
2630 5401
2324 4226
528 6187
1865 4100
2066 4840
1218 6689
262 5128
1060 5186
1428 4706
3148 4512
1220 4360
266 5201
2192 4197
2226 4416
1300 6785
2348 4609
128 4624
1025 4684
2246 4865
531 7632
1072 6208
65 6324
97 6426
171 7248
1562 4133
258 4624
2368 5285
492 4609
593 4482
1287 6824
659 6152
404 4715
2385 4614
196 5384
290 6797
3120 4385
528 5475
1 5526
2113 4352
1046 4160
1 4484
41 4736
288 4610
1411 4664
3328 4824
0 4868
0 5790
1059 4608
128 4130
544 6226
33 5544
225 6144
384 5650
303 4680
68 6203
3230 4705
1718 6400
4613 2464
6232 549
6256 521
4226 2568
5640 224
5434 2052
4226 1312
6144 416
4116 2243
5524 64
6160 1416
6878 256
5143 64
5284 2898
6785 226
5792 2119
4620 3184
7700 2
4100 1665
5698 2304
6212 278
4616 102
4650 1300
5892 2121
5633 2241
4188 32
4096 3649
4164 2315
5489 516
6160 18
4224 2577
4428 2211
4977 136
4656 1216
4224 1320
5915 128
4107 3624
7828 1288
7426 744
4258 3353
4608 3085
6737 40
4109 16
5123 528
6151 608
4642 3076
4832 2051
4101 618
6249 1026
7186 132
7233 288
4133 128
6286 1808
4192 414
5324 529
4736 2049
7246 512
4436 1035
6817 256
7145 24
6149 281
4673 3128
5395 2248
4142 1153
4096 2169
4128 1154
6167 640
4608 156
4808 3124
5128 2933
7682 304
7123 0
4444 2721
6152 359
4618 1296
7954 4
5012 2056
4101 3361
4530 68
4682 1617
4102 2320
4298 1312
4109 2112
5133 240
6467 20
7031 0
5204 2082
7495 128
5701 272
6185 1154
4576 3614
5188 0
4632 1348
6326 1537
4610 1049
4100 480
4621 432
4435 1184
7168 375
4386 128
4259 2056
7203 68
6534 64
4800 290
4466 2053
4179 2056
6407 48
4459 2048
4356 1554
6210 664
4116 1673
6404 1560
5249 560
6272 112
4768 19
6484 1666
4293 32
5219 512
7271 8
6144 385
5120 2284
5224 260
4112 2159
5130 2160
5122 68
4425 2224
4306 3077
4176 3591
7725 272
7233 12
6950 153
4352 1424
4114 3616
5670 2184
4129 1372
8033 2182
7427 28
5185 2978
6145 1308
6209 432
6298 327
4104 1280
7424 36
4504 1
4233 3920
5040 0
4224 2816
4128 1098
6916 88
5648 96
6664 1442
4171 2048
4622 80
4161 662
5060 305
5394 616
4579 2088
4213 640
4651 4
7313 174
4370 1568
4352 3275
4104 1586
7680 2
6150 1816
5121 704
4609 2352
4699 2180
4166 1537
4610 504
7424 256
5443 2064
6752 1049
6160 13
4097 728
4113 2058
4632 3108
5331 2054
7151 1024
4257 3392
5122 172
4362 64
4520 80
4096 3124
4768 2306
4649 1106
6549 1066
4498 1096
7390 32
5892 136
6912 1122
6418 1201
4395 2052
4288 771
6318 537
6420 99
4546 54
7361 802
4545 38
4624 1377
6722 1025
6176 259
4672 280
4128 1674
4866 528
4608 2194
4114 1440
5427 2624
5442 2689
4178 3624
7168 70
6160 2240
4240 75
5180 768
6181 649
4737 1092
6599 520
6209 1568
4104 544
5984 4
4233 800
4230 833
6656 391
5125 2562
7362 56
5120 2851
6682 36
4292 648
4291 1544
4362 516
4268 578
4682 3104
5198 2177
4368 44
4250 3716
6212 179
4236 616
4136 128
6160 1571
4401 6
5892 2080
7060 1097
4105 1124
5120 693
5408 2074
4205 768
4133 1216
4886 1032
4128 261
4737 324
4236 1
4628 1386
4180 3211
6176 1229
4196 641
5516 2160
6022 1
6224 1064
5170 645
5643 0
7594 4
5410 92
5120 2062
4617 3212
4130 20
4369 518
4257 1024
4355 1572
7370 528
4233 3104
4144 1355
7459 144
7982 1
4193 3344
4136 2434
4110 3616
4231 1288
4424 1158
4162 788
5152 257
6776 1025
7168 399
6176 76
4680 1059
5192 515
4608 1063
4104 736
7505 296
4272 1344
6190 64
4612 2082
7304 582
4836 1032
4544 0
6945 132
6953 1538
4105 2928
4266 3088
4113 3590
4132 3224
4489 2064
7448 229
5198 2736
4160 3350
4128 1676
4864 1120
5377 140
7826 3
4764 256
5505 2
6293 704
4180 2817
5716 34
4096 2723
6212 9
4808 1025
4372 3658
7025 4
4360 593
4448 2105
4124 640
4645 3080
4232 1089
7694 256
5249 2164
5764 280
4098 653
4104 3330
6145 1130
4174 128
5538 8
4486 2088
5376 653
4768 307
4240 2117
7452 674
6796 146
4680 2048
5137 78
4645 3336
4500 576
4102 2473
4864 169
4435 2696
5550 2160
4229 608
4172 1155
4237 80
5126 2944
4225 2834
4226 2825
7462 521
4241 333
6656 1040
5379 2176
4180 1411
5634 41
4102 2369
5392 709
6413 208
4104 771
5141 98
4176 3112
6146 1233
5383 2704
7277 262
4096 2738
7459 216
4929 3210
4736 1052
5277 578
4107 1300
4684 2064
5344 0
5248 2823
6410 65
5196 33
4190 1408
5696 2187
7180 272
4109 3456
5770 96
4160 1077
5452 659
4374 2209
6144 643
6258 520
4106 3024
5860 17
7810 73
4193 0
4096 3307
6564 1536
4096 528
6864 40
4784 320
6957 2050
4388 531
4368 1728
6171 164
5392 169
6453 1218
7868 0
5670 24
4272 1578
7208 243
4640 2438
4768 282
6562 66
6096 13
6404 72
4122 3156
4099 1004
4667 3456
4166 296
4210 3080
4385 2244
4660 2456
4449 658
6288 1636
6146 272
4357 2586
7304 50
5257 276
6516 0
5331 260
5154 1285
6544 559
7944 82
5590 2080
4609 2100
6338 19
6169 228
5004 514
6530 1049
5120 238
6913 532
5154 2821
4226 281
5700 2192
4192 3985
7332 73
6666 1153
6183 224
6403 1580
7264 266
5138 581
4120 1442
4400 1570
4874 65
7956 129
4620 1219
4736 260
4634 2369
4114 3116
4880 3266
4449 1183
6209 12
4130 3016
4736 3112
4097 2396
4512 1103
4722 2048
5128 820
4624 0
4104 4028
4115 2728
6400 1252
7446 609
4112 3456
6529 546
6684 400
6671 112
4243 2312
6284 2098
4387 2248
5377 512
4097 684
4118 73
4385 180
6169 1028
4613 2098
6210 297
4678 8
4361 1056
4236 3712
6217 4
5698 32
6275 320
5704 0
5132 833
7296 304
6176 651
5362 265
5504 1125
4774 1033
5158 81
4154 2240
4303 2560
4744 2132
4945 2210
4682 1457
5264 2816
4632 452
4247 1792
4553 3074
4352 129
4128 329
4170 3076
5096 2564
4770 2060
4608 2128
4620 496
4280 6
4619 256
4192 512
6433 1036
4225 1368
4557 1058
7184 261
6680 1472
5900 2048
5140 34
5136 18
4152 2308
4164 2472
7523 536
6145 1906
4548 1585
4176 129
4104 2917
4460 2067
6156 595
4882 85
6144 916
4115 384
6195 1036
5189 272
4293 2312
5257 84
4608 2083
4608 3503
4224 56
6357 0
5277 2080
4184 2369
5504 60
6021 3624
4876 1026
6788 266
6662 1105
6634 1028
6144 136
4353 3684
4904 128
6152 70
7425 84
4610 13
4104 1552
6160 448
4544 2057
6700 321
7169 84
6161 546
6706 1164
6368 270
4651 2436
6144 1913
4610 3380
4146 2180
4226 3072
4248 2308
4224 601
4181 2562
4279 2312
6160 1128
4192 520
6690 465
4708 3073
6144 881
6178 396
6913 1040
5136 385
5024 2178
4448 514
4177 2958
4100 2930
6193 1046
5162 69
5426 200
6216 272
4354 565
5664 24
4888 2146
4418 548
4544 2081
6538 2561
4226 1649
5904 2242
4480 3609
4646 3472
4616 1076
4812 3361
6147 1180
5154 413
5125 512
6200 64
5526 2561
4224 2124
7304 529
7745 314
6923 100
4421 146
4416 1056
6242 1048
4612 264
7398 88
4129 270
6147 1412
4864 64
4160 2304
6152 1122
4706 25
6518 1161
4368 2728
6538 80
4356 1640
4608 294
6299 1540
4108 2066
4296 1568
4225 544
5186 2056
7392 6
5712 399
4864 90
5124 2656
4117 1410
4096 2178
6279 1024
6694 1265
4644 2177
6240 1051
6198 72
4096 3155
4258 3137
5144 548
6144 161
4384 3676
5258 2065
7755 292
6272 83
4436 3595
4928 1077
6204 0
5681 157
4256 3160
4110 3072
4688 1164
6914 20
7426 1
6228 1162
6208 257
5696 2347
5510 2088
4112 1286
5120 176
5121 2880
6044 33
4622 1152
4634 32
6956 82
4756 3147
4160 3114
7181 720
6273 1072
4922 2176
4097 954
4673 2050
4233 2832
4481 3150
6416 67
4608 3314
4968 19
6400 1033
6156 640
4112 3712
4146 896
6320 2312
4160 797
4104 418
4995 1112
4098 36
4741 96
5257 96
5639 2432
7232 172
4625 3076
5378 117
5952 168
4516 513
4355 1024
5233 152
7050 1041
6148 1937
4145 770
6161 0
5120 163
5376 2116
5188 2103
4321 282
5189 776
4889 102
6914 1232
6691 8
4384 3100
5200 259
5248 2338
7682 8
7319 768
4357 80
5316 2849
4114 1804
4096 2707
5514 2080
6468 1200
4632 3334
4232 3589
4194 2189
4290 3328
6430 641
4412 1025
5124 522
4162 2304
5506 2112
6276 352
5485 528
5376 72
4884 3296
4133 2264
4432 45
4808 3091
7249 2062
4136 1282
6200 1093
5008 35
5162 770
4130 1988
5400 640
6176 1096
6208 1292
4240 2571
7277 130
4228 122
4230 3136
7751 288
4134 261
4352 2563
4165 1026
6292 512
4736 425
4225 1092
4108 3232
4642 340
6165 1440
7234 401
4626 2056
6185 324
4416 32
4096 1846
4224 544
4121 3588
4116 1616
5712 2306
5554 2117
4104 2256
5323 0
4384 17
4105 1044
5704 2080
4168 3346
6144 604
6179 1372
4360 544
6168 4
4664 1025
7264 514
4165 1464
5138 3040
5705 32
4098 197
4625 1156
6157 514
7520 131
4353 548
4620 3137
4117 3584
4770 1033
4992 2606
4492 48
5412 2177
4176 805
5198 544
6304 567
4168 2871
4113 360
4932 0
4416 539
7456 517
4131 3856
4151 64
5636 128
5129 2848
6152 1296
6145 930
4360 604
4106 1429
6230 776
4240 2083
4298 3604
4121 2178
4122 2465
5332 2561
7297 636
5128 86
4641 2496
5300 523
6419 1568
4834 3073
6482 4
4220 1152
5768 4
6176 1617
4162 3492
4227 54
5072 0
6720 27
4427 4
4386 512
4744 2400
4468 1536
6282 1344
4114 2048
4640 2112
5632 2118
5263 816
6233 2
7169 24
6144 1166
4756 1032
6298 0
4660 12
4258 2060
4100 3482
4361 1248
6449 846
5190 2328
5120 12
4225 1026
4873 2050
4646 1625
5139 644
6240 11
6860 1
4324 3224
5376 7
5570 2588
5322 52
4497 3074
6192 66
5256 2385
4103 200
4152 3085
7432 0
6859 1052
4490 32
4097 3366
5208 39
7312 812
6336 768
5638 496
5381 2272
4401 10
4947 36
6176 517
6221 656
6400 113
6148 1576
4495 1024
4358 136
5184 568
4116 3593
5388 2642
4131 3464
5129 402
4134 8
4098 277
7176 22
4098 2696
6146 1940
5124 2338
5440 2198
4400 3970
4150 2729
5463 32
4300 257
6388 1024
4744 3157
5267 2056
4644 1352
7716 1106
4885 1098
8157 40
7232 518
4645 1042
4628 1473
5130 2420
4752 2351
6192 1156
4105 2082
7361 22
4200 772
4308 2570
5144 391
5392 2184
7318 0
5380 2635
4176 3206
4706 26
4480 3706
4226 1064
4756 1058
5284 2112
7296 16
5664 2442
4635 324
4977 1028
5120 2432
4512 1881
5408 3
4096 2592
4623 128
4096 2913
4128 1221
4516 523
4144 2309
4098 3564
6022 16
4492 2577
5650 77
4115 268
4120 773
4802 2049
5509 2066
5568 20
4436 2720
4161 2088
5808 0
4144 3266
6770 1024
5216 0
6320 259
5920 22
6178 1948
6080 2158
6165 1698
6181 1554
4225 3597
5473 28
6638 1024
4355 716
5456 2048
4746 80
5259 88
4117 10
5378 612
6268 1024
4200 3984
6306 1560
4122 2593
6983 1664
6148 266
4098 3144
4338 2821
5186 57
6146 3577
4434 37
4228 3840
4260 2816
4612 2112
4480 3116
6730 4
5386 2097
4740 1297
4173 400
5330 512
5139 480
5129 64
4405 3080
6432 524
5140 834
4226 1385
4177 2216
4362 113
4178 1313
5323 2052
6932 67
6410 64
7200 2312
7370 48
7173 147
4870 1089
4128 2318
4137 1298
7688 128
5184 2068
6697 65
5424 4
4424 641
4613 98
4112 1932
4101 840
7680 2304
4228 3130
4757 1312
6344 780
7504 40
5664 257
4400 1024
4112 260
5264 2886
6422 8
6145 250
6752 1286
4769 1282
4200 2
4609 30
4161 1726
5665 266
4096 2352
4097 984
7312 269
6656 162
6747 1028
7251 0
6481 650
4354 3140
4673 418
4180 2823
4497 2636
4609 373
7168 109
4386 1176
4144 268
4992 2151
4127 2592
5664 273
4097 314
4651 388
5153 640
7208 529
5480 18
6194 1032
6172 512
4736 1057
5193 2192
4120 673
4161 530
4609 2076
5824 51
4104 1670
7248 12
6528 96
4550 2592
4232 629
4399 2068
4490 1601
7632 6
4163 1592
5184 2755
5384 529
4300 784
5289 4
4113 2790
4152 2562
6193 1034
4224 1841
4993 2050
4384 134
6800 1071
6670 432
4514 1548
4097 1052
6186 448
6916 66
4372 1027
6785 20
5444 2089
4496 2799
7710 416
5394 2052
6280 80
4340 3586
5250 364
4157 3714
4744 2096
7230 329
7208 0
6667 368
7728 294
4736 2068
6229 0
4096 13
7319 520
4361 2210
4646 385
7043 3128
5992 133
4977 3200
4184 3874
6661 136
6144 554
5402 2753
4800 296
4485 2594
4139 16
4106 468
6019 8
6872 2
4910 1168
7296 258
6276 18
7608 512
4512 584
4738 1024
4112 39
6372 1296
6156 48
4612 192
5122 2320
6774 0
4100 2208
4314 36
6684 355
7208 4
6656 496
5122 2589
7194 64
4306 3617
4143 1170
4130 3072
6437 136
4483 116
6416 1249
4353 3730
4448 136
6334 577
4096 521
6592 34
6656 1033
6305 2
7874 24
4113 2882
5442 2689
4116 160
4898 201
5122 2529
5641 2304
4121 832
4832 1300
4225 1036
7204 83
4185 1826
4192 4
4162 1025
5192 135
6912 4
5440 45
4097 1167
4129 1792
6149 1985
6656 1032
6273 308
6173 288
5410 2048
5248 2656
4352 1202
5140 1152
6674 356
7316 0
4136 1030
4138 1280
6406 1577
6154 149
6196 642
4160 2498
4353 12
5504 2135
4146 3840
4786 261
4217 2562
4145 1672
4226 1828
6152 512
4142 146
4096 2221
4112 5
5382 2848
6528 1041
5376 2568
6272 1100
4236 464
5956 80
4106 2112
4616 262
6082 2064
4612 350
5032 1106
4867 192
6785 338
8000 128
4105 1412
5376 584
4622 1472
4387 2200
4097 3636
5156 2689
4866 168
6177 1674
6251 0
4418 645
7715 2120
4371 2720
5384 1537
4672 168
4353 3104
5125 130
4608 308
5177 194
4097 192
4616 3171
4096 1080
5302 2441
4146 269
5217 650
4233 18
4128 592
4362 5
4096 1859
5680 321
4738 3436
4360 3590
7254 768
5696 261
4368 1103
6164 387
7458 232
5298 327
7872 290
5306 0
4884 3074
7987 68
4104 272
6312 1796
4353 2660
6224 417
4361 1568
6293 772
4145 68
7074 1364
6405 1112
6436 1618
6401 118
6048 92
6274 768
6096 36
5120 2180
4097 658
7553 566
6272 584
4392 1
4632 2368
4200 2311
5149 928
4297 1046
4162 1796
4769 1088
5889 2176
6349 1536
4208 2454
4155 1856
4912 11
4365 2082
6242 1053
6984 3122
7240 16
7176 163
6282 1568
6160 389
5643 448
4647 192
4161 1184
5407 2208
4096 3419
4480 2647
4100 2152
5382 208
5192 20
7107 24
4629 1152
4164 769
4481 1024
5143 264
6668 418
6228 11
6188 1106
4772 128
4584 1025
4098 296
4132 2112
7064 1090
4121 390
4256 30
7014 1033
4389 3648
4210 2436
4106 2209
6706 130
4704 3337
4640 5
5664 2067
4108 131
5704 2112
4181 3104
4098 33
4690 2340
6402 712
7965 2
4132 385
4480 2624
5096 20
4163 912
6016 4
4201 0
7445 72
5186 2195
5160 18
8100 72
5144 3717
4356 96
4740 1136
4108 1041
6178 448
4130 2564
4102 2057
6529 528
4104 1410
6354 773
5129 580
4104 2821
4608 3159
5388 688
6404 707
6224 2568
4776 2326
5218 2580
4107 4021
5122 787
5376 53
4457 3088
6210 896
7314 1
6553 32
7813 10
6149 1552
7336 66
4609 128
4640 1101
4620 195
6293 66
4270 2064
4160 180
6167 1024
7234 2586
4182 1025
4112 2692
4864 34
4704 1415
6232 422
5888 1090
7043 1104
4096 2113
4098 48
4236 1537
4112 3648
6336 14
4433 1064
4194 1285
6832 1039
4688 2306
6110 0
7366 56
4100 1163
7304 273
4166 1296
6472 528
6162 1813
5254 2048
6219 1828
6272 563
4248 65
4113 102
6403 1788
7244 160
4160 769
4163 20
4163 20
4168 1
5187 780
4233 786
4116 768
6625 1560
6208 1414
6350 1057
5553 2624
4113 3136
4291 2084
4385 1288
4425 3620
4352 1716
7486 515
4873 2052
4388 19
5940 194
4363 3076
4648 1428
7420 2050
4319 256
4376 2785
4736 0
4097 416
6019 2104
4288 2362
6592 1040
4104 2562
4096 3639
6148 520
4104 3952
4128 2692
5440 516
6154 1665
5127 2920
4490 1056
4736 340
6944 1044
4416 2214
6147 312
5184 2693
4481 80
4118 3264
4912 13
5190 768
5125 896
6257 1288
4176 296
4164 520
7295 640
6336 568
7712 64
4234 0
5185 16
5512 323
4372 2050
4160 2056
6164 1312
4168 2064
6656 149
4352 2157
4896 1043
4196 3586
6718 256
5697 2450
4106 64
4620 81
4608 1173
4097 2262
6671 1104
4128 2825
5132 2576
4315 2304
6212 129
5121 2132
4736 2357
4708 2049
4677 1313
5122 201
5120 1107
5291 256
7696 0
4226 1041
6337 1110
4624 578
4096 1050
4528 1068
6245 1304
4680 1184
7952 32
4156 1473
4268 3394
4491 1076
4421 2196
4639 1344
4931 1040
5696 176
4616 1363
6280 1
6672 192
7168 791
5142 192
4096 526
7193 706
4098 2873
5638 2353
4096 3382
5380 18
4352 2691
4264 528
4184 1039
5890 2256
5985 1034
4521 2048
6192 268
7560 114
6657 1028
4150 136
5353 2566
6659 148
5698 132
4160 2604
6789 1040
4113 640
4811 3072
6724 1041
5893 442
5377 130
4242 3584
5920 210
6547 72
4098 289
4108 2274
4105 3584
4616 2163
5232 2209
6896 13
4208 2191
4128 264
6400 205
4107 1104
5892 2048
4928 3089
5186 36
4161 3618
4230 2096
4736 8
4105 144
6272 84
4773 2184
4192 5
5378 2048
4102 552
4128 660
4112 2122
7996 2
7171 584
4225 390
6401 48
4549 1040
5992 2049
4370 2116
5144 2144
4262 529
5426 2176
6166 1120
5692 679
4133 82
4097 3392
4136 1473
4104 517
5120 8
4530 0
4207 776
7744 145
5136 68
6184 1679
4234 2565
5124 2082
4096 2560
5687 449
5121 2416
4641 36
4352 3149
5124 657
5634 276
5248 2312
4641 2180
5729 2
4135 960
4363 3200
6751 832
4356 675
6401 532
4352 1557
6276 1064
5248 258
7300 72
4136 1862
4448 1032
4164 24
4627 2500
4117 292
4938 2084
7518 640
5440 672
5224 130
7137 10
7682 624
4128 2944
4452 2049
4498 2117
7460 185
4096 2946
4992 291
4267 336
4162 1412
4208 3333
4792 1280
4736 1064
5120 0
5248 0
8000 219
4156 512
4352 2129
4098 2728
4675 3376
4170 1040
5632 248
4097 690
5187 2568
4756 107
4801 1306
5776 322
6156 241
6173 1568
6214 128
5994 2053
4102 376
4513 1092
5251 64
5188 2195
4160 798
5500 642
6208 39
5184 2049
4129 2702
6656 322
7205 778
7257 289
5704 2310
6438 723
4102 2649
4096 2144
4096 2082
4103 2688
4864 1228
5632 484
5147 160
6177 664
4166 256
7426 73
6466 1665
7225 132
7487 64
4418 1152
4114 2116
5120 2704
4590 2577
5252 2376
6794 1025
4222 3329
4122 3105
4450 1172
4097 230
4164 266
5700 137
5831 2080
5265 332
6157 1538
5248 2572
5121 2058
7441 680
5168 143
5641 370
6417 2176
4640 148
4864 2229
6272 1283
4195 1672
5120 0
6153 192
7952 8
6240 1040
6482 1192
5285 257
4096 2453
7712 368
4120 1409
6168 736
5476 144
4801 1064
4260 536
5888 77
6432 1744
7424 693
4736 19
4178 1824
4257 836
6656 1149
4106 2576
7690 5
7808 105
4097 1680
6212 283
4641 1088
4378 3685
7180 34
6537 1552
5120 2880
5973 2474
5138 32
5774 65
4362 2049
4296 786
4747 388
6403 64
4384 1035
5392 226
5202 256
6692 258
4421 18
4161 2698
4866 3121
4097 1592
4424 516
4108 2304
5772 2112
6322 1861
6320 1609
7936 24
5376 2200
4266 2561
6276 1905
4880 2053
4232 3158
6922 3104
4736 1092
4200 390
4224 904
4097 3658
5204 2345
6317 1792
4225 40
4243 3108
4176 43
6276 530
5176 771
4626 128
6656 136
4098 2432
7872 35
4496 1642
6400 132
5166 721
5120 82
4193 1536
4100 2049
7558 512
4196 1170
4098 1813
4419 644
7425 104
5804 273
5138 96
4641 2328
5905 10
4674 2076
4776 328
5506 2692
4802 33
4416 1543
6144 425
5384 162
6285 112
4128 2053
7697 192
6657 65
5650 329
4640 2377
5314 2572
6312 322
5644 97
5122 2192
4104 710
4096 3240
4307 1060
4170 4
5002 3125
7986 12
4224 68
4371 3272
7170 1017
4512 11
4248 3588
7212 64
5633 220
6848 1078
5804 19
5570 0
4164 2104
7169 128
5382 3
7172 264
6402 1221
6722 1153
4355 0
6292 256
6536 1554
7702 0
6156 833
4230 544
4672 2084
5120 469
4963 2176
4673 2100
5665 2124
4880 2181
6689 66
4352 1051
4238 3105
5408 214
4359 704
6785 98
5248 278
4482 36
4192 281
5517 1570
7216 266
6204 1601
4177 2850
4354 1109
4293 3384
4850 332
5152 204
4096 2594
6873 512
4179 3628
4640 2384
4740 2091
6162 1348
4675 300
5408 130
4352 2244
6210 48
4128 3010
4224 3102
4192 2944
4175 8
4360 3092
4102 3168
6864 301
6930 1065
5204 515
4248 2884
6660 553
6177 280
5894 65
4176 640
4420 1178
4114 2336
5232 776
4191 1536
4387 3156
5632 371
4992 2051
5380 664
4097 2688
4776 1093
4101 1432
6160 1831
6145 1108
4362 20
6183 0
4628 2
4173 18
5028 2123
4176 32
4417 1024
6576 515
4106 3577
6877 0
4230 824
6148 50
4104 257
4516 17
4541 514
5015 32
4244 1281
4194 2325
6531 86
4114 2253
4100 514
4897 204
7323 64
6164 257
6176 274
4100 1801
4688 138
6148 1184
4128 1024
4096 3626
6208 664
4488 1570
7776 260
6676 258
4866 3088
4436 1704
4976 2055
5457 0
4120 1605
6545 612
6146 25
6176 586
5128 2197
4154 1093
7220 704
6690 409
4097 2112
6156 1186
4104 2
5909 0
6152 32
4508 64
7968 1168
4736 3145
4224 1312
6952 67
4232 264
4612 3296
7716 129
4232 803
6152 1941
6020 113
4376 3073
5697 20
7696 416
4353 3112
6217 1329
4754 101
6056 80
4368 512
6160 1728
6672 3
7296 784
5142 2211
4929 2080
5028 154
4613 1194
6196 1441
5972 2
6480 4
4672 2465
7176 356
5146 404
4232 1044
6468 195
4135 1024
6929 2082
4193 22
4680 2075
5648 2055
4746 1284
7278 512
4866 1193
6176 450
5664 396
4609 2056
6473 1696
4184 2308
7042 1117
4288 2096
4148 3977
4231 1288
4124 65
7232 295
4102 193
4928 3464
4943 3072
4636 1
4176 3620
4728 385
4108 1537
4162 261
6567 1048
4176 2346
5641 2176
4288 258
4290 9
7200 768
6408 576
5490 2176
4745 34
4288 259
4229 1816
6785 142
7282 513
6576 1600
4292 1307
7504 8
4310 3592
5234 128
4360 2560
5172 2752
4242 2400
4098 1619
4609 2230
4900 64
5122 530
5128 83
5505 84
6284 3905
4138 1220
6145 3126
4520 1539
4169 288
4102 1210
6195 1292
5763 20
5539 2568
5604 0
6144 84
5520 2048
5536 2048
5145 96
5128 774
7680 77
4492 2114
7682 177
6805 1026
5281 584
6365 544
4243 1064
5126 147
4108 3456
6656 1072
4102 104
6304 1028
4181 8
4384 2
4418 640
4651 2176
4688 3115
6144 16
5352 0
6305 576
4482 1089
6281 610
4485 3664
6281 1792
6155 848
4354 2760
4356 48
4177 1410
6664 262
7256 256
5640 5
8000 4
6659 342
6322 1793
5065 1074
4146 2381
4576 529
6728 165
4203 388
6723 296
4290 1315
6182 456
8000 162
4925 3072
6530 1025
7207 0
4610 1280
4107 3072
5398 2048
4625 2086
5155 2584
5772 290
4138 128
7206 320
6632 18
6129 14
6150 1705
6498 1040
4608 194
5888 210
6211 700
6784 1280
5122 8
5138 232
6178 0
4098 3073
5041 2116
4678 1025
4648 1089
4376 547
4381 32
4366 3168
4722 900
4132 9
4744 16
4880 2189
4635 1412
6396 0
5701 288
4129 0
6428 192
4609 260
6352 1836
4457 2194
4289 864
4108 2560
4120 802
5898 52
4224 273
4736 1332
5770 2128
4482 2112
4930 0
4266 273
5344 329
6304 770
6658 17
4120 768
6176 567
6147 168
4620 1280
4256 1040
4096 3244
7264 528
4288 2600
5574 11
5424 75
4226 1281
5261 72
4120 2146
4624 359
4526 1024
4870 1154
4257 520
4404 3209
6739 160
4634 3205
6162 1033
6406 1657
6176 1945
4165 2858
4620 2576
7206 136
4740 1096
4361 2100
4108 2304
4135 144
4231 2608
4272 1550
4105 192
4368 100
4232 800
4608 64
4392 67
4184 1440
4109 1216
6168 1184
4115 72
5858 4
5129 20
5704 166
4496 3072
6176 1538
5153 385
6656 336
4164 2058
4906 65
6784 78
4433 3086
5121 3008
6723 276
5952 55
4177 2688
4148 768
7427 544
5168 332
4661 1480
4800 3094
6210 1544
7682 149
4243 96
4360 54
5898 2051
5795 2048
7776 1034
7699 140
4402 208
5271 2312
4608 216
4227 3396
4942 128
6656 99
4108 1536
6145 1620
4560 11
6432 1740
7200 465
6224 1408
6273 800
4554 260
5480 2708
4613 2378
4608 279
4368 3072
4424 518
7682 25
4416 646
7681 402
4739 2064
6993 282
4140 2560
6256 385
4192 1052
4128 3074
5504 2062
4800 302
7169 272
5376 24
4152 2243
4624 167
5395 3084
4640 1117
4533 0
4742 2129
4096 782
6452 704
7426 544
7240 451
4105 112
7056 74
6789 1056
7496 130
4630 2464
5669 132
6416 682
5648 2120
6145 1536
5148 514
4273 3076
4100 745
5282 0
4252 1539
4675 2092
6274 37
4416 1078
4244 577
7297 60
4417 12
4802 268
5262 320
6160 3
4992 2165
5124 2201
5064 2080
4448 2194
4497 3086
5256 3
4305 3620
4224 3360
4658 2317
4145 66
4438 2048
4887 0
7336 514
5404 514
4121 1058
5272 544
4888 1060
5379 2240
4224 13
6148 16
6280 1150
6208 514
4166 1536
4209 2184
4226 1328
6920 0
7232 688
6151 1376
6219 388
5184 187
5824 257
4098 3229
5382 360
6818 1104
6533 584
4099 2956
4225 3220
4160 0
4320 2077
4629 160
5122 2956
4417 512
6272 1348
5260 2
4496 3111
4393 1238
5159 2504
5753 0
4224 275
4448 1040
6356 11
4112 705
4616 3332
5650 2088
5068 49
4372 1545
4096 1225
4307 0
5128 282
5632 40
6197 1664
4193 2688
4105 432
4608 1064
4354 9
4369 1574
7321 512
4105 416
4904 2118
5961 2064
7681 44
5152 401
5138 72
4756 1026
4910 3216
4352 2122
5120 224
5232 2696
5616 7
4099 3104
4648 3352
4620 1120
6176 257
4098 2708
4226 621
4160 138
7398 768
4384 3340
4131 1040
4160 521
4270 1296
6656 3097
5734 393
4365 1602
6304 521
6152 1410
6932 82
5632 1287
4864 65
4304 9
4418 36
4166 1057
4885 2752
5251 104
5674 144
4680 3460
4610 1360
4365 18
5584 2048
6152 82
4226 612
5417 18
6216 148
4096 1824
4181 778
5173 648
4224 2160
4128 2698
6144 1131
5220 256
5122 616
6698 128
5136 264
4672 1172
5520 2052
7700 64
7488 533
5264 580
6144 1344
4308 11
4448 1169
5120 2050
6528 16
4166 2337
6692 209
4686 432
4188 2690
4329 3072
4148 904
5248 289
5217 786
4168 2070
4360 176
4260 2624
4672 2344
6448 10
4365 3762
5120 440
4109 816
5672 64
6721 1160
6704 256
4521 2576
4337 256
4608 2096
7951 2080
4802 4
4809 52
4272 2194
4634 352
5417 2180
4662 3533
5939 157
6753 62
4134 1821
7169 576
4225 1056
4180 819
4651 64
4358 105
4160 256
5640 262
4101 800
4290 1589
4624 1668
6404 40
4364 1602
5456 2048
7233 668
4928 2184
4736 68
4132 2436
4113 66
5200 393
6147 332
7233 258
4386 2653
6658 1416
6256 384
4747 48
6148 1777
4225 324
4096 1604
5913 194
4641 2432
6786 3157
4855 256
4416 3232
6434 1600
6458 1040
7236 792
5656 99
4312 290
7504 2090
5256 532
4228 768
5378 516
5168 132
5179 964
6182 920
7052 96
4640 1235
5661 2274
4116 2824
4872 1234
7441 648
4113 832
5856 2058
6160 297
6752 1421
4496 581
6672 46
7329 2304
7056 1067
4192 1288
6657 258
5260 16
4914 1035
6564 515
4372 3
5138 137
6378 272
6214 616
6656 1056
4617 208
5636 384
4626 2817
5376 691
6720 1184
4483 2162
5120 2926
4608 274
7681 156
5122 645
4114 3884
4248 1797
4736 3418
5634 2104
4097 64
6448 9
4544 1560
6816 1294
5764 66
4616 1251
4642 2057
7462 137
4177 3084
5633 2460
4100 898
5336 2594
6672 1163
5504 28
4112 352
4665 2376
5266 4
4230 1424
4934 3088
4615 48
7173 368
4116 2632
7456 540
6148 272
5952 17
4496 588
4421 176
4180 259
4616 3201
4374 1164
4484 768
4392 193
6164 682
5059 2116
4376 576
5124 2859
5959 160
7426 1536
4610 209
5404 240
6245 0
4176 520
6212 168
4122 2465
7316 841
4463 133
5792 2142
4776 2196
4608 3085
4240 3840
6865 292
4112 2404
4485 1570
4428 128
6400 134
6281 1026
4684 1409
4106 64
4529 2626
7440 2
6444 786
4368 8
4270 274
4198 1024
4288 3124
4096 2262
4418 3080
6722 400
6272 1042
7237 640
4161 1026
4164 280
4693 1290
6682 417
7242 416
4674 0
6528 1074
4096 354
4258 2113
4353 1132
4992 3180
7584 514
4114 2048
4359 66
5764 2082
6216 1557
4097 1332
5121 164
5232 10
4611 1052
6312 519
4771 2332
6176 1362
7808 1824
7046 113
7447 200
7303 344
4226 3424
4098 2828
5057 3082
4240 2062
4353 104
4632 2053
4168 832
5141 488
4872 16
4352 1779
4138 2704
6752 1280
6825 1040
6304 1033
5649 68
6152 1925
7232 38
4113 100
4218 2052
5639 0
5222 2048
4097 832
4608 99
6560 535
4877 3313
5200 527
4356 210
5376 707
4246 856
5888 2104
6150 1641
5455 2608
4129 2966
6485 0
6164 96
4109 3074
5324 818
6192 771
6489 544
7706 629
6156 1048
5204 162
4100 2624
4353 66
6280 64
4876 1154
7304 64
4373 522
6426 804
7304 256
5393 2574
6408 1767
7457 64
4386 1113
4200 2055
6146 132
6789 352
4752 327
7187 452
6405 512
4112 1289
6144 1474
5216 2203
6478 160
4746 1348
7712 273
4736 563
4388 140
5704 2432
6208 1963
4642 261
4128 1030
6160 610
4096 2904
4174 1305
4144 1542
6326 336
7748 416
4270 528
5698 316
6682 1473
5080 1028
4224 1027
4424 2055
6144 57
5833 258
4608 226
4180 1576
5186 788
4378 2241
4148 713
6402 1580
4256 17
4260 3329
4194 2565
5120 183
4247 864
4109 3152
4109 3138
4129 2758
4713 1026
5892 1065
4190 2080
6985 1185
6019 2072
5688 449
4378 197
4800 19
4695 3456
4996 41
6804 73
6592 20
4612 1378
4424 646
6176 1715
4391 2320
5281 2326
4256 2393
4168 5
6154 1217
4097 1532
6338 1080
4802 256
4104 2448
6176 324
5125 34
4111 2560
4192 2064
4417 2748
4112 2688
5253 776
6496 15
6673 128
5412 194
4867 2050
4117 64
5313 812
4105 804
4100 346
4377 646
6718 256
6412 705
5702 184
4265 2064
4224 2592
5172 160
4113 2182
4644 1361
5232 386
7620 34
6156 561
7876 0
4777 324
4147 3144
5185 770
4146 1036
4368 1062
7697 2376
4192 258
4610 3336
7520 641
4608 2485
4112 679
4218 0
5396 99
4144 3011
4130 1161
4161 512
4098 2232
4616 262
4711 276
5269 256
6960 1039
4139 3664
6144 1723
4864 1072
4836 1287
4906 2180
6176 1029
6243 1536
4352 3651
5312 2050
4628 257
4388 1601
4103 3520
4772 1025
4104 1441
5393 2
4096 434
4227 2348
5168 328
6916 187
4130 201
4116 3081
4321 14
4169 3464
7057 1536
4106 1617
6208 643
5400 68
4242 2824
4136 833
5126 480
4097 1300
6726 1084
6664 0
5152 832
6880 849
4368 99
6149 1048
4121 3970
4745 272
4160 1448
6146 848
4388 1235
5633 288
4097 3466
4096 1152
6176 777
4624 1064
4502 40
6145 1576
4429 2048
5216 258
5314 2316
5173 2442
4144 1542
4652 3137
6194 1292
4616 2404
4113 1160
6178 88
6145 1118
4618 3092
4284 1
7856 77
6145 1696
6167 1608
7823 48
4162 1424
6152 1952
4608 2329
4240 1285
4225 1138
6165 258
6248 6
5132 2306
4544 3232
4416 1162
4361 3170
6416 1130
4112 164
4251 2084
4562 2581
6184 1059
6146 145
5141 648
4208 2058
4958 0
5248 2096
6552 1126
5702 17
5649 64
4128 1105
4270 0
4105 66
6144 665
4490 64
4355 3084
4648 1488
6172 1954
6528 88
4624 2
4646 457
7476 8
7832 40
5160 4
7052 1090
4368 2050
6146 1604
4365 1088
6338 291
4621 1152
4228 3136
6086 2092
5280 2376
4364 834
4896 30
7438 672
4864 1169
4106 2
5280 64
4257 256
7176 352
4172 1040
6288 1033
4152 1414
4627 2400
6832 96
4752 1030
4101 2760
4237 64
6180 387
4372 2080
4424 1169
4312 1936
4356 512
6671 2256
7219 136
6176 129
4482 1057
4773 264
4132 3144
4104 1541
5392 712
4948 1024
4104 2196
5763 4
6753 142
4420 2561
6705 1350
4192 384
7040 1057
4240 2052
4112 206
6498 1664
4114 1348
5132 2752
4642 257
6156 274
4758 3368
4656 192
4224 79
4745 66
6310 64
7188 425
5122 2137
6181 328
4904 70
6658 1
4741 114
5540 9
4226 2357
6464 0
6320 1283
4098 1156
6209 256
4461 1600
6754 385
6284 1794
5445 2056
4112 1576
4161 1044
7171 1044
6167 32
6016 1
4354 517
4631 256
4358 2593
4356 97
6145 476
4106 288
4644 2376
4293 3086
4867 220
5328 258
4200 1680
6162 96
4900 2240
5121 2388
6180 769
4312 1026
4625 1218
6274 1089
5128 562
4196 275
4369 3786
6152 1556
6400 534
4672 1081
4101 2570
4637 2208
4110 1505
6756 1409
5473 146
5120 542
4488 581
6663 304
4298 1024
4169 1058
4608 176
4624 3306
4112 296
5281 276
4252 322
4224 1337
4116 175
6150 217
4360 672
5134 2752
5769 6
5128 116
6816 1363
6672 288
5189 2186
4165 24
4112 512
6161 832
7712 36
4882 1152
4993 28
5644 51
4194 2204
6720 49
5344 526
7482 194
5729 384
4481 3144
7297 48
5220 171
4225 3142
6162 521
6660 1081
4926 2056
5323 356
4354 1541
5127 2048
4195 2316
4352 2575
6274 1080
5153 788
4992 66
4103 3096
4102 1040
7186 64
5350 2049
7433 98
7724 49
5249 340
4658 257
4105 2164
4178 2088
5324 818
5122 1296
6210 676
5574 2568
7552 101
5756 2177
4112 1569
4098 2765
4710 393
4234 1796
4778 2117
5140 3
6348 306
6180 657
4864 2201
6674 353
4120 2882
7168 795
4097 2190
5198 5
5952 179
4260 2840
5057 2086
4112 708
4276 2370
7197 546
4480 2662
5992 2192
4279 3168
5185 2080
5008 2080
4112 3170
4872 133
6464 150
4304 2593
4235 2580
6155 320
4100 1728
6144 3197
4400 206
4685 304
7494 128
4621 3440
5380 536
4352 550
4110 3648
5888 112
4736 2064
7182 33
4128 11
4144 141
6211 1540
4269 16
6216 1024
4180 1067
4224 1600
5153 2696
6645 584
7300 113
7424 576
4099 77
7713 284
4488 1056
4096 267
4200 272
4366 3113
6160 580
4112 171
6273 1114
4354 2624
4097 1826
6408 519
6193 266
6280 304
5633 62
5126 613
4416 145
4513 3096
6694 201
4136 226
5641 0
6224 1026
6044 2080
4128 3140
4107 1792
4096 3748
5489 2050
6264 2
4240 142
4362 640
4481 44
7176 258
4384 2050
4231 64
5124 626
4102 848
5127 512
5764 32
7282 516
4352 673
4112 2432
5219 2180
4104 2306
5448 544
5512 114
5152 768
4368 136
6608 1066
5158 385
4228 0
6288 104
4110 33
7302 552
4620 2064
4929 1028
5184 640
5132 336
5252 540
4612 593
6660 433
7169 976
7912 1
4698 1029
6724 291
5304 2055
4096 3785
7428 0
4102 1184
5162 897
4096 588
6153 16
6645 1536
6273 16
7746 293
4420 2714
7453 642
7689 48
7684 305
6808 0
4664 2305
6465 1690
4621 2322
4672 20
4646 2328
4096 5
4674 13
4128 1628
7317 808
4882 9
7507 656
4114 2624
4163 3744
4096 1433
4127 2816
4352 1738
4480 1234
5408 68
4162 1176
4244 259
4545 1046
5282 784
4180 2315
4739 3604
4548 3099
4356 2
4096 344
4298 1057
6402 1
4139 2048
4384 25
4865 52
5168 2373
7835 69
5467 912
6299 768
4108 2963
6272 570
4468 138
7169 832
4100 3040
4165 544
4098 25
4172 400
4698 2464
6144 81
7712 460
4592 553
5632 240
5760 85
5285 84
6700 1168
6344 144
4122 1153
4160 3204
7462 515
4097 3566
5160 2273
5133 256
4168 3120
4612 274
4352 172
4416 2563
6208 1024
7299 896
5386 2177
4129 2116
5256 779
4096 1418
4649 1428
4608 2384
4114 724
4401 2
4616 2342
6672 1487
4163 1802
6659 0
4992 3137
6196 323
4134 768
7185 770
7168 875
4350 1024
5641 144
4288 37
4488 3585
7718 17
7552 552
5120 221
6658 1152
5120 160
4112 2227
4613 1040
5187 768
4172 2864
4230 289
4100 1457
4100 3456
4225 2890
4396 144
4240 1869
4620 194
5186 625
4246 256
7698 480
4145 3652
4426 36
6192 458
5121 2588
4129 2372
4816 1061
5655 2048
4674 1024
5248 2824
4636 450
4097 22
5137 582
4537 1816
7176 448
4611 252
7234 265
4370 1024
4742 1056
4481 96
4135 2112
4625 2054
4944 1282
6672 1227
4160 1186
4768 2509
4108 2353
4098 293
7429 16
4164 674
4098 532
4352 1048
6244 514
4128 513
4182 3080
5672 448
5640 289
4112 2020
6662 1224
5051 68
5392 14
5122 2825
5634 2096
4449 1024
6353 1538
5145 4
4523 1140
6218 257
6176 776
4338 4
7218 716
4632 1408
6192 1156
5380 568
4161 524
5252 296
6162 41
7553 72
5136 1
7584 577
6951 80
4900 2048
4224 3868
6657 136
4096 819
5121 644
4161 2628
4224 3073
4096 1040
4440 2723
5120 176
6170 385
5030 1024
4096 36
4174 400
6196 1536
6146 1600
7297 282
4881 1248
4866 64
6152 1264
7660 528
4627 128
7819 96
6177 1290
4144 2580
6173 514
4352 80
5384 2196
4177 2860
6185 1354
7408 64
5121 2574
4226 1133
4384 605
4164 152
6033 2
4101 360
4613 130
5379 2208
4227 1824
5906 200
6239 128
5120 320
4165 1040
6272 24
6412 689
4161 3360
5188 402
7810 360
5224 18
4403 204
5652 160
4176 2048
7306 705
6772 256
4513 6
5160 2625
5376 2200
4144 13
4132 2113
4320 3079
6413 64
7009 1160
6536 512
5130 416
4928 30
4886 2145
4422 2705
5825 0
4476 1026
4176 2444
4616 53
4376 2245
4913 8
4408 1603
7426 56
4738 2048
4096 730
4625 390
4132 3664
6164 1833
4436 3201
6171 384
4184 2433
4304 40
6157 1072
6340 2344
4162 1284
5159 520
6336 256
5192 691
5124 2595
4098 2833
5409 520
7177 384
4112 1632
5634 220
4224 777
4241 2116
4753 66
5556 2050
6248 0
4096 404
6360 5
4416 640
7729 0
4357 1561
4224 262
4832 3345
5120 2965
4128 2711
4112 3008
6965 1538
5122 660
6420 1730
6272 269
5312 2101
4744 1072
7400 540
4344 3589
4880 44
4112 2049
4218 1792
6498 144
7173 936
4103 608
6666 132
7812 312
5314 539
5379 616
5162 260
4609 1438
5379 160
5195 640
5739 1
5136 2113
4252 3075
7568 76
6272 1831
7173 240
4720 1409
4245 1570
5248 342
4739 294
4490 3649
4137 1040
4560 1038
4163 160
4240 2825
4180 2562
6323 516
6217 498
4096 130
4635 2176
4368 555
7226 257
6528 77
6161 678
5924 64
6218 130
7712 80
6731 400
7201 2114
8062 4
4247 1384
4486 72
4207 530
7433 34
4517 3667
5766 2320
4096 736
5168 2947
4482 16
5637 472
7969 0
4099 2068
4300 1043
4152 2304
4288 2850
4192 1156
6400 57
4108 1170
5327 2306
7329 17
6533 1088
4158 129
6284 544
4258 2380
4373 66
5843 256
6961 1120
4224 41
4116 1682
4368 606
4600 2305
5632 3395
7205 906
6150 1928
6032 143
6706 2269
7681 294
4254 1377
5122 296
5639 2192
4099 2728
4488 1025
4740 1378
4233 84
7205 80
5665 0
6738 44
4611 2048
5476 530
5124 2361
6208 1324
4336 1032
5638 2480
6826 1105
4192 259
5145 166
4126 3648
4097 192
6161 1484
5121 145
6152 1348
4225 1024
5378 120
4140 2241
6738 1069
6563 592
6794 36
4745 3108
4960 3200
4112 2066
6736 288
4281 2052
4226 273
7298 49
5938 4
4868 105
4384 3079
6168 1284
4169 1280
6676 291
4109 1154
4612 1218
4298 561
4169 656
6690 273
4812 40
4211 8
4929 176
4099 2096
5160 2562
4099 532
4096 697
6154 5
6720 404
4099 112
4236 2624
4101 2176
6404 10
5258 260
4864 2198
8078 91
5120 2465
6168 32
4288 1829
4481 3074
4132 3722
7202 0
7168 59
5122 2628
4228 2393
5648 2369
4097 2572
6336 288
4098 585
4097 768
5394 545
7152 260
5656 69
5838 0
5280 25
4177 808
7232 771
4260 1323
6664 1106
4101 2274
4168 1815
7170 81
6673 454
6144 616
4353 172
4167 656
6405 656
6208 14
4128 2
5424 2123
4646 2240
4758 264
5282 348
4441 2050
4672 3212
5133 738
5332 2850
5968 0
7686 128
6213 146
6154 33
7168 650
4237 16
5780 2338
4865 2080
4210 520
8130 25
4708 10
4226 1032
4393 54
4388 2624
6480 1708
5120 181
4096 3850
4900 2185
6227 288
6432 142
7553 538
4178 1184
5160 2896
4683 1328
6272 608
4869 0
6212 139
7472 10
4736 1032
4416 664
4367 1120
5194 36
4353 2188
5348 513
4646 129
7243 784
4180 330
4737 2320
5410 132
4129 768
5122 1753
5290 2113
4262 2064
4284 2625
4488 3620
4101 384
6209 1026
4683 304
4113 104
4608 2437
5249 292
5637 2160
6145 906
6508 131
6152 1557
4230 48
4187 646
4113 672
4749 306
5184 2061
7176 260
6528 1638
6273 1058
4235 292
5517 2066
4160 3772
7202 780
5121 882
4136 387
5314 32
4128 2187
4096 956
6152 68
6145 0
4704 1040
7570 545
4949 2050
7184 42
4752 1
5632 209
7976 22
4115 3072
6217 32
4108 1042
6178 1092
5664 256
7226 2564
4096 773
7808 288
5768 83
5425 514
5129 194
4240 2052
6450 1
7106 12
4402 589
5317 512
6657 298
4102 2449
7456 667
4225 1129
4380 1600
4325 1290
4115 1316
6970 128
4668 1152
5184 792
4144 2628
7832 2146
4169 3874
4096 1293
4338 0
7588 585
4112 2633
8076 99
4096 320
4753 2
4256 268
5184 2201
4659 68
4100 3224
5216 907
4112 2062
4100 2048
5256 268
4416 529
7256 132
7304 512
5209 2180
4124 896
4096 3404
7168 27
4232 2337
5306 2308
5067 2080
4462 1
4242 512
6192 12
4608 2222
4097 944
5676 256
5147 268
4309 1794
4740 1057
5874 268
5162 68
5184 273
4121 1248
7648 18
4360 18
4225 70
5668 448
4353 2096
7392 520
5120 974
5124 410
4416 64
5144 6
5297 1288
6338 1320
4230 2137
4104 608
6184 1809
4160 306
4144 2626
4756 1
4698 2080
4096 144
5540 2122
4417 3588
6400 1066
5066 0
5705 2226
4224 3364
7808 300
5314 2568
4112 2497
4133 136
6790 1121
6929 320
4181 523
5123 1052
4116 3019
4634 2496
4107 2369
6411 644
6476 1697
4441 516
4755 3944
4700 3170
7168 86
6400 90
4196 656
4698 3233
4996 1072
7375 0
6915 16
4650 2112
4744 1075
4098 2093
4196 2952
4370 2784
4678 1024
4160 24
6176 770
4644 1027
4355 1632
6914 1124
4360 3158
7296 300
5378 32
4096 2771
8024 32
4240 2063
4352 3635
4098 2784
7776 133
4134 3329
5798 321
5136 334
7438 80
7614 0
4256 3587
6146 1040
4112 900
7176 1585
5654 2048
6177 146
4096 256
4617 2640
4260 2
6152 518
6313 772
7302 32
7299 4
5252 337
4618 1028
4135 24
4112 1545
4241 3088
5481 6
4615 1616
7426 124
4212 2314
7239 528
5160 500
6656 202
6661 40
4264 3394
6663 64
6165 106
7813 0
4644 385
4721 2182
7680 249
4096 795
5657 2338
6692 9
4625 2248
5768 2321
4896 221
4098 152
4151 840
5184 2306
5040 14
4417 2606
7300 97
4226 2920
4120 259
6310 664
4146 2380
4130 24
6177 1220
5462 3113
4730 2048
7178 0
4096 2562
4099 2052
4242 1029
6189 130
4141 2048
6159 352
5324 3840
4584 516
4616 1191
5219 2836
6212 258
6658 1220
4288 2581
4166 41
4832 3092
5578 1072
6144 1575
4105 672
4608 2346
6180 1218
6442 140
4352 1570
4098 1652
4144 3906
4614 368
5409 2578
6162 361
4352 75
6425 1216
6284 576
4100 1571
5288 257
4368 1700
6170 1313
4532 10
4171 3632
4636 3362
4104 3668
4396 515
5184 2725
4800 2076
4368 1199
6144 3
4156 2113
4097 2224
5540 2561
6424 4
4096 384
6248 1283
4233 3136
4614 152
5761 2892
4297 70
5159 333
7704 1158
4232 341
4233 2052
5633 279
6144 1558
7873 312
7306 353
4272 835
4477 1154
4256 259
6196 1440
5120 2137
4113 3086
5632 2305
5137 2212
6209 1844
4648 1281
5252 834
6148 793
4751 1024
5960 128
6656 1125
4113 608
5125 472
4678 3097
4544 530
4340 3848
4609 1258
4225 2560
6404 75
4164 2434
4096 3553
4644 1027
4108 752
5202 2720
4388 1091
5232 2048
4166 3344
4096 1008
4684 2096
6497 1036
7285 192
4321 784
5284 835
4224 72
5941 136
6182 1792
5323 2048
5444 642
4963 2056
5645 2098
4114 1217
6656 209
4160 24
6536 544
4418 0
4117 802
4384 2690
5776 2060
4362 3073
4224 1658
4808 273
6164 8
6304 1608
6405 1106
5258 2065
4681 3460
6201 1344
4236 2624
4624 3072
4226 609
4365 3840
4624 1024
4128 907
4149 1154
4144 645
7273 260
4106 3989
5376 2102
4996 2064
5777 2048
4875 48
5888 78
7232 560
4120 3106
4360 192
5674 2240
4130 2253
7812 34
5153 328
4404 1088
5760 6
7250 553
6280 64
5140 2625
4098 20
4956 2080
5261 2146
5714 269
7188 34
7888 41
6400 551
6920 162
6312 1554
6025 102
5124 1000
6273 628
7381 1282
6296 773
4130 257
4292 3594
4674 2057
4622 128
5828 35
4227 1812
5236 770
5959 2160
5128 2663
4265 2128
7433 514
4153 1088
4144 1612
7262 417
7690 4
5383 57
6161 170
6200 704
5168 653
6144 765
5377 6
4096 260
4229 560
7200 712
6661 2
7173 416
4412 1353
7201 218
4364 3186
4692 387
4744 1055
7206 328
5136 2570
4642 2304
4132 2944
6153 642
4264 2064
4293 1584
6164 1761
4119 1824
5129 132
4416 147
4122 836
5176 773
4099 288
6934 40
5276 2051
4173 144
4145 3456
4376 1104
4352 2180
4147 1734
4116 1040
6472 1166
5329 4
6184 131
5632 2254
4358 1033
6165 32
6230 1544
7874 263
4888 33
4122 2081
4234 16
4352 2149
4100 1985
4132 2064
4614 2368
4230 0
4580 1536
4100 25
7752 149
7440 1
7545 0
4152 391
4640 23
4304 1839
4102 1136
7979 76
5121 2688
4388 192
6153 3232
4096 1360
7427 8
5456 166
4115 3840
6145 1304
6225 2
7488 695
7813 32
4209 136
6144 1776
4377 6
7524 656
6144 657
4737 282
7907 288
4112 2532
4214 2048
5024 1032
6152 304
7952 64
5520 39
4118 41
6281 82
4929 24
6788 366
4672 3389
7818 296
4776 5
5632 44
5184 20
6152 256
4748 257
4387 772
4677 288
4523 1076
6272 1124
7301 80
5122 2565
5280 73
6144 38
5396 683
5128 2244
6160 1290
4320 1027
7234 912
4546 524
4868 1176
5344 514
4448 1166
4170 545
4740 307
4224 3082
4896 200
5760 72
5094 0
5676 2384
6683 484
6241 668
4522 260
4360 1234
4097 3180
5408 660
4249 2662
4613 1288
5902 129
7426 65
4193 522
6144 1376
4609 1479
5024 2061
4481 536
5675 150
5905 40
4480 1065
5120 82
5152 280
6084 2080
6288 162
4635 1312
6816 321
6914 48
4108 3296
6178 1620
5260 2579
4240 3172
4130 452
6658 33
4096 149
5188 2058
4146 4
4128 1560
4264 3606
5137 2050
4497 3680
4829 256
4515 2128
4622 465
4432 1697
4229 234
4482 64
5128 18
4614 3264
6305 64
6258 1
6672 320
4352 1684
6656 1062
5670 25
4096 1835
4448 14
6688 1232
4480 14
6180 792
6160 262
5121 880
6561 68
4608 2242
6206 0
5120 2788
4096 260
4300 3344
5537 2136
4202 1281
6496 1163
4821 2338
4385 2260
4096 2660
4357 3616
6165 1032
5537 76
6168 1776
4228 321
4608 3334
7374 337
5962 32
4418 1
4100 2088
4134 3072
4140 1043
4682 2176
4480 534
5153 192
7360 3
4327 1024
5176 2436
4776 3393
4945 2154
5194 822
4620 3506
5888 3
5408 2582
4236 2305
4549 18
4224 606
4136 1814
4096 2824
4864 1061
4100 2062
5440 2193
4289 812
4560 292
4869 2048
7244 800
4097 1856
5121 0
4194 2204
4616 19
5396 2600
4136 7
7682 300
6954 0
5428 2112
5186 444
7568 1
4624 320
5492 2562
6240 798
4244 2625
4131 844
5026 2064
4677 32
4625 260
4097 2624
4163 60
5232 2565
4186 256
4136 768
4744 2097
6528 192
6194 192
4120 3810
6278 288
4104 2596
4098 3392
6157 1696
5696 2069
6276 259
4256 2385
4352 559
4194 521
7320 258
4744 3330
4362 68
4096 3112
6152 418
6458 516
4622 2129
4372 40
5649 418
5412 145
4352 1241
6240 156
4800 1808
6340 1024
4996 1216
7208 71
5393 2606
4112 365
6152 370
6185 2
4113 1290
6149 256
4977 3074
4162 825
7274 129
4096 107
5178 2112
4112 2240
4611 1296
6148 1082
4195 24
4166 2721
6697 132
4096 2518
5168 324
4100 64
4481 1082
6152 1088
6216 129
4488 2567
5280 2072
4637 3072
4524 3136
7522 668
6466 1072
4160 2594
6504 1046
5250 636
6346 284
7936 206
6470 1081
4352 2562
5635 2352
4628 1
5432 514
4152 2638
4150 1608
4548 2576
7216 709
5776 2376
4658 132
4547 2092
5764 65
4588 3074
5942 3
5392 2
5409 2196
6656 311
4309 778
4800 1
5378 204
6145 1452
4240 77
5430 64
5656 130
4692 2434
4225 512
4148 2074
4139 4
4368 2593
6468 513
4362 1156
4116 1664
6320 576
6514 9
5128 548
6336 780
5648 2051
4403 648
6661 304
6144 1290
4144 398
6264 256
4681 2
6160 1032
5008 3
4614 2401
4360 128
5421 640
5173 2562
4096 2620
4864 210
5636 2370
4134 2568
4102 3273
4376 1538
4488 3076
5905 34
7170 16
6964 649
6273 0
4182 584
4612 82
4153 2758
5241 2
4306 2565
4096 2434
5605 104
6339 21
7307 352
5067 52
7201 148
6928 1027
4288 36
7312 616
4096 1091
5689 448
4940 144
4368 384
7308 609
4488 2128
4104 1266
4292 2410
4096 3792
4486 3072
5809 68
5420 2624
6208 9
4132 1554
4232 2083
4609 1392
7478 0
6710 2176
4365 3088
5140 2626
5227 512
4122 1540
6162 325
4194 2308
4225 516
4448 131
5193 32
4102 0
4400 200
4234 2304
4608 3376
4557 2080
6785 1106
4494 2576
5136 524
4672 305
6208 1420
4688 141
5764 2081
4228 18
5122 992
4359 3072
5930 193
4388 65
5309 10
5304 10
6163 1028
4227 120
5428 2120
4097 444
4676 3104
4097 1262
4656 1173
5120 977
6080 2050
4112 2126
4768 2057
5792 476
4100 2482
4280 2561
4130 576
6400 1740
5098 1024
4132 1176
4097 2940
4268 3076
4360 54
4864 111
6272 32
4144 32
7188 480
7312 98
5192 929
7520 654
4656 3104
5632 104
4684 3201
6666 1028
6380 2
4101 1906
4192 2971
6348 256
4272 67
6728 1282
6341 0
6784 268
5156 2576
4227 512
4164 34
6424 32
5636 123
4397 578
5259 2148
4198 1024
4105 1024
6249 1174
5632 2438
6976 3488
4483 3120
4624 105
6188 851
4354 601
5137 512
4192 3214
4748 2400
5234 2949
6144 448
6621 514
4504 0
6016 3153
6184 1283
4104 481
4246 353
5120 129
6679 1056
4513 1112
4101 18
4872 2181
4300 305
5131 2228
6204 1153
7808 338
4355 1608
6976 1159
4122 2786
6182 264
5912 194
5123 292
4146 2052
4165 1536
4130 30
6608 1572
4224 1568
7181 8
4195 1536
4998 72
4104 962
6152 550
5136 3456
7281 384
5640 2384
5287 688
4994 36
5505 72
4096 2658
4388 1081
4672 9
5128 1632
4358 1556
6570 1088
4144 1028
6022 2096
4718 209
5402 612
4133 2112
5574 529
4772 1097
6672 467
4651 2176
8064 1
4096 1282
4099 20
4368 2724
5218 2048
5188 2600
6661 1194
5184 129
5152 2385
4288 3586
5708 2209
4100 3753
4609 3104
6528 264
4352 1067
6164 416
4481 544
4682 3108
6204 1091
5224 261
4356 2147
4420 3216
4098 1360
5490 648
5121 368
4610 216
4698 1413
4744 47
4256 2627
4160 2098
4512 1024
4958 3104
4275 2892
4172 512
5125 40
4134 217
5248 544
6670 1059
4387 94
4144 770
5384 2087
6419 172
4376 134
4162 781
5125 304
4224 3860
4648 452
4302 529
5352 1044
7425 52
5063 33
4682 1409
6154 316
5129 2400
5200 290
4356 3819
4616 1056
6145 1428
5252 563
6272 45
4097 2440
6658 88
6242 1288
5152 467
4688 2440
4673 2220
6176 592
7218 652
7864 385
5896 3104
6656 1456
4186 1184
4176 1284
6984 16
6529 610
6289 1576
5376 410
5664 276
5191 56
6340 8
4196 2050
5513 112
5632 2487
4419 0
6468 40
4496 105
4116 2626
6401 1092
5138 256
4104 643
5187 392
5028 29
6686 3553
5673 150
4229 56
5121 3728
4523 2049
6548 1033
4436 1192
6416 1261
4408 2115
4192 2694
4637 2082
6596 3
6338 1056
4098 3076
6228 393
7216 68
5252 457
4256 84
4930 2213
5842 2132
4162 1552
4512 1032
8082 32
4164 2825
5324 320
4544 528
4241 1134
6657 284
4097 276
6690 464
5680 2117
6723 8
4113 2050
4300 19
5384 230
6145 1046
6468 32
4401 1094
5922 1226
5249 2278
5656 160
7296 40
7186 489
6535 256
4224 2577
4291 552
4144 2314
4160 18
4736 1027
6722 1469
4132 2945
6952 1107
4113 1377
7172 577
4903 2184
4836 1304
4611 40
6144 1348
4099 940
5381 642
4377 36
4236 593
4096 2312
4482 2133
5696 290
5381 2626
4208 3214
6432 1537
6821 82
4128 513
4120 3587
6672 269
6789 1136
4148 2371
7063 0
6912 90
5761 2116
4229 2636
4941 2048
6176 342
4192 14
4752 2118
5150 512
6221 1283
4224 20
4104 1429
4270 3856
4499 3584
4756 3081
5504 2060
4520 7
6144 1280
4128 908
4752 1313
6186 832
5572 24
5639 2400
4098 668
4640 5
4133 1860
5834 289
5185 274
7552 70
4224 1098
4308 3336
8002 8
4113 454
4240 14
4481 1594
5098 1
4257 2382
4302 257
4400 2248
4369 2240
6240 1029
6160 769
4236 611
4372 640
4625 2186
4256 3163
4331 1552
4258 1048
6144 1060
4608 1319
4098 308
5248 2130
4896 1028
7742 384
6434 1716
4165 272
4832 1288
6658 1217
4156 3
4608 483
4115 2012
4152 2176
5540 2089
4489 2646
5404 161
5396 4
6994 128
6252 1024
4100 1552
4168 1314
4224 2048
4104 3862
5089 4
6659 12
4966 1049
7840 20
6936 1188
6410 36
4708 128
4166 512
6384 1283
6930 33
4889 66
4610 1063
4160 2064
5776 2402
4380 1
4788 3080
4290 2560
7248 645
5524 32
5134 257
7512 705
4160 3430
4810 3364
4171 1604
5411 2248
7330 521
4144 265
4880 2049
5249 624
6307 1868
4185 512
6214 1032
4262 2844
5573 1584
5441 32
4481 3168
4768 3330
6243 16
5137 4
4133 2410
6368 1053
4294 808
4112 2048
4622 3408
5131 2916
4164 384
7552 597
4616 343
5184 286
4867 80
6145 600
4100 2442
4620 257
5126 2505
4290 1824
4661 1408
5228 2336
4808 3126
4637 1344
5411 68
6680 1349
4868 48
4216 2051
7169 42
4352 1560
4385 40
4416 8
4374 2152
7944 116
4096 334
4311 32
5204 10
4108 3008
4112 930
6144 1540
5128 34
4657 40
4496 1184
4558 1
4610 1305
4696 260
4993 0
6725 18
4752 3373
4676 2306
4868 1130
7300 328
4871 1032
4561 4
5654 9
5776 76
6664 2338
4272 1032
5134 2065
4368 2245
4113 996
4587 1540
4513 3670
5658 389
4224 2900
4256 76
7234 37
5277 2368
4164 2587
5120 2304
7177 180
6722 132
6340 0
5409 192
4423 16
4112 3040
4352 2150
4232 257
4180 3368
4773 3138
4626 3469
4352 1635
5862 2065
4737 3106
4188 417
4745 1074
4614 8
4297 820
4307 1548
4632 3
6400 1827
4168 3329
5120 929
6018 2153
4656 3470
4609 2152
4855 1280
5199 944
5164 2131
5284 649
4436 3113
5923 2072
5481 68
5128 2532
7176 902
6148 963
6856 36
5268 2355
4257 2562
6253 1792
4161 1580
4544 2576
4352 555
6337 1815
7205 2
4181 2562
4756 8
4308 3841
5794 2380
5272 2308
5248 2382
4212 1032
6528 144
6314 853
4352 583
7249 36
4848 1156
7200 863
5776 1088
6348 1314
7168 32
4100 1801
4299 1284
5812 2312
4929 146
6522 129
5459 2084
4232 1536
7552 8
6913 1180
4422 656
8048 0
7192 770
6405 1680
6208 258
4368 1190
6049 18
4165 776
6328 323
6214 665
5282 2880
4133 3592
5380 2121
4100 2193
7176 641
4149 842
6564 1
5140 2048
4764 2336
4362 225
5200 1
5120 2194
6272 1645
5856 2048
5121 2698
4948 2219
5488 8
4493 2080
7314 833
4420 48
6401 112
5380 114
5140 2080
6193 1216
4725 3072
6193 522
6944 1180
6675 1352
4466 640
4834 1296
6673 0
4980 136
6568 530
4908 1040
4118 2944
4642 2445
4232 1075
6166 800
6164 1024
4249 1572
6933 226
5134 3008
4320 2562
5552 576
4260 2129
6992 1066
7701 2112
5157 2520
4096 1562
4144 716
5513 1600
7240 641
7200 528
4613 288
5136 973
4290 1577
5696 387
5220 384
4225 3136
4641 1024
7904 24
4100 378
7821 2112
6056 66
4106 3921
6568 535
7681 7
4158 768
4684 1280
6753 2
5404 33
5962 1
7728 386
5377 16
4480 612
7064 98
5250 772
5306 2308
5467 2560
5636 144
6914 164
5444 11
4097 204
4612 2089
4748 2065
4243 3104
4674 3396
4288 2404
4617 1312
4163 1760
6144 614
4096 552
4234 2580
6880 260
7730 204
5184 2560
4704 2432
4106 401
5392 232
4692 2306
4742 1345
4864 2112
4611 3236
6787 2328
4352 29
6149 1874
4110 3488
6172 32
5132 2195
5362 2305
7212 131
4112 2088
4769 3072
4737 60
4169 1572
4224 1595
4252 2336
6144 526
6536 593
4097 452
6185 4
4888 3201
7368 1331
4168 1040
4388 2051
6168 1344
4427 1572
4240 2145
6872 1
4234 21
6704 335
6148 35
4803 3112
4754 2048
4163 1592
6197 8
4128 704
4229 2136
4353 3052
4192 1547
4157 2176
5650 2088
4258 273
5643 780
7816 5
4490 100
4130 640
4097 2050
4123 1828
4225 3076
4116 2147
4160 1448
4098 2264
4432 512
5920 210
4992 3072
5122 594
4160 2182
6102 1
5132 338
5444 145
6356 1027
4117 2890
5188 2
5296 320
5384 18
7425 574
7296 96
4416 1068
4232 2
7544 65
4360 19
7682 144
4161 2104
5658 353
4352 168
6153 96
5186 428
5924 218
6209 532
4113 1168
6402 1060
6465 568
4225 1376
7744 2090
4184 1154
6664 1047
5663 1216
4849 1032
6678 1193
4204 1536
4144 773
4099 380
4352 2300
4096 3381
5266 512
6944 69
4232 3
4104 2052
5300 776
4281 1792
4106 2064
5523 76
4228 328
4164 2441
4747 2340
5384 130
4372 1058
7760 1284
4498 3176
4370 2696
4248 4
5475 8
4194 2952
7426 540
4424 67
4612 16
4275 1600
5504 4
6144 78
6756 1043
4368 1780
4164 1058
4884 1096
4294 97
7428 522
5250 520
6700 256
4096 276
5248 2063
4098 1381
4358 40
6430 48
4176 13
5142 425
4616 130
4229 1896
6208 531
4419 2212
4369 2052
4168 2064
4416 3202
5844 257
4260 65
6916 75
5920 2241
5897 38
5396 160
4289 48
4112 1408
4266 2564
4932 3089
4681 1280
5708 256
5125 65
4118 3009
6314 1877
4097 2440
4416 1572
4400 646
6400 1026
5120 57
4101 2128
5124 176
4133 1216
5248 843
4166 1560
6577 513
5266 3845
7254 416
6120 2050
4385 1092
4756 323
4162 3336
4209 3072
5122 76
5387 20
4618 2453
6165 1442
5392 267
4673 1030
4129 1232
6306 1036
4096 3459
5697 8
5888 2090
5253 2082
5333 544
7466 144
5133 512
6152 1556
5264 2305
5136 736
4301 1072
4384 3086
7202 73
4099 404
6144 1162
5189 288
5515 2132
4916 136
8064 1140
4105 512
4592 1027
5412 2632
5520 8
4869 34
4368 1029
4241 104
5254 8
4109 3632
4658 64
5153 260
5953 128
4308 512
5705 256
6226 36
5264 11
4886 8
4545 1536
4288 2562
6892 16
6144 1736
4936 1190
5344 2074
6150 768
4890 3108
7175 608
4944 3111
4188 1792
5640 8
4104 1043
4112 261
6210 1340
4204 3
4468 640
5224 2053
4098 3589
4225 3168
4674 2570
4096 17
4306 2329
4608 388
6856 1111
7168 355
4226 1360
4451 664
5748 2
5185 128
4672 1157
5548 66
4644 280
4325 272
4608 77
4481 3136
5648 226
4173 2
5190 537
4378 1540
4800 58
5377 2192
4097 844
5120 2328
4186 769
6195 8
4246 8
4224 3593
6208 1325
5544 66
5523 4
7744 273
4101 3264
4166 2440
4217 1408
7600 532
6185 1298
4362 1169
4240 202
7730 0
6208 52
6144 83
4304 41
6945 1178
5152 146
4145 1100
4614 321
6240 11
6048 2073
4610 1168
4105 1170
5329 2062
4419 28
7232 2447
4096 1033
6404 132
5254 578
6400 1271
4224 1355
4103 32
6368 13
5120 2069
7314 105
4625 3144
6448 10
4563 3596
4786 4
4358 2737
4544 1077
4257 528
4187 176
4620 2099
4178 1289
5376 2612
5489 642
4738 3153
5120 540
4620 96
4386 2060
4835 3088
4809 1060
4647 1096
4101 2320
4173 418
4364 1137
5633 770
6530 1029
7717 474
6668 67
5664 2178
5124 2321
4754 98
5376 146
4161 16
5342 32
6788 320
4170 2176
4150 1664
6424 1667
4184 273
4633 0
4108 2304
6233 1696
4352 1260
5193 2858
4231 600
4496 2628
4360 1120
5507 2068
4360 1074
6147 1792
4404 2560
6209 32
6415 208
4386 3652
4160 2067
4904 1
7232 619
6691 144
6698 3408
5419 4
5120 802
4500 2601
6210 1545
4113 2476
4362 3152
4776 275
4353 2760
6291 1284
6400 145
6282 321
7427 548
4226 512
4646 3272
4210 2185
4165 1536
4400 74
4416 2053
4121 3202
6773 1034
5522 2092
6405 34
5840 300
5120 2200
7188 2945
4368 3628
4964 1152
4416 2072
4138 272
4272 1
7201 592
4136 3
6176 1031
6267 132
5125 3744
4369 132
4657 1088
7844 289
5248 2122
5349 2304
4411 1152
7552 338
4369 2050
7248 161
4365 2678
6284 515
6400 73
5376 194
4098 2784
7220 2
4169 1540
5931 132
4397 1216
4135 320
6338 1060
7467 4
5120 256
4916 1042
5546 2577
7972 154
4632 3268
5761 1320
6960 3
4682 277
6275 312
4449 1664
4370 1036
4453 10
5144 227
7937 164
6408 688
4648 384
6419 1672
5388 1
4176 933
4375 546
7555 12
7876 2
7187 1060
5480 658
5264 2120
5655 160
6206 768
4177 320
4870 3256
5193 148
4228 2576
5121 808
4750 3393
4776 1
5405 2592
4872 3329
6728 1076
4864 2195
5632 2961
4245 872
4640 1104
4738 2336
4616 1074
4100 3936
4120 133
5636 73
7288 129
4131 3336
4172 3841
4386 128
4196 792
6145 628
6449 130
5904 2216
4227 2064
4560 44
5408 1553
4864 2069
6205 0
4611 1166
4099 2504
4116 11
5282 328
4464 3086
5298 513
6960 11
4192 2710
5952 2216
6464 178
4388 664
5121 472
5075 1032
5288 340
4100 1288
6732 416
4180 3882
5925 2112
6722 1053
7446 513
4226 3395
4808 272
4096 1325
5144 704
5632 2049
4751 1312
5700 2323
4136 1044
4244 1025
5254 616
5760 2064
4208 385
4356 2218
5410 4
4100 3922
5457 646
4238 593
4134 2720
4672 163
4161 2184
7440 64
4160 3112
7905 280
6182 1609
4235 512
4138 2112
5146 2148
4357 0
5272 2049
6530 32
6272 601
4198 2057
4105 2052
4416 1171
4621 3072
5512 2053
4774 80
4882 3073
4256 3333
4128 643
4200 21
4114 288
7042 2345
5452 2083
5130 577
4508 2082
4232 2112
6445 1040
5296 2886
5506 24
4355 8
4848 8
5123 276
4624 1030
7430 680
5280 73
4141 338
5249 86
4102 1564
4608 2832
5888 2115
6408 176
4484 3138
4352 3150
7222 192
4096 5
4611 3408
4769 1368
5456 35
4112 1316
4098 201
5761 40
4288 1319
4289 1290
7180 19
5431 200
6796 1075
4114 2180
4214 1801
6151 1312
6211 140
6454 72
5152 2060
4185 2692
4611 272
4288 525
4432 45
4664 129
4205 3584
4138 1428
5008 1028
4134 3776
5346 2820
5124 225
4425 2732
7785 272
6528 1275
4196 8
6160 1001
6678 200
7252 162
6400 252
4099 2048
4628 2112
6515 520
5192 2387
5156 2121
6023 2120
4294 2065
4363 3604
4618 164
6400 1740
4754 1280
4692 2176
5248 2595
7746 37
5636 66
4160 2079
5762 12
5504 2601
6368 776
4172 656
4624 104
4996 1026
6149 1416
7232 24
6400 1122
7184 257
6144 855
4637 34
4258 2305
5131 2432
6488 515
4100 2586
6656 1089
4204 2342
4161 1666
4121 2976
4608 3139
5649 558
5664 2184
4096 32
6953 82
4360 2592
4354 3633
4108 640
5763 13
4487 592
7817 82
4129 148
7426 573
6248 134
5665 2052
4506 3168
5906 2049
4294 1808
6186 197
6732 161
5258 65
4514 2132
5248 2648
5520 520
4371 524
6150 1377
5536 520
5392 2247
4352 154
4865 30
4611 140
6152 324
6160 1155
4108 2096
5154 201
6492 1664
77 13312
240 13312
1 12834
64 14345
274 13348
266 15888
5 12434
72 15844
769 15364
1802 12352
13 14854
37 12368
274 15561
272 15395
136 12836
1062 12864
656 12588
72 12545
1169 12300
1298 12840
6 14416
2108 12931
1588 12481
2083 12444
313 13442
1399 14856
372 12419
32 12352
3881 13888
0 16198
3585 12374
2679 13704
2218 12816
2144 13960
584 12320
2584 12483
1320 14465
1025 12416
1281 12428
3072 12804
2664 12816
2969 12288
515 12420
22 13472
1491 14850
289 12866
1 12492
340 15362
594 12588
1066 12369
2181 13832
273 13344
3704 12422
18 12864
4 14512
25 14018
2118 12711
1157 14344
228 14609
2322 12324
293 12352
1041 14400
2089 13636
259 12872
82 15901
824 14404
209 16128
2065 13380
1596 12424
8 14112
2084 13898
290 15365
2048 13892
3648 12321
136 14096
3541 12322
256 13921
1047 14592
386 12804
288 16200
3133 12928
1465 14406
2140 14080
279 12840
354 12800
1552 14625
904 12289
2585 12608
812 14352
1074 12416
576 12416
1030 13160
260 12347
75 15008
464 14372
2580 12291
386 12816
1793 12438
32 15554
320 12824
1032 14785
1162 13600
2058 13622
1355 15008
290 16004
3087 12848
2176 14161
1298 14477
2208 12365
789 12296
968 14370
784 15488
176 13318
641 14436
2816 13385
2087 13968
513 12714
264 16099
30 16065
136 14914
68 12816
785 14508
553 13762
448 15410
3352 12868
3390 12929
91 12288
68 12938
1080 12292
644 12322
770 12488
2208 12548
2129 13444
12 14114
97 14576
2704 13325
241 16140
289 13840
2080 12482
1550 12592
428 12867
2241 12326
1039 13024
1346 15268
9 13701
2571 13396
1024 13065
278 15552
4 14913
369 12290
672 12361
1690 12608
144 12322
164 14360
642 13321
1792 12305
2115 12388
1251 12304
1040 15104
3488 12363
256 12468
3 15628
649 13472
3100 12288
258 12305
2048 12392
70 12857
35 12616
554 12673
260 12992
0 13843
1032 14339
210 13316
2340 12873
512 14600
16 12832
9 14656
2092 12353
2490 12864
1082 12996
2321 12832
534 14337
514 12468
64 13475
0 15016
4 12363
3529 12800
1419 12352
81 15656
1029 15186
208 12902
292 13460
2121 13096
19 15232
2323 12481
3653 12288
722 12325
0 15428
1162 15904
834 13360
264 12294
2304 13900
2326 12289
2060 12688
2352 13445
1288 12452
0 14996
925 12320
513 14338
3428 12290
544 13505
266 14480
145 13256
14 13472
1028 12880
240 13320
674 12305
2816 13509
2116 12939
578 14348
87 15624
2337 13010
256 12312
2178 14204
64 15000
514 13313
1606 14624
352 12289
4 15969
656 13578
15 14628
2180 13072
1200 12354
2304 12533
2724 13330
1155 14336
1994 12321
429 12304
1616 12329
530 13453
2312 13315
3349 12330
165 14608
986 14369
1088 14339
2066 12937
552 12292
82 12928
1 12692
2176 13588
2768 13353
72 13968
3 12372
1608 12580
5 14562
1217 14868
2150 13456
4 12386
16 16289
66 15012
1154 13072
278 14337
7 12608
258 15453
2052 12480
1026 14657
176 15170
2348 12290
101 12830
1704 14357
168 15472
784 12387
1046 14880
515 15568
712 12342
0 12420
522 15072
522 14804
1284 14435
258 15072
1490 12801
264 13491
14 13392
1045 12504
422 12368
138 13124
2057 13392
234 12560
48 13831
128 14101
640 13320
323 14384
515 14640
1798 14336
2632 14352
952 12550
1369 12482
2584 12544
2430 12801
795 14404
224 12821
1297 14538
2168 12293
24 16193
3120 12488
2180 12331
848 13314
772 15362
456 12291
2392 12320
3392 12336
422 13312
1808 14348
290 14864
2312 13362
4 14496
2704 13569
1800 12454
368 15494
2068 13355
0 12337
1042 14345
1077 12608
2113 13334
1026 12373
9 12768
1296 14980
131 12432
3584 12500
1280 14856
0 12361
1312 12432
2232 13068
33 13138
960 12320
816 13512
2249 12582
1748 14376
1027 12544
2050 13541
1264 14082
17 12878
1220 14346
3 14050
3144 12549
36 12945
10 13188
3020 12291
3459 12392
1578 14596
2068 12587
2072 12455
516 12290
128 12873
272 12448
2314 12929
273 13856
2605 13568
1325 12944
2048 13159
11 16224
569 12546
284 14464
1128 13072
22 15425
2360 13440
365 14848
3712 12593
1280 13013
1443 12292
1606 14592
2120 13476
0 14634
8 13346
1033 12564
2060 12963
1348 12434
45 13394
1056 15067
2058 13953
384 15599
2626 13077
1 14932
259 14376
2048 14282
536 13525
2340 12498
1125 14592
2166 12929
1410 12901
324 12421
913 14340
1564 14402
3141 12690
16 13577
1056 13315
128 12625
34 13582
0 14464
2089 12612
36 12816
2403 12810
161 15644
2085 13000
2056 12656
2744 12353
3393 12334
1455 14336
25 13216
176 14338
163 12364
2304 12949
1031 12432
1537 14413
3608 12721
2050 13389
1058 14600
1480 14464
188 12353
2087 12808
264 12992
0 16068
1680 14346
589 13312
1320 12305
1024 14509
22 15424
67 15104
515 13648
1089 12418
2569 15746
44 14528
1162 12289
130 12580
1538 12484
58 14661
1040 12288
116 12416
1029 13098
2050 12745
612 15385
144 13826
37 12300
1280 12360
652 13568
384 15908
4 12570
385 12864
323 12304
34 15133
624 12290
1096 14352
2071 12624
176 12363
360 15888
2896 13323
288 14485
289 13382
3218 12648
2305 12316
1344 12812
1538 12501
3745 12562
2113 12598
48 14164
296 13312
912 12363
2954 12288
1089 12940
3584 12588
1037 13026
1621 14336
20 14858
3200 12322
3464 12308
2880 13484
81 13832
1187 12560
96 13451
2064 14998
656 13672
588 15536
1092 14625
17 13480
72 13348
2688 12359
2088 13633
2876 13329
2216 14160
132 15643
236 12304
1024 14342
34 14425
64 13626
1037 13072
2051 13160
769 13472
2181 12354
3366 12825
1280 12456
28 13440
2056 14177
1362 14496
2178 13884
1553 12358
2049 13216
1536 12610
2048 12856
1 15302
1120 14999
48 12352
3240 12418
368 15400
2056 13026
2080 13013
553 12480
288 13513
2133 13355
210 14889
2720 12290
2113 12550
80 13826
261 13888
3108 12304
12 15042
2208 13593
298 15552
579 12288
2115 13368
293 14914
1537 12310
2680 12289
2052 12512
1124 13521
1025 12696
784 12389
1057 14342
264 13478
1024 12790
1032 14849
2568 13554
35 13320
21 13600
1642 12433
1280 12376
545 12352
2146 12424
169 14864
1108 12803
3586 12620
1032 14865
388 15939
2208 14096
3 15024
289 15494
133 12888
292 12288
3112 13056
116 14080
813 15490
721 14606
512 12629
130 12648
0 14553
2826 12336
2054 13560
3364 12290
2080 14217
1602 12436
273 16044
1066 13040
64 13910
516 13562
2578 12609
1280 12330
2587 12480
3105 12690
84 14242
742 12568
516 13569
1027 12624
1188 12306
707 12324
1317 14482
8 13509
641 12584
503 12296
328 13444
2561 13689
530 12520
2816 12330
1192 12290
2180 12547
1434 14400
2204 13890
301 13968
448 13352
837 12288
3428 12427
1988 12569
1024 12321
1 14148
3136 13473
1024 15084
2250 12340
564 12297
1024 12702
240 14342
76 15376
322 14856
512 13667
1024 13527
48 15558
3224 12548
3 14816
32 13056
1208 14407
32 12952
1227 12592
3689 12546
2054 13153
394 14369
2851 12352
69 14744
2061 13072
103 16142
672 12296
1033 13008
256 12302
51 14016
1033 12290
514 14516
640 13585
346 13312
57 15872
8 15191
340 12416
524 15554
800 13458
3 15488
260 13353
1 13760
228 15122
1567 14656
2120 13058
2170 13696
1024 13192
2093 13392
650 14372
2280 13957
130 14697
16 15713
1537 14522
3844 12344
256 14452
3072 13063
44 14418
4 13720
182 14361
717 12288
256 12379
1249 14340
2052 13177
64 13728
0 14493
582 14721
1024 13217
408 15875
145 14082
1392 12426
256 15474
79 13440
614 13312
2304 12802
1 12440
1792 14384
2063 12624
2060 13153
422 14344
2594 13596
324 13464
524 13385
2845 12480
1172 12330
69 14368
1068 12816
264 14452
112 13442
3592 12291
328 12293
1568 12356
1578 14352
26 14624
394 13905
2184 12292
9 13158
208 13864
672 12484
136 13908
1284 14412
213 15880
1024 12475
969 13360
740 14358
520 14551
51 13444
2121 12294
3340 12482
160 12326
1044 15392
2 13321
128 15374
3348 12866
801 14532
2816 13834
52 15296
2356 13960
2343 13456
2048 12839
3680 12417
585 12416
1 15628
1026 14477
10 15408
790 13315
308 14410
408 14945
3464 12390
1028 12801
1797 12448
76 12289
2200 13859
554 13585
129 12892
1554 14496
256 13341
883 13313
9 15072
2077 13440
3162 12976
519 13472
858 12293
1282 15880
1286 14984
2308 12970
33 12310
72 14849
803 13328
28 13313
156 13312
262 12416
96 12304
3291 12292
3072 12432
577 15618
3948 12288
129 13832
1316 14576
168 13057
970 15424
2052 12394
8 14672
64 15536
73 12323
232 12544
274 13540
72 13699
2214 12624
3104 12816
3728 13634
212 13320
266 12308
284 12866
2372 13472
0 16046
1920 14434
3217 12676
331 14352
194 12812
1535 12800
2177 13100
2402 12305
688 12302
800 12937
1674 12289
1152 13169
3076 12523
1056 14475
10 12580
294 12352
1 13716
1043 12840
2120 12949
546 13708
1112 14598
1112 12834
1608 12291
109 12928
3073 13208
2308 13017
714 12544
2054 12608
2372 12416
1168 14593
2629 12730
81 12814
4 14081
1160 12867
18 13572
2068 12553
48 14084
128 12567
3622 13129
3456 12313
3584 12384
2 12613
312 13344
34 12353
2176 12363
209 14882
1124 14745
2385 13480
2314 12468
2081 13966
259 12292
256 15546
1024 15149
556 12434
1024 12849
1602 14628
520 12386
1283 12292
438 12288
324 12817
1425 14338
584 13365
2178 13345
2721 12630
2052 12465
3082 12416
1035 12480
0 14322
2881 13498
608 12288
568 12356
256 12492
176 14632
165 13394
2497 13314
340 13473
3288 12546
3610 12481
3265 12566
1073 12290
2472 12883
34 12561
1058 12813
306 15360
2064 12418
140 13312
3393 12300
1187 14608
2101 13712
130 13316
32 15877
3111 12873
984 13318
66 13088
642 14648
2067 13704
1055 12832
1291 14416
2056 12834
3430 12312
488 15360
2192 12354
10 14352
1356 12979
104 12293
1379 12944
1200 12357
582 14344
128 14952
849 13312
242 13057
1067 14352
384 12322
0 13060
12 13968
1414 12808
448 13344
144 12288
1102 13056
832 13314
2416 12290
1121 14730
0 14001
1316 14872
2200 13668
2186 13664
2816 12290
3680 12568
260 14976
131 13376
1194 14401
2696 12306
336 15362
2112 13833
3858 12437
1058 12292
668 12514
18 12549
930 13320
3092 13056
1168 12328
2088 13312
16 12835
408 12390
3205 12562
2360 13888
82 14468
708 13576
2084 12546
504 15360
407 12320
1536 12357
648 14592
264 14354
522 12676
49 13312
2081 13440
1160 14852
2841 13320
256 15526
1188 14593
528 12641
51 12864
386 15889
1392 13837
564 12672
768 12528
132 13060
402 14408
1280 14518
2336 12447
1116 12417
226 12592
3143 12680
9 13479
649 12592
396 13522
2689 12344
3203 12812
148 15656
64 15622
2311 13408
2632 12305
1124 12560
526 12320
2257 13314
3093 12320
260 12968
512 13768
1750 12320
32 14938
965 14394
1110 12296
585 15558
1161 12304
2051 13932
12 13312
336 12417
3076 13144
2689 12294
1600 12673
528 12608
552 13444
2736 12352
2560 12689
2145 14210
2132 12328
128 14337
4 15144
1330 14856
1301 12874
3220 12874
19 14368
40 15040
17 13090
278 12320
1344 12430
1538 12580
460 13616
257 14474
96 14614
3332 12312
2080 12834
43 13410
1536 15696
1664 12320
1633 12416
1873 14474
1473 15136
105 12804
1092 14624
1809 15502
618 12560
232 12546
1157 14496
1280 14368
292 12874
1602 12685
14 15872
258 13440
2080 13600
1539 14344
256 15100
3159 12840
836 12305
2070 12416
1064 12738
96 12814
138 13937
3844 12353
528 13472
1792 14415
829 12288
384 14882
2947 12404
1 13570
1280 12464
1522 12288
106 13968
704 12293
3266 12345
1234 14336
192 12818
200 12340
2112 13594
1792 14418
2118 12345
3160 12833
386 13856
1106 14341
3666 12544
257 13380
16 14698
80 15527
290 14405
2111 12416
424 13392
3140 12433
300 14977
1110 12296
13 13570
2117 12544
680 12290
417 15886
2048 12532
192 12328
44 13072
536 15846
945 14340
2436 12819
3477 12320
544 12696
1686 12553
1 14614
2596 12298
3600 12684
2977 13312
15 14370
3136 12291
2992 12358
1025 13114
980 15496
705 13320
200 14336
3718 12808
64 13339
2312 12932
1800 12485
1106 14721
2080 13200
26 13312
516 13592
3668 12587
973 14354
1024 14430
169 13378
372 13352
81 14592
0 15277
73 12708
329 12800
2648 14336
3332 13930
816 12431
1664 12305
645 12368
1664 12335
2576 12604
563 13728
386 12352
428 14403
2066 12984
49 13056
14 13169
450 12312
1826 12289
2596 12681
1610 12724
2738 12289
2118 12296
2304 13888
1064 16160
8 13600
67 12420
1056 16287
1676 14448
1296 14945
834 12832
1280 12693
128 12865
280 12288
3208 13009
152 13088
547 15568
2208 13126
592 14338
1040 12580
144 13124
17 12974
1033 12870
1541 12570
2880 12354
65 12332
2152 12804
296 12359
3073 12614
2313 12480
1 15046
20 16161
322 13489
896 14409
2208 13057
1603 12324
528 14433
2060 13696
2332 12291
832 13442
520 12737
900 12370
3585 12316
3242 12288
641 13674
52 12936
2133 12546
64 12930
2108 13633
320 13458
257 12316
3092 12611
1040 13258
1 14908
1031 12712
580 14721
516 14698
2057 13250
1360 14493
654 13697
2203 13920
0 12807
4004 12304
2336 12824
1024 13156
1441 12880
844 14464
16 16165
2306 12804
2692 13682
32 12996
2564 12483
2560 13582
3146 12324
450 12860
904 14402
125 13570
2084 13192
146 14409
2080 14208
2316 12576
64 14129
2065 13898
836 13336
514 13829
396 13312
465 14353
512 15702
2304 13377
2628 13200
2082 13461
1282 12288
512 12738
193 13884
616 16153
464 13829
3856 12517
3346 12324
65 12712
0 12484
4 12898
257 12314
1313 12308
136 14818
310 12424
264 15093
1 14610
1024 13890
2434 12896
515 13364
2948 12297
257 14884
3610 12640
256 13850
642 13349
258 13824
2824 14464
587 12288
2082 12429
1109 13736
3373 12290
3364 12432
832 12436
3210 12352
544 14036
1290 14852
1028 14880
1177 12292
1024 12292
1795 14400
1155 12648
824 14466
3360 12444
3 12368
25 13568
512 13444
3592 12306
616 13188
2820 13831
545 12480
16 12512
211 15232
25 14914
1546 12372
3137 12808
56 14787
40 14336
1041 15112
345 15506
1024 13205
768 12470
2082 12293
2072 14272
2084 13704
904 13410
1298 12936
1025 12934
148 12832
13 13760
12 15347
3112 12354
2186 13633
2644 13442
1892 12288
2586 12417
518 12720
411 16132
322 15513
2158 12804
514 13472
1504 12288
260 15058
33 15368
132 14345
387 14892
2050 12305
64 12686
773 14416
456 15872
64 13952
169 13328
1064 12308
384 13870
408 14854
2836 12328
1248 12308
2091 12821
0 14477
76 16050
325 12320
0 14603
529 14632
2880 12308
2062 13600
480 12372
1281 13830
2049 13192
705 13578
785 13324
36 13466
514 13521
2139 13312
2384 13966
657 12356
2522 12820
76 13953
532 15530
0 13576
70 15648
1056 13074
2087 12880
2176 12374
1281 15014
2436 12296
1032 12929
1795 12376
440 14150
2131 12804
3089 12556
2016 12289
3298 13084
2774 12544
2048 13466
8 13120
501 14346
3346 12416
2432 13824
3712 14373
1556 14817
144 12906
1096 14848
1586 13184
202 14096
306 13901
324 13322
172 14400
97 14338
1409 12384
2146 13324
256 13454
2068 12931
3592 12662
165 15882
2126 12305
1792 12487
3674 12452
1746 12596
129 13390
128 15160
24 14433
1296 12332
2068 13955
512 15431
534 12481
516 12563
50 13569
130 15477
1096 13090
593 12426
2884 12441
2593 13330
3146 13201
3360 12944
2560 14016
640 12299
0 14216
1602 14349
2724 12546
16 14856
2604 12433
2337 13322
1816 15046
512 14592
2192 13890
2048 12448
1296 12811
97 12291
1049 13088
657 13570
56 12294
1536 14674
160 14094
2160 12424
3400 14498
3844 12328
1681 14658
1114 12676
1038 14401
0 14722
1664 14702
2056 12694
2880 13349
4052 12322
1121 15244
538 14401
346 15361
16 16268
2063 12320
16 16226
673 14344
808 12432
2083 13516
352 15887
1612 14721
1552 12552
12 16066
1032 12481
3136 13112
8 14353
546 14720
1209 13316
24 13612
581 14476
1636 14480
64 13494
3650 12324
2073 13378
690 15624
129 14360
610 14600
412 12289
2306 13872
1569 12754
576 12553
2 14728
81 15392
1 14368
618 13584
12 14370
42 14400
2564 12561
2568 13446
1 12436
304 12426
612 12297
3396 12323
2824 13462
211 13828
2130 12300
104 15111
2668 12675
2368 12821
1040 15136
168 13058
36 12616
458 14340
104 12418
48 13636
3730 12736
2241 12584
32 12308
3114 13205
330 14992
256 14356
1104 14914
169 14406
401 12300
52 15240
1863 13441
0 13416
2512 13864
2048 12949
96 12931
2504 12336
3341 12448
2048 13505
1810 12397
2368 12961
130 13324
99 12308
800 13333
208 15876
1615 14624
2048 13836
176 15362
1154 13069
1169 13132
2052 13840
265 12384
1677 14386
642 15909
128 15913
327 15928
632 12673
2048 12453
1024 14863
1536 14432
1025 13138
3072 13204
2336 13830
2306 12524
389 13596
11 13632
3214 12305
643 12336
1049 14720
1090 12837
1411 12292
2133 14091
1316 13520
841 15646
32 13377
2834 12320
864 14468
33 14088
34 13185
1101 12288
2081 12434
3080 12295
3098 12288
177 13894
1265 12802
2056 12801
2605 12546
261 14474
16 14287
2081 12690
417 13312
2372 12424
360 14870
1024 14904
2078 12544
1033 14536
532 13313
3 13696
2724 12546
2608 13633
53 12290
136 13112
162 13332
513 13393
17 15430
2192 13889
144 14917
2308 12288
9 12982
3073 12590
520 14388
1280 12298
362 12417
964 15376
1560 12418
804 14424
225 12318
2058 13441
1127 13200
64 15249
2305 12876
20 12834
2833 12328
2690 13312
128 16130
2206 12289
132 12288
3202 12577
1606 12568
1035 14400
3076 12370
66 14464
3136 12565
3328 12376
128 14637
2576 12321
3136 12356
384 13848
2049 12320
0 13654
160 12880
672 12545
801 13448
323 12472
932 14418
2381 12304
3090 13056
1161 12354
685 12288
2456 12352
1024 12355
128 15219
3460 12880
2308 12976
2389 12322
3 15364
424 13317
20 13987
3584 12589
3113 12806
2481 12296
3104 12423
518 12472
3136 12816
2731 12420
515 12724
1089 12834
1104 12808
3400 12340
130 13920
224 14349
316 12354
514 14464
2176 13057
108 12804
36 14168
1465 12800
2125 12288
39 12936
2885 12328
196 14336
514 14340
96 12748
1548 13312
2752 12572
681 12290
1258 14404
266 12289
512 13369
1122 15120
3156 13197
256 15574
2507 12304
1696 12638
3333 12304
64 13490
8 13410
40 15554
1036 13266
513 14702
2072 14690
192 14856
21 15112
529 15494
2203 13060
400 13386
8 13574
248 15104
448 15872
513 12544
548 14528
1 16326
44 14610
808 12294
2314 13040
1088 12305
896 12329
194 12312
1412 12313
128 13160
2242 12808
1333 12418
2866 13324
257 14344
160 16206
2384 12940
0 12440
4 14416
256 15584
74 14997
936 14342
0 16235
1088 13210
11 12420
1569 14470
72 14464
268 13441
3280 14628
666 12292
1088 12600
200 15648
2240 12558
1578 12484
2832 13473
768 13344
801 13324
2560 15665
2049 13270
1162 12401
1064 12496
128 15735
1540 14683
2096 13838
2061 13072
820 14529
1193 12800
3201 12880
1177 13060
1474 14353
1152 12562
2181 13866
256 12320
1206 14921
1 12360
943 13312
140 13363
1328 12297
912 14344
64 13231
384 15392
180 15104
1024 12997
904 12295
2440 13362
2379 13348
956 12305
0 14986
2070 12492
4 14138
2376 13953
25 12960
3076 12994
526 13057
528 12650
4 14664
2561 12288
32 12751
281 13318
806 14424
1024 14370
1031 12384
2048 13763
2 15557
657 15650
641 14452
1056 14407
522 15521
70 16020
2372 12880
0 14386
2048 13163
50 14472
1074 12549
200 12293
129 12354
2054 12825
1 12292
72 14357
418 14864
3221 12384
648 12369
0 16005
1578 12292
1542 13192
1393 12420
2728 13312
264 12435
84 13186
1284 12304
2754 13344
1189 14424
72 14338
2404 13848
1568 12300
76 14355
1922 12580
16 12331
1025 13200
2857 13396
38 13328
21 14984
2069 13128
1440 12378
2076 13251
129 13152
3284 12322
2614 12425
270 14465
2820 13370
3216 12392
1169 12356
470 14977
0 14368
2328 12976
307 14984
1009 12292
1601 14732
261 12897
2177 12846
2116 12936
1025 14944
322 12429
1589 12288
32 14595
1178 14849
68 12314
522 13376
3881 12288
1032 12803
2800 12545
384 12359
2080 12292
594 14476
1108 12672
2065 13988
314 13444
2119 12296
72 13058
1155 14404
324 12331
3080 12647
1216 14360
1494 12812
1938 12292
248 13831
20 15713
48 16131
81 12322
1024 14410
289 12866
644 14659
264 12337
1 12906
1088 12691
1058 13248
2048 13679
300 13376
1816 14341
2316 12896
281 14402
1835 14400
370 15361
65 12426
1856 14338
572 15488
35 12568
658 13312
392 13313
2688 12330
269 12464
2473 13844
1564 12355
2226 12809
1356 12417
600 14593
1068 14915
2690 12744
3624 13588
2232 13826
36 12929
2573 13650
6 15136
138 14341
160 15109
2048 12826
1041 14374
64 12565
204 12800
3347 12836
816 12292
3236 12544
32 12638
544 12887
260 12873
3664 12544
3482 12288
328 14850
1153 14362
1888 14478
160 15946
24 13570
1440 12299
2403 12812
80 14464
3393 12322
168 12368
2821 13378
2432 12292
719 13344
1088 12812
289 14854
12 15745
8 12804
50 13505
112 13837
2598 12316
3476 12321
65 12802
1096 12544
2344 12805
1922 14348
144 13314
3143 12672
2833 12426
41 12562
2482 13316
3330 13336
2697 12624
521 12596
3074 13140
348 12675
66 14496
294 13312
35 14860
98 13972
264 16018
264 12342
2200 12775
2076 13922
772 14395
530 14184
688 14596
96 13839
516 14497
273 14444
2 12865
2308 12888
324 13849
99 12296
1440 14924
654 13313
113 12304
212 14370
2971 13408
257 12308
844 15619
2080 12376
293 12824
208 15108
520 13474
2960 13377
2080 12752
2361 12806
60 13450
1057 14556
576 15392
587 14624
3472 12834
16 12585
144 14349
640 14421
40 13516
82 14625
3665 12296
565 15680
519 12560
196 12296
1027 14532
2 12381
48 14786
32 13129
79 12800
1078 12616
1628 13450
2 12960
2565 13480
2593 12746
34 12424
200 12849
81 14862
3745 12624
2054 14401
86 14217
162 12825
1304 12934
544 13327
20 12801
4 12288
512 13690
332 12946
18 13441
66 15640
645 13576
2756 13354
2080 12440
68 12338
1729 12416
2112 12372
264 15495
2321 12454
5 14792
1040 12367
232 12290
580 15776
3108 12649
3496 12809
2113 12304
610 13441
2178 13644
2066 12392
286 13376
2 12552
3328 12425
2580 12576
590 15792
4 13104
65 14340
1985 14386
400 15874
2440 13393
2060 14016
2208 13312
1984 12337
417 12360
72 14080
62 14336
1048 12674
273 12450
2309 13320
35 13704
1152 12358
579 13396
2057 12946
5 12864
2112 13232
3088 13736
2152 13441
83 14728
1672 12611
512 12633
2236 12291
56 12804
290 15881
2853 12290
2130 13568
3715 12584
2113 12448
1153 12320
267 12288
260 15607
2048 12310
1044 15147
531 14500
112 15880
2624 12469
1136 14593
1090 12344
1568 14594
2118 13097
3106 12377
1216 12856
1065 12306
2625 13312
353 12800
1696 12288
2579 12293
8 12886
3146 12305
1312 12509
1287 12816
2200 12546
0 13577
8 12448
2081 12620
797 12450
2349 12288
73 16308
2578 12424
3655 12292
4 14369
2120 12339
320 14393
8 16016
723 12590
6 15257
1280 12427
1696 12609
32 15944
688 15426
841 12292
2336 13380
2628 12680
1824 14337
3456 12352
2080 14041
612 14360
1389 12416
1704 14864
2692 12587
768 12399
2345 12484
664 14347
56 12484
1030 12393
156 14849
0 15664
520 12465
576 15396
2262 12289
2057 12740
1600 14349
808 12289
6 13705
130 13729
577 12338
900 14355
2098 14216
2349 12948
384 15365
175 13152
260 12994
3194 12800
1050 12800
960 15873
1072 14337
3152 12296
2066 12877
2817 13392
2452 12802
1728 12288
534 12577
2524 12288
2120 13852
579 14628
3400 12452
3200 12553
28 15522
154 12385
66 14232
585 12464
2340 12296
836 12290
1536 12720
1550 12736
672 14610
512 13634
1088 12450
2217 15106
2321 13472
2466 13332
2256 12298
626 12289
2240 12818
52 12992
280 13505
130 12624
192 13866
512 13331
2056 12612
780 13425
1296 12898
2112 12976
2572 12644
704 14640
2562 12338
192 16137
73 12688
680 14679
36 12304
3859 12416
2208 13122
1412 14401
1098 14673
135 13888
3712 12304
144 12301
2560 12616
160 14605
10 14592
132 15122
13 13346
2304 13336
1091 12356
2053 14218
5 15998
1088 12695
2434 12856
17 12936
12 14224
769 13440
280 14404
3848 12389
2076 13024
517 14424
132 15384
0 13376
688 13570
1 13698
738 12560
0 15174
18 14536
178 13832
328 12835
48 12611
0 12290
668 12386
280 14369
1 13536
2257 13864
324 13344
1236 12552
1404 14848
1176 15108
2209 14090
428 12289
16 12876
577 12344
2946 12292
132 12304
2117 12698
576 13336
33 15442
108 13441
3917 12434
1091 12960
552 12564
64 13956
52 12616
48 12288
34 13832
2306 12357
20 14627
798 14400
2 12577
672 13570
38 15552
5 14744
294 12928
532 12352
2064 12359
646 12320
130 14337
278 13000
2306 13824
1056 12625
1032 12835
2060 13346
2577 12548
4 13376
256 12990
2072 13572
2177 12300
2792 12294
512 12640
2633 13718
2122 12417
2096 12431
1088 12562
648 14336
2573 13584
2443 12800
113 12806
1432 12866
3072 12417
1816 12450
1412 14338
577 12290
1228 14848
512 12402
258 14541
1054 14976
527 14592
1 15120
1057 12544
73 13842
2088 13830
529 14594
2159 12800
512 12458
704 12336
2578 12544
1043 13476
1584 14473
121 15616
1653 12418
513 12570
2056 15489
648 14497
576 13320
3160 12804
783 12288
473 15366
2480 12352
1061 12544
3184 12608
4 12843
1575 12552
336 13994
3779 12292
1823 14401
622 15360
609 14344
2053 12288
1309 12322
513 12680
314 15936
1048 14432
1025 14526
1093 12544
2596 13331
1 15539
1056 14492
208 14121
2 14769
129 12628
84 12708
129 13316
3456 12904
1248 14404
680 13574
1736 12289
1292 12306
224 15370
616 12309
958 14337
160 15176
261 14960
2050 13340
672 12562
1680 14346
2565 13440
2830 13457
769 13402
259 13960
451 14344
1288 14343
68 13121
3735 12352
36 13312
1280 14510
1826 12369
1126 15025
2084 13393
834 15364
80 12975
1152 12647
2705 12292
2244 14593
1122 12296
66 12337
2570 13600
192 14874
164 13377
2384 12802
256 13414
2160 12940
2 13316
260 12528
3162 12805
32 12908
1408 14388
1310 12865
64 15478
1146 12677
2640 13578
64 13057
2644 13600
3328 12453
64 12704
280 13316
1072 13451
531 12641
42 13392
269 13874
1180 14851
135 14392
1552 12449
520 15698
705 14872
2392 13956
100 12443
896 15364
3586 12656
109 13592
3094 12488
1061 14848
2320 12864
2 12993
0 12327
3075 12954
1542 12481
3841 12298
520 14658
552 12609
2 13824
96 12692
137 15632
2057 13282
131 15492
2312 12368
3344 12961
198 15880
1026 12484
2691 13612
292 12362
492 14336
1400 12800
3973 12312
836 12306
525 14406
256 12458
1096 14770
3397 12416
2401 12810
1344 13027
523 12420
2066 13668
1096 14609
2084 13330
256 12433
1596 12548
1088 13728
258 14353
1621 12288
1155 14932
1282 12869
3083 13024
96 13446
901 12400
1536 12677
2433 12384
609 14344
663 13344
834 13345
1024 12884
586 13329
3456 12948
3618 12424
346 14371
0 13810
576 15649
548 12297
1321 12800
1602 13076
372 14339
1064 12532
544 14608
3141 13072
2080 12551
192 14851
2050 12581
1284 14929
2084 12369
2065 13440
32 12382
2 12564
1280 14418
1072 12358
1220 12466
2200 13861
32 14996
1696 12364
1154 13616
357 14482
1090 15241
1632 12434
1024 13088
779 15520
1536 14376
2064 12388
2050 13321
3600 12397
1792 12292
56 14465
2788 12291
12 15425
2069 13064
308 15042
15 16272
1076 14344
1604 12416
149 12320
1578 12292
64 12676
1673 15396
680 15442
2352 13383
602 13952
2064 13537
625 12292
424 13330
604 12289
1088 14644
32 12356
578 14344
771 13364
2320 13312
83 15884
1032 14402
1177 12578
1033 12676
2097 12934
1042 12420
552 13520
1169 12632
2577 13312
36 12546
9 12322
2129 13188
3467 12996
273 12288
664 12289
1033 15288
324 12306
2066 12997
1560 12289
152 14146
1936 12354
136 15619
1104 14497
0 14298
257 14944
1131 14484
2700 12546
1432 14914
273 15904
300 12882
2434 12297
345 12416
1746 14636
1290 12516
2592 12444
4001 13318
2 14624
2308 12449
512 15368
80 13365
128 15637
18 13572
3154 12845
324 12355
66 16129
0 13604
52 12545
1168 13126
32 13388
30 13312
1652 14337
2060 12928
3088 13062
2048 14030
256 15993
3072 12992
56 14337
96 15517
259 12472
2083 12304
2 14657
978 14372
335 12464
2 15368
2048 12544
1924 14369
580 13502
256 13888
3414 12841
2582 13312
2368 12725
3088 12937
0 14795
2947 12320
262 14560
512 14513
2049 12454
9 15680
577 12310
0 13065
2624 12429
3792 12305
2922 13440
75 16132
772 12305
1547 14372
864 12288
1700 12570
80 12354
321 12986
65 12308
260 12888
2696 13313
192 14112
2183 12616
1609 12624
514 15812
140 13888
32 13449
3106 14592
580 14608
2116 13457
2592 12742
528 12460
2564 12769
1812 12481
546 12317
128 15669
66 12600
1536 14768
31 14400
1092 12576
2096 13313
32 14157
1164 12400
154 13380
2262 12808
273 13378
73 14900
3684 12426
577 12430
144 12293
4 13062
489 12304
1478 14376
432 15425
2484 12810
105 12288
1026 12563
2122 13952
835 15380
960 12290
67 12328
2048 13088
1072 14378
1570 12545
56 12544
2056 14965
8 14849
3530 12312
64 14527
12 13393
82 14593
2336 13848
2601 13442
1352 12928
531 13984
1281 14416
1744 14593
929 13338
3016 12564
712 14337
2869 13442
0 13896
0 12360
192 14864
1291 13040
3592 12420
70 12713
2857 13378
130 14416
2272 13316
64 12486
226 13569
3136 12680
1040 12515
2 12552
533 15434
2820 12304
81 13320
64 15919
842 14516
21 12960
2304 13840
650 14401
2120 12936
1105 12416
387 14912
136 12369
12 12514
310 12800
9 12448
25 12290
1664 14358
3307 12592
0 12331
642 13681
129 13730
2337 13898
2112 13361
2056 13191
128 12339
1170 15228
269 13376
1284 12873
257 15692
1536 14828
1105 14630
432 15362
290 14991
2080 13639
228 15898
1253 12304
2384 12288
2049 12380
82 12293
2566 13600
130 14361
408 13316
597 14624
1028 12481
555 13328
2306 13464
248 13313
17 12584
1616 14508
2576 12715
2186 12321
464 15876
2304 12960
136 12869
2560 12394
1301 12288
768 13540
535 13320
11 12292
1024 12324
2216 13319
2125 13314
768 12300
3205 12556
600 12422
918 12297
16 16354
2756 12296
850 12288
68 14769
2121 13456
320 12848
3746 12360
261 12516
65 14372
1253 12304
170 13397
806 15362
2148 13451
1728 14372
3427 12300
268 13510
16 13345
1675 12352
2052 15602
68 12295
2587 12992
1464 12805
2052 12544
2137 14208
40 12419
588 14499
3 13376
2513 12334
128 12430
136 14337
544 14473
548 12288
2112 12554
1796 12298
3080 12359
16 14883
2132 13442
1089 15898
1108 14346
3590 12584
260 15922
2080 12872
1136 13062
256 12938
1026 14649
482 12304
2056 13830
2690 13345
2084 13312
1176 12288
100 13075
3706 12289
2084 13136
1284 14848
128 12292
2265 13622
608 14341
2133 13698
178 12864
1176 12388
36 15579
2916 13443
583 12432
72 12304
2337 12361
2304 12866
43 12884
66 15544
25 12960
521 14724
1096 12806
3588 12416
2821 12320
2113 14112
272 15950
1200 14340
3491 12300
22 15273
521 12384
260 14467
2909 13346
2048 12354
448 14866
2052 13296
2584 12416
1704 12370
72 12368
80 12684
416 15385
2210 13652
558 12480
104 14080
577 12578
3620 12354
1038 12400
2136 14212
17 15304
588 14723
528 14338
2304 13483
781 15568
3333 12450
675 12312
322 13440
1120 12800
53 13770
49 15490
2184 13414
116 12809
81 12294
2208 13568
1771 12304
689 13316
3208 12882
16 14624
66 14736
4 12289
1280 15103
778 13345
881 15494
2113 12466
96 12311
3201 12338
3073 12290
2499 14360
260 13539
3085 12930
38 14354
773 15488
2570 12432
1297 14400
2626 12344
2305 13984
2054 13161
3656 12576
2956 12370
40 13696
452 12546
160 14673
53 15490
128 12379
0 14378
3220 13058
261 15440
73 14884
2481 12864
1096 14641
2816 12310
2316 13347
2069 12298
1542 14376
4 13896
1601 13344
2566 13352
326 13497
400 14885
1169 12290
336 14339
1053 13568
66 15892
1920 13424
2177 12564
194 15649
274 14468
129 13678
264 14058
1668 14378
153 13636
84 15107
17 13096
446 14337
1410 12800
2 12356
641 13626
16 15630
3868 12290
8 12933
3091 12708
706 12297
322 14481
3344 12320
0 12366
3592 12663
8 14566
162 12609
73 13856
387 14916
832 12336
2636 12448
42 12292
833 14336
912 14413
274 13344
57 14912
1333 12416
174 12609
130 14881
3272 12576
52 13058
772 14362
449 12808
2696 12304
132 14450
3145 12800
26 15488
1048 12770
80 12294
1343 12480
2306 12496
33 12364
453 15434
2409 13312
3232 12808
3241 12548
2341 12490
3112 14594
2057 13734
2882 12424
1568 12738
1296 14984
1292 12322
820 12482
5 12496
3472 12332
458 12289
340 14474
257 12492
1053 12672
386 12896
905 15440
392 12822
5 15272
1458 15105
1288 12497
370 12293
3601 12322
1736 12546
2057 12996
2112 12940
16 13068
96 12928
608 13372
3656 12549
256 15364
8 15441
723 12296
48 12432
1537 14594
1064 12353
2817 12322
1604 12443
106 12821
640 12358
58 12672
577 14373
260 14553
2070 12820
513 15812
321 14848
3204 13121
166 12425
178 13825
2125 12562
70 12288
2080 12289
128 13600
1172 12547
532 15400
1536 12356
2194 12841
1390 12421
1088 12309
37 12304
3585 12548
3460 12337
1272 13060
530 12896
640 12669
2154 12677
3466 12328
1072 12416
1616 12683
1152 14597
2344 13856
178 12608
256 13992
1056 15002
1011 15368
214 15394
3426 12929
17 15116
80 13353
272 14917
298 13445
2192 12288
1217 14370
1032 13060
3 12288
2152 13827
258 13009
1026 12296
3077 12872
162 15641
288 15617
696 12355
1043 14640
0 12439
1160 14661
1154 12357
1244 14626
152 12551
64 13342
518 12369
1338 12864
578 14632
2536 12307
1576 12753
8 12416
1824 14534
36 13337
2855 12304
1297 12807
2148 12553
2439 12288
143 14400
4 12338
128 12898
257 12326
590 12722
1448 12883
1125 12800
256 12805
540 13728
2145 13568
81 12590
3144 12819
550 12696
138 14117
432 12358
256 14952
2945 12352
2212 13391
2624 12432
1600 14503
2053 12496
31 12384
161 12500
1825 12306
14 14336
1328 12815
1794 14545
258 14373
2944 12319
80 12291
2185 13904
329 14848
624 13575
13 12680
741 14336
1853 14474
577 13594
1060 14409
2324 12329
2313 12384
1618 13737
2080 12374
1118 15233
1175 12553
803 12364
690 13352
68 14883
1248 12545
1025 12912
2182 12305
448 14370
1096 12307
2600 12564
3945 12308
3490 12288
2560 13664
3224 12836
3200 12632
2081 12300
513 13568
256 12335
578 13712
16 12488
2049 12320
2240 12842
2692 13571
912 12320
1634 12425
40 13392
3072 13069
1186 12616
192 15394
2261 13344
1512 14339
36 14984
768 12480
2882 12340
512 15433
2572 12305
9 12528
2190 14848
1064 14610
1160 14644
416 13910
512 12917
69 14736
43 13440
64 13592
2184 12384
1036 13217
1026 14760
25 12929
20 15457
1544 12336
641 12352
513 12752
53 14144
2 14378
138 14424
153 14400
5 12288
186 12580
88 13313
2685 13314
1545 12322
1172 14595
2176 13123
3201 12560
552 16196
20 14378
134 13632
2050 13488
2200 13061
2645 13698
1185 14594
2096 13326
2048 12719
1369 12816
619 14848
530 13385
788 13538
668 13346
3996 12290
271 12992
3856 12361
2445 12802
770 12484
4 14737
2885 13330
2180 12408
1131 12416
3202 13808
257 13894
2065 12386
1232 12297
2144 12296
10 14676
35 15432
192 15154
152 12801
1 14144
3361 12356
68 13225
1068 12800
2312 13954
37 12810
803 13444
25 12930
3072 12590
667 15492
192 12858
896 14425
1124 12304
1026 13612
1536 12715
216 13317
1 12640
3220 12840
77 12450
513 12578
1280 12847
970 12292
352 14476
2448 12908
2080 12290
385 14958
68 13865
516 13816
1040 12618
516 13547
2100 13578
64 13323
1168 12869
2581 13768
530 12392
2105 12870
6 12616
84 12962
1176 12544
1106 12589
1095 15002
3153 12834
9 14112
2280 14098
385 14400
4 13184
8 13906
800 15495
1028 14466
2688 12836
3638 12617
224 14081
728 13316
2337 13322
2308 12515
517 15816
914 12288
673 12364
1536 12557
18 13164
517 12370
1466 12289
12 13698
3282 12577
7 14656
792 15490
307 12352
1316 12496
514 12505
1430 12288
16 12302
2529 13332
3140 12464
56 12800
200 15619
3339 12434
4027 12292
186 15361
544 15616
710 15392
328 15379
32 14852
1105 12316
64 12416
32 14592
2584 13412
22 13368
712 14604
2376 12289
2196 12905
1242 14369
160 14100
3625 12288
8 15376
852 14338
1025 13012
2640 12418
1668 12353
2096 13895
3585 12400
159 15616
320 14976
36 12371
2770 12293
1073 12292
578 15625
2641 12706
1073 12608
400 14340
2305 13518
1024 12699
100 12290
3085 12338
36 16336
77 12801
154 13320
3040 13322
1056 12356
261 14466
32 14785
139 12352
96 12690
137 13632
689 15436
1668 12577
409 14112
2048 12613
2784 12295
2057 13764
46 13953
2105 13894
2368 13365
1028 12679
2336 12802
853 15520
35 12292
2381 12850
1 13463
2048 12629
649 12688
2084 12544
96 12429
866 14465
2112 13568
3642 12352
538 12289
1024 12393
360 12292
184 15108
2560 13481
33 13662
2506 13857
1092 14496
2061 14048
1813 14536
1080 12800
642 14613
70 13184
1536 14361
3330 12344
1024 12484
5 13538
3014 12297
1090 13085
576 15744
1392 12297
34 13896
38 13448
400 15884
2048 12564
65 13706
484 14337
0 14756
274 12361
1024 14633
1040 14486
384 12342
133 13632
74 13328
32 12866
578 12305
2338 13393
2186 13313
3789 12304
2064 13889
3584 12656
3456 13398
3072 12432
2629 13696
2494 12297
768 14359
3744 12372
196 13353
1619 14496
1536 14628
2627 13572
3334 12944
1490 12300
452 12824
1418 14896
1036 14401
1088 12579
2561 12416
2060 12659
67 15156
165 13608
640 12476
1028 13274
2560 12496
584 12566
530 13378
1024 13077
1922 14384
1314 12442
2179 12844
2822 12288
2594 13325
1681 14700
1672 12562
3119 12676
1025 14986
10 14368
140 13056
1040 14849
0 12672
1796 14480
2922 13333
1537 12288
10 12288
2768 13568
1570 12544
1033 15110
150 13408
2 12289
2056 16128
3456 12854
305 13900
688 12302
200 12306
1160 13127
1049 12832
586 13569
1056 14677
2230 13144
528 12587
512 14600
1394 12288
3337 12452
1058 14364
24 12928
164 12357
581 13584
16 16226
3716 12369
1856 12420
2624 12417
13 14162
16 12321
128 12870
36 15368
136 14354
1204 12547
14 12657
2836 12360
132 16130
1122 12436
3941 12328
21 14368
1555 12712
2434 15360
1283 12388
3280 12420
234 13312
274 12297
576 12336
1088 12425
3472 12815
3 13600
84 13451
572 15424
13 15618
656 12325
988 12288
646 12328
2098 13441
1084 12739
1064 12950
372 12427
640 14593
3138 12600
1178 13061
1312 12954
625 12426
617 13570
857 14464
1376 12292
194 13321
0 12392
623 12450
2114 13365
1024 12485
51 13960
3104 12865
217 14628
548 14617
146 13896
2627 13716
512 15493
320 14498
3120 12556
24 13351
3566 12288
2057 12567
3924 12298
517 13760
3 12768
594 15361
1030 14368
1666 14628
544 15442
289 12298
519 16016
1536 12337
1092 15137
3 13893
640 14413
4 15120
2104 12355
131 13648
293 14040
187 13888
812 13441
640 12354
525 13442
129 13112
2569 12359
836 14489
2160 12800
1025 12910
2120 13748
1273 13056
512 14816
3156 12449
160 15636
2817 13330
520 15525
82 13316
1601 12562
2144 13954
3274 12836
769 14566
930 13392
230 14608
1922 12292
1282 14365
3210 13172
534 13324
2208 15880
54 14721
1169 15104
773 14504
1601 14348
640 13324
2184 12848
4 12338
20 14600
394 12864
640 12399
2752 12303
2592 13321
0 14098
384 13379
3203 12912
130 13856
676 12827
3328 12348
96 13321
418 14353
2052 13321
4 15128
2592 12300
172 13632
19 12288
2122 12820
547 15624
512 12291
1356 12289
19 15372
3072 13113
664 15616
72 14384
1036 12401
25 13442
3620 12563
1682 14433
1545 12688
4 13386
3382 12864
163 15388
2050 12452
1076 12355
3588 12618
2840 12356
130 14201
2561 12680
2560 13416
2048 13336
138 13073
2740 13568
2323 12382
2309 12360
448 14850
168 16081
1065 14670
1036 14443
2660 12304
646 13328
1416 12358
1472 12869
201 12306
272 16070
1631 14337
2337 13322
2572 13346
1600 14596
40 13203
2560 12673
2177 12880
384 12363
260 15547
417 14420
26 12868
644 13392
274 12385
832 13484
2052 13230
1544 14660
650 12308
2112 12690
2180 12288
520 12401
2068 13859
32 16145
2629 12312
2564 12619
258 14528
1024 12321
101 12674
1173 15202
937 12310
263 13848
568 15490
3096 13294
3928 12417
256 12402
8 14468
2574 13664
1104 12556
3402 12329
3209 13076
872 12305
1028 12288
0 13830
1033 14982
2241 12546
1376 12805
0 15424
641 12324
3077 13056
3078 13145
580 12322
387 14596
140 15699
1298 13165
30 12584
514 14713
279 12480
280 15393
65 15136
593 13480
752 12288
1544 14532
679 13328
742 14360
1366 14345
2076 12386
0 12500
8960 129
11288 165
11446 64
8705 3124
10256 1251
8265 272
8256 642
11269 64
10050 32
8193 812
10513 1218
8786 296
9089 1108
10260 2
8706 2368
8586 3172
9876 3113
8466 2221
9220 2096
10824 18
8320 2155
8672 2056
8194 1328
10875 388
9480 2786
10280 67
8513 1056
8274 2720
8201 608
8192 1159
10752 1076
8258 388
9385 328
10381 850
8220 1985
9344 272
10833 4
9664 2572
8743 1488
11384 132
12051 128
10248 1042
11297 14
10816 1152
8997 1304
8464 550
9729 2434
8240 1742
9264 2124
9217 2328
8218 260
8280 1060
8200 2849
8196 2
8324 26
11530 749
10118 112
8792 256
9344 534
11397 242
9023 2052
8264 1041
9792 36
8252 977
8200 385
9224 2694
8964 1193
10752 1354
8708 1033
9168 3085
9284 2050
9361 2826
8320 42
9380 0
8465 1548
10970 0
8785 3084
8210 0
8200 2576
8448 2088
10246 8
8232 2262
12162 4
9800 2560
8272 2048
9504 2320
8704 27
10937 1090
9313 136
8964 2066
8608 2567
9344 2060
10260 1930
9298 2436
11330 257
10504 1104
9474 112
8208 171
9385 2048
8528 3590
8620 2064
9477 2088
9744 0
9754 2305
11112 0
9489 102
8992 1026
10244 338
8627 520
8464 515
10432 304
10448 264
8240 328
8741 266
10752 1027
8233 2070
9477 2634
10120 2182
9377 12
10792 388
11267 0
10548 1600
8452 2275
8224 901
8193 384
8456 2567
11777 450
8995 24
8229 1354
9874 104
10760 64
8224 265
10336 396
8591 2128
11344 780
10784 1484
8192 1720
8329 534
9247 2784
9752 2182
8897 2336
9005 1088
8881 64
8760 32
9264 2816
8448 2641
9235 2788
11268 720
8192 771
8794 3333
9286 416
8228 553
9216 2584
8201 2432
9862 3400
10370 1288
8193 262
8224 314
9234 2068
8386 3608
11274 134
11460 554
9480 2576
10529 650
9388 897
8375 72
11543 680
11016 167
9472 611
9730 2074
8256 163
9090 3156
9908 2114
8288 1553
8712 245
8192 2313
8918 2849
10764 256
11488 139
9218 2369
10288 330
8328 261
8356 515
8498 1068
10496 1158
8969 2048
10601 1030
9248 2631
9346 2348
8704 306
9233 2210
9257 2048
8449 1544
11520 752
10242 1248
8833 74
8258 2208
10402 80
8595 1704
8256 2194
10313 1154
8517 146
10352 1
10320 1549
8228 337
8503 2560
8532 1025
10501 608
8513 134
8480 731
8260 4017
8359 777
8272 2496
9223 176
8242 76
11408 270
9361 2112
9105 2125
10113 64
8359 2048
9251 512
9537 3088
8448 2693
8196 2338
10388 4
8272 1154
11952 1
8228 1106
8753 1156
8368 2304
8494 512
9488 67
8291 1040
9760 2057
10294 709
9666 2572
8240 329
8202 732
8809 2052
8906 0
9736 65
10405 1112
9486 2112
9364 2627
8260 562
8898 3088
8704 2491
8579 612
10255 1560
10240 1426
10279 512
11288 517
9216 72
10124 99
9496 645
8224 1878
8224 1044
8454 2193
10504 576
8368 6
10274 68
8848 3077
8193 404
9665 2568
9248 76
8198 2384
10314 1536
8480 2
8595 578
8356 330
9312 300
10247 1688
8456 736
9540 2
9768 342
8993 3072
9473 2206
10880 16
9312 2
8218 2560
8320 517
11778 2284
10380 34
8736 3087
8720 134
8284 2178
9252 528
8228 1217
10250 3104
8256 3119
8197 290
11655 16
8728 66
8202 1120
8323 3096
9754 2116
8470 1128
8335 2048
8593 1540
8196 3344
11566 1
8736 2112
8844 1058
9280 3096
10244 408
8896 2088
8736 1036
9220 770
8336 64
10842 1
8968 81
11064 193
10848 1806
8494 832
8273 1282
8316 898
9233 580
9393 68
8256 1849
8864 321
8195 3377
10960 1288
8660 1579
11009 1092
9856 230
10945 0
8385 2072
9728 170
8200 1169
8266 2708
8456 3074
9079 1024
9250 596
8193 572
9996 2080
9349 352
11968 275
10628 514
8192 2613
8192 1687
9744 2112
8208 96
8705 3342
9380 2625
8320 2568
8192 2589
11393 60
8262 417
10944 9
8465 2848
9240 6
9316 8
9234 229
8721 3552
8213 74
12083 12
9314 2056
8464 582
11588 16
9088 8
10657 532
10288 384
8706 3388
9524 2048
8422 264
8257 2594
8976 2050
9324 659
9318 152
8266 32
9825 2056
8368 578
10120 2049
11792 325
9244 770
9787 388
8464 1636
11473 36
8224 2564
10052 2210
8808 1024
10240 1208
8354 1052
8770 56
10372 1051
9416 291
10491 1
11032 160
8704 2744
8838 280
11554 593
8248 2434
10416 72
8896 276
9232 300
9832 166
8518 3248
9282 689
8205 306
10248 1152
9460 520
8707 1036
8544 1028
10753 1
9528 130
10378 0
9096 23
8786 1024
8448 3132
8713 3204
9690 2052
8718 97
11184 9
8192 2272
8212 1208
10248 836
8624 584
8372 0
8640 16
11544 545
8418 2112
10400 641
9288 784
10780 0
9936 9
10377 1350
8722 864
8289 260
9988 0
9540 2089
10882 1328
10292 65
10407 1544
9472 2757
8224 3142
11341 786
8256 947
8193 2052
10261 810
10501 1114
11716 130
10913 1070
8626 3144
8400 773
8836 82
9756 3200
8488 68
9616 10
8468 98
10788 69
10285 848
8516 3112
9602 2574
10497 16
10246 1920
11412 778
8465 580
8290 16
8228 145
8320 3074
8194 608
8386 3072
9793 260
10556 1600
9890 5
8224 2272
11784 384
8202 1043
8448 2074
8256 3840
8460 1667
8223 2944
8619 70
9770 1237
9409 2850
8705 3461
8483 3720
10518 1257
10896 0
8264 1044
10787 384
11304 70
8216 2560
10832 42
10304 516
8880 2048
9229 864
10496 526
8529 130
8193 780
10240 425
8768 149
9543 32
9218 977
8192 2192
8971 224
8193 18
11073 8
8338 2052
9052 3
8288 3072
8426 37
9344 16
10764 386
8450 69
8252 832
9220 352
8272 46
8852 3106
9636 2369
10240 101
9530 1216
10344 2
8894 2304
8192 3416
9348 834
10816 2177
8356 514
8554 384
9377 2632
11138 1029
8712 1044
8475 512
10861 1154
11278 304
10856 0
8448 1248
8611 1621
9157 3096
8854 352
10244 128
8273 130
10952 1280
9282 148
10304 3
8479 2752
11132 1
9374 33
10244 395
8192 3590
8750 2688
10435 528
8213 2978
8208 172
10410 596
8193 1116
9245 2784
8209 4
8197 2200
8209 8
8320 1572
9520 527
10240 1295
8488 1024
8337 2150
8965 2056
11394 584
11624 540
11528 192
11392 782
8455 1730
8973 2240
10252 570
8380 2371
8456 2710
8206 2721
9243 2212
8520 3237
8241 642
11024 2282
9487 48
9792 397
11786 448
9600 2155
8196 2689
10000 11
8808 2196
9333 130
8320 606
8361 1552
11272 2340
8516 1025
10576 1540
11816 133
10510 41
9986 72
10240 464
9345 2148
8708 1040
10241 1156
10752 1026
10648 96
8462 0
9299 2464
11279 258
8577 2584
12246 41
8457 1110
8200 3073
10309 1042
10296 1028
8368 261
10268 1281
8225 2629
8358 1112
10035 128
8218 3136
9250 328
9286 20
8297 3764
9188 3075
9218 2016
8366 2064
8322 2825
8976 480
9294 33
8208 1505
10304 1792
8793 128
9864 2308
10344 512
9709 512
10628 513
10455 1536
10401 268
9526 512
9237 808
8306 264
8242 2560
9045 1056
9024 1042
8400 3366
10273 1494
11784 275
8736 1360
8208 3072
8710 2176
9512 196
8720 419
8464 2346
8900 25
8330 370
8454 209
8248 3456
11362 768
8200 2
10921 1028
8361 16
8716 3330
10276 330
9382 2056
8258 1080
9280 2214
11272 21
8336 2122
9728 162
9871 0
8617 3586
11104 8
9496 7
11048 17
8453 1729
10880 1094
10378 1
8332 1056
10499 544
11268 458
11144 1057
8297 900
8198 3152
11270 112
8224 2434
11296 21
10261 1346
9267 68
9783 2112
8194 736
8338 3876
8968 1024
8198 1001
9217 2680
9538 2280
10441 544
8369 3392
8962 1028
9750 2408
9226 404
11280 576
8340 361
11396 344
8265 2322
9152 17
8336 1294
8208 3789
10378 1360
9225 336
8786 392
10257 616
8200 2816
10324 1160
9603 612
10468 11
10241 704
8230 2177
10760 1056
8424 272
10432 172
9417 548
10970 5
8276 384
8195 164
9864 2048
10896 33
9504 2635
10771 40
8926 1
9800 272
8640 52
10930 1025
10628 513
8857 2118
8209 2060
9284 898
8418 1108
8262 3072
8449 3266
8965 2120
10305 1570
9106 65
8192 2604
8206 3648
11776 326
8293 912
8716 1040
8281 386
8320 1102
8320 796
8196 2121
9280 9
9128 19
10676 65
8203 964
9216 136
8192 2595
8787 292
11558 16
10502 1160
8209 2732
9148 2146
8279 136
8529 38
8513 672
9251 2180
8192 338
9573 138
10308 258
8208 1162
8357 778
10836 1027
8708 1377
10000 321
8200 627
8648 549
10374 24
12113 128
8273 1710
10512 644
8626 1028
10308 1568
8208 1056
8282 2081
8730 1152
8704 45
10496 1709
8194 929
8352 2
8336 36
10460 0
8714 277
9277 576
8320 3175
8258 1796
8256 1313
10240 1810
10282 533
8768 184
10248 915
11331 256
8712 1026
8448 2102
8194 1796
8528 1162
9280 2350
8219 3328
8204 2289
8242 2309
9584 2049
8388 552
9056 2176
8728 3207
8284 3329
9217 516
8480 1166
11923 256
9426 365
8200 1702
8280 3237
11265 282
12192 76
8627 2564
8597 3106
8812 1408
8249 2240
8762 0
10754 1212
10042 645
8634 4
8592 0
9218 48
8272 1189
9218 2968
10394 1124
9018 65
11345 128
8375 512
8768 27
8898 272
8213 194
8960 129
8267 2320
8715 2260
8726 2240
8808 4
8192 613
9353 2096
8194 3117
8211 550
8296 769
8833 1292
8448 68
8722 2472
8330 128
8357 274
10788 3
9344 278
10267 580
8600 101
10368 786
9216 2335
8256 1121
10432 260
8192 368
9308 256
8996 147
10820 1162
8210 41
8576 1057
11275 769
10246 328
8329 342
11000 1
8320 8
8336 1197
8208 3712
8193 1640
9649 0
8474 2592
9228 1
8288 2178
10136 65
8234 3648
9395 2880
8736 3073
8907 3072
9600 2064
8896 1080
9984 129
8280 1414
8480 89
8960 140
8454 1
10325 1668
8203 512
9994 176
9226 705
8367 0
9228 800
8768 1175
8448 1569
9760 2203
9220 944
10344 788
8204 3075
8200 2195
10763 784
11285 72
8488 516
8705 2440
8604 99
9156 2065
12097 10
8868 3152
9238 352
9249 464
10385 1548
11784 210
8192 3090
8196 2440
8232 3092
8324 2337
9047 1192
9237 704
8328 3379
9344 2833
8384 3083
8776 2466
8718 1040
8242 2816
8384 802
10293 66
8776 275
9440 5
8322 2580
9490 133
11296 5
10624 97
8325 552
8960 1158
9472 2197
8777 148
9474 2052
9728 2336
8522 545
10593 94
9652 3074
9234 193
8272 262
8588 609
8326 1616
8212 10
9635 2568
10369 1298
8456 518
8291 2840
8524 2208
9388 80
8728 320
8888 1090
8578 9
8415 2
8483 3204
8704 5
8224 2
9923 2048
9245 512
10737 1028
8352 2572
8322 532
8321 2560
8828 256
8278 544
8512 129
11040 18
8454 513
10448 1037
8330 33
11282 448
9730 80
8200 2086
8432 2053
8992 1168
8424 1303
9940 258
10822 1027
10504 19
9345 790
8802 140
9316 2713
10310 9
8344 0
9241 896
8256 2720
10396 1634
10534 136
8265 564
8192 1613
8714 2177
8194 864
8516 2050
8217 326
8644 2560
8264 275
8193 1748
8265 1664
8448 10
8219 1316
9138 1
9416 2084
8201 2634
10640 747
8232 1286
8196 2178
8320 2844
9384 546
8842 33
9292 2210
9218 20
8264 2978
8384 3608
10308 1552
9010 4
11872 31
8924 3104
10554 64
8939 1024
8504 1600
8221 2752
9218 56
9411 16
11281 264
10408 337
9290 4
8448 3137
9968 288
10856 19
8228 1153
8192 450
9222 2112
9608 34
8770 188
10884 2306
8403 2052
10241 122
9225 192
8481 2570
10244 514
8326 2593
8274 3336
8448 1536
10504 705
8521 2182
9880 325
8352 2133
9605 49
8452 2073
10418 1
9802 293
8196 1490
10244 407
8234 84
8488 6
11393 72
11151 64
9638 0
10912 1286
9224 3014
11284 72
9760 2369
8590 3073
8720 73
8276 514
9442 2056
8256 3080
8208 2654
8712 3424
8461 2240
8213 1952
11956 200
10312 768
8768 2437
10449 804
8248 1100
8800 3352
9825 152
8200 2582
10344 529
9344 2686
10240 781
9752 2532
9024 59
11656 32
9250 192
9984 180
9228 2305
9236 96
8192 1696
9240 676
9232 552
10240 1058
11384 144
8336 2349
9264 2818
8880 3084
8448 2066
11016 65
10272 219
9221 2432
8722 3329
10768 290
9473 688
10880 1340
9505 2064
10890 1061
9745 2406
9638 2568
8705 1090
8801 286
8449 42
9804 2176
9369 64
9634 13
9280 2054
8448 65
8332 306
11334 128
8510 1025
8793 0
8265 1074
9864 2368
8274 6
8472 1578
8192 3101
10880 1096
10338 1160
8224 1856
10392 836
8194 1192
8465 3618
9360 2377
8866 340
8787 132
10944 1073
10499 1256
8208 292
9512 2561
10336 1041
11779 40
9376 2386
9152 42
8480 3072
10291 648
9768 2322
10312 1043
8932 3080
8320 2161
9602 2668
9832 2180
10529 1216
9280 777
11433 0
9222 2760
10522 1765
10240 551
8260 776
10260 1280
10242 284
8360 1027
8224 524
8378 768
8328 1808
9240 77
10802 1473
10914 2052
8676 2072
9346 2341
9241 512
8305 142
8716 2371
10000 207
10370 16
10861 1088
8369 3908
11430 769
9505 646
11264 377
8224 512
8512 2602
10260 1192
8230 1184
8235 2896
8196 2512
8212 1056
9224 704
9227 2180
8248 448
8795 260
9952 2315
12008 336
9142 2050
9217 824
10529 6
10562 0
12170 37
11168 93
8243 132
8720 14
10880 276
9104 1028
9970 256
8272 3206
8720 142
8218 644
8796 1184
9360 2409
9500 2
10307 1304
8200 2181
8590 0
9992 34
10112 2054
8224 144
8304 3592
8240 3589
10265 1984
8768 309
9228 2994
12172 19
8214 2048
10651 544
8526 131
8193 2316
8737 1024
10450 2568
9272 3
9225 2208
8469 2186
9393 2574
8516 1024
8421 50
9601 44
9904 12
8498 65
10000 34
8848 3148
8192 1161
9481 2764
10324 426
9244 2083
9228 258
8194 541
9697 2052
9424 1
9792 140
10352 1536
8225 896
8226 156
10273 259
11557 0
8768 1444
9741 2496
11282 8
10886 48
11336 384
8832 2402
8261 3331
11410 544
9361 4
9272 2946
10273 1740
9480 2176
8704 3432
8296 2320
10500 1184
11104 2
9250 2124
8230 3208
12096 17
10340 640
8968 55
9312 256
10257 844
11845 144
8426 517
9248 258
8722 0
8192 1379
10368 813
8297 262
9217 414
8322 580
8465 2240
9288 2322
8605 98
8193 2150
8352 256
8425 784
8784 2340
10792 1090
10369 602
8192 2820
8808 1153
10312 3362
8228 1153
8705 1316
10249 36
10897 142
10896 125
11824 1026
9225 2322
8408 769
8194 4088
8240 2441
10240 852
10661 66
10498 1684
12205 64
11528 144
10272 1354
8744 3392
10277 474
8257 2576
8235 2112
8772 272
11648 53
11458 528
8216 259
10032 2248
8464 3657
8211 2052
9476 747
8242 513
9038 161
11806 96
8370 265
9154 2089
8192 2866
9225 3046
10360 4
8960 3136
8228 217
9840 2502
10376 1092
10386 96
8521 32
10325 136
11488 540
8801 1408
10274 204
8257 2688
10624 512
9245 1664
8212 3884
9036 48
8208 3397
9832 403
9217 538
9392 6
11395 272
9062 25
8483 1557
11312 141
8724 1249
8531 640
8274 1024
8776 3104
10621 8
8787 1024
11272 657
8898 3637
8200 1108
8864 3088
10816 1421
8712 100
8472 3
9227 2448
8352 2576
11336 0
12096 32
9448 34
8290 904
10880 36
8349 1600
8576 2078
10001 3106
10049 180
11264 882
9732 2650
9224 2673
9234 2852
8705 3354
8992 1219
8235 0
9348 2610
12241 264
10242 685
9242 2688
8192 46
8194 2756
9863 816
8216 960
8224 2433
9406 1
10769 232
8713 20
8532 2569
8452 3649
8249 386
8217 224
9761 16
8384 2607
8778 2100
10624 16
8206 897
11298 273
8208 1797
9216 2080
9528 129
8448 3140
8912 9
8704 3115
8330 1092
9728 2051
8320 531
8708 1421
8193 44
9768 2053
9137 0
10256 546
10753 194
8449 2070
8228 776
9504 0
8354 2817
8229 3264
10305 2064
8259 1024
9497 128
8203 2224
8960 1170
10402 141
8456 3664
8784 260
9672 565
8192 2178
8678 529
11220 1032
8644 3132
8259 3112
10856 4
8264 2101
10240 965
8717 2192
10520 35
9480 151
8352 67
8359 600
9250 2760
10162 4
9216 513
10272 541
8322 2065
9732 2176
8345 2404
8558 3584
10304 398
10404 16
8448 612
8276 267
8324 19
8838 2664
8608 2116
8768 3243
8288 670
8196 1345
8256 2364
11268 768
10240 99
8486 88
8721 2086
8770 2201
10244 296
8274 3233
10773 106
8248 1863
8196 770
8272 260
8331 2564
11776 207
10768 5
9159 0
9888 64
8754 200
8288 3079
8817 2190
9273 2048
8221 3200
10051 2048
9219 128
8706 1288
11009 1088
8196 1560
9641 578
8981 2048
8737 454
11648 2
9216 889
8464 225
8714 1413
11344 133
8194 3849
8464 2054
9606 65
9265 518
8768 9
11456 786
9478 16
8209 2632
8194 1560
11780 66
9216 2114
8212 1089
9040 8
10624 32
8212 1792
8320 1556
10252 272
11336 274
8704 2084
9218 2837
8218 516
8768 1081
8518 152
8616 17
10893 1202
8370 256
11832 259
8559 128
8790 9
10160 1025
9280 2954
8261 3712
8736 1038
8192 99
8738 3460
9736 2484
8967 160
9252 2049
8198 1376
10788 9
10000 68
8200 1812
8417 1564
8564 3904
8842 16
8584 1091
11656 48
8704 1172
11328 402
8514 2060
8264 1062
8192 1692
8840 338
8314 768
9833 2690
8392 1792
8416 3072
8224 1649
9448 2071
11652 538
10376 549
9364 0
8896 1066
9001 212
8200 1843
9012 9
8456 2049
11520 84
8458 576
10282 913
11537 40
9540 9
9218 594
12104 1171
10388 1888
10260 810
10773 2440
8256 133
11207 24
8278 3617
8553 1585
8536 1573
8537 2592
10320 391
10496 1575
8996 2256
8516 1169
8335 772
8465 1064
8577 1036
8821 0
10708 1066
8496 3272
9489 2754
10289 1028
8245 640
8912 2560
8961 2386
8849 1356
10826 1280
8294 512
10246 64
8339 2116
10385 608
10434 2568
8213 1570
9825 2328
10434 1585
8209 608
8968 3252
8197 2566
11248 266
8901 25
8277 2314
10245 106
8358 3600
8512 1066
9380 2115
11336 821
8204 1042
8576 1102
8256 2208
8592 3692
8364 2051
8336 520
9740 2048
9056 2048
10400 1301
8448 662
8577 122
8864 1
9216 2164
9232 2820
8292 1026
8704 1131
9472 2070
8194 2176
9840 1029
10244 706
11286 257
8262 1257
9297 1166
9328 2048
8752 64
8218 1124
8272 3585
10504 5
11024 1190
10433 32
8765 2050
8260 385
9733 128
8714 2433
11840 430
8450 3165
8360 2569
9945 2086
8544 1044
8594 548
8240 200
8918 256
8194 896
8585 1556
9226 692
8475 1440
9810 2081
10580 131
8736 81
10946 153
8708 176
9345 2568
8714 48
8484 1608
8808 1042
9256 2499
9248 2076
8336 3119
8739 1864
10276 971
8452 256
10329 1280
8340 3595
11336 32
9426 265
10016 130
11474 544
8200 3462
8257 1058
8483 1164
9220 578
9232 33
8580 2560
8224 3588
10016 134
8792 135
9280 2849
10761 256
10249 1200
10592 134
8976 14
10407 832
10306 0
10386 1049
11809 14
9922 308
9568 129
8964 1219
10512 1025
8200 182
8260 3075
9264 13
9536 2107
8386 112
8224 10
9472 514
9241 2820
10246 1064
10024 0
11008 1240
11780 73
8356 1107
10208 2064
8233 576
10393 336
10792 5
8208 2464
9320 916
8914 2308
9121 12
10624 541
8915 3616
8257 4
8193 522
8840 256
8195 580
10417 1668
8737 2324
8849 1314
9152 112
8256 1544
8264 2064
10361 1664
8193 3264
11590 0
9266 3201
8800 1280
10834 288
10256 396
10247 520
8328 1120
10304 1695
8649 2084
8257 2600
10288 9
8209 2624
8212 249
10560 1536
8224 1806
8704 195
11414 553
8229 1880
8736 1421
8264 1936
9191 2060
8760 323
8640 552
9094 1081
10540 1025
8329 2118
8208 68
9331 388
11927 0
9186 20
8538 5
8494 3585
10753 228
8224 2888
8512 2065
9361 0
9203 2060
9512 2596
10520 1126
8388 1792
9812 2179
8432 2
8289 790
8804 2072
10378 1073
10900 64
10587 36
9732 384
10264 0
8899 3076
8705 274
8458 2176
11268 141
10298 1025
9984 2252
11280 40
9308 2592
9523 2116
9480 244
10528 1160
10160 2059
10501 2744
8484 3217
10285 16
10452 289
10243 664
10312 769
11776 71
10784 193
11840 390
9472 592
10304 1676
8530 648
9521 2690
8976 1058
8240 653
11948 3
8209 3104
8385 1540
10244 1128
9024 2061
8896 2331
8221 488
8227 3996
8324 3144
8256 1172
10752 296
8838 2048
10256 576
8256 3840
8240 838
9281 136
9224 116
8323 64
8201 3074
11400 39
8512 3081
8794 1280
10754 52
8516 3210
8210 1220
8466 2112
8225 768
11793 428
9473 106
9760 144
8224 410
8228 3081
8265 1840
8224 2004
9490 609
11862 280
8267 452
8225 2186
10257 704
9088 1579
8262 265
8994 1228
10517 1154
10240 732
9225 0
10272 16
10752 121
8833 19
9025 1664
9508 667
11793 66
9792 1193
10768 356
9734 136
8966 1249
8626 12
9316 528
9237 642
8235 1600
9120 2201
8578 32
8385 906
10308 138
8225 1632
8416 2841
10258 1092
8456 530
8724 3272
10307 1412
9286 2209
8786 416
10256 1165
10308 1828
8324 3353
9345 112
8342 3656
9472 1154
10272 512
9832 5
8473 512
10244 33
9356 96
8328 608
8848 1795
9320 4
11686 24
8844 3363
8577 64
8218 1793
9156 16
9284 0
8192 1888
11368 2582
10252 960
11082 1072
8208 1
8196 2306
10242 1176
8502 128
11121 1030
9395 856
10880 32
8832 3354
10946 53
8642 1557
8197 2392
9891 80
8833 1092
10816 286
9480 66
10496 0
8452 706
8584 3091
8488 1159
8199 1546
9478 80
10240 549
9216 2560
8704 128
8232 2306
11848 148
8772 283
10948 297
10560 1159
8705 28
9136 1090
8771 0
10369 20
8396 3123
8326 2369
8352 514
9872 290
8768 168
9312 2178
8784 162
11296 785
11679 1024
8448 84
8449 1156
8192 283
11296 328
10371 1548
12167 2584
8192 2065
8260 1035
9258 144
8226 80
8379 2816
8832 2113
10373 192
11680 0
8388 770
8336 545
9008 1164
8328 2833
8268 1185
8312 3717
8646 9
8452 169
11640 2176
9248 2819
10857 1172
9997 128
9984 152
8360 1542
9155 3100
11814 16
8788 2209
10032 3264
8772 408
11169 72
8433 1536
8203 1744
8192 2570
8998 1
8212 1728
9280 877
8610 3592
9984 22
8192 568
10512 323
10240 1389
8210 2344
9856 33
9216 2919
10434 769
8193 2064
8448 34
8192 1136
9441 2068
8989 74
8264 432
8209 2150
8714 21
8196 2424
8968 1078
10260 1576
8968 100
8328 3424
8512 208
11776 2096
9408 771
8496 2058
8258 2097
8196 1920
8448 561
8200 64
8904 4
8193 3176
9348 802
9390 592
11270 17
8496 3276
8324 1027
9283 2308
8740 138
10244 336
8834 20
8580 1088
8706 292
8740 2066
9216 80
10762 1345
8357 1616
10910 96
11426 72
10809 258
8329 2146
8192 1712
8634 2560
9248 641
8384 52
8352 269
8199 2824
8448 3652
11392 1
10752 1052
8326 1041
9776 68
8436 2306
8497 2048
8354 4
8480 1091
8529 2568
8224 1536
9250 592
8457 134
10754 244
8864 79
8276 776
8910 274
10402 1881
8261 1298
8360 1
8634 1109
8932 3201
8777 2068
10314 1185
8714 340
9217 594
10448 1291
8193 48
9222 517
8275 416
8194 1197
9728 2061
8752 64
8227 2440
11137 1088
8968 133
11780 418
8201 8
11552 2
8624 514
9392 259
11392 817
8200 23
8274 265
10340 896
11913 260
9030 2064
8480 3
9376 863
11590 41
10680 64
8461 2082
8193 2578
9241 450
9233 2278
10324 1414
8451 3264
8772 3080
10320 166
8256 32
8507 1088
10240 1008
8210 1924
8544 2568
8308 902
9994 2060
9281 2442
8193 270
10259 1733
9313 8
8713 2176
8199 2904
10304 403
8226 516
11913 304
9877 32
9521 2634
8196 274
8428 832
8896 45
8260 674
8448 720
8322 1024
9345 4
8368 72
8376 768
10632 1574
8713 2244
9224 2321
8193 608
8392 2613
9226 2865
8203 3648
8196 2593
8913 1440
8874 1044
8704 2370
10519 640
10512 192
8250 2692
10880 52
11289 66
9418 772
8230 1417
8464 2658
9568 27
11169 20
8848 324
8196 1091
11776 418
10288 1542
8705 27
10408 838
8896 44
8323 2048
10644 512
8330 1889
8193 504
8532 547
8236 2304
10353 264
10592 532
8499 2636
8740 2
8465 579
8213 3434
9252 659
10572 561
9228 16
8208 526
8580 3153
12064 24
8640 3074
9779 192
11438 0
10376 256
8193 3080
8209 2152
8222 288
10603 512
11430 0
10240 1160
8388 42
8204 2851
11584 140
8833 2048
8353 84
8971 3105
9753 2178
8529 548
9472 674
9026 2081
8525 1536
8396 1795
9264 2059
8792 39
10264 1185
10772 1187
8212 3272
9217 130
8288 1156
8544 527
8716 3248
9755 2144
8449 1080
9218 197
8449 2568
8228 1873
10754 17
8712 1268
10593 5
8640 1571
8192 2325
8194 3089
9480 564
9624 4
8324 2640
11978 384
9760 474
9185 20
9728 128
9932 2097
9956 2306
10625 1090
10372 586
8448 3589
8224 542
9280 390
9221 682
10342 641
8224 3611
9486 2112
11349 804
8232 2101
10308 680
8329 4
8768 138
10800 1097
8715 160
11392 514
10372 280
8201 3088
9355 4
8194 2261
8708 177
8736 157
9257 976
11264 608
8228 778
8258 2048
8259 650
8704 2283
9544 2565
8408 1
9755 2112
8480 2579
8226 904
8196 3136
8832 1112
11832 133
9568 128
9529 198
8868 2385
9309 640
8208 3593
9696 2576
8864 1034
9099 3153
10540 593
8224 816
8297 1046
10028 193
8291 3720
8577 2048
8450 1196
8214 3152
11008 595
10255 1744
8533 3744
9649 776
8704 2315
8324 3658
9296 2816
10432 1817
11672 69
9580 0
8193 106
9216 712
8336 3107
10752 333
8201 1569
8352 585
8802 313
8257 424
8520 3585
11328 50
8426 0
8584 2672
8210 3913
8713 438
9734 96
9243 384
10832 136
8208 3490
8230 16
10882 1057
8346 3333
8196 2187
9061 1034
10307 1064
8259 2944
10276 1681
10282 225
9376 2061
8838 257
8390 272
8257 768
8218 1029
8649 1072
8244 256
10280 1618
8808 274
10304 2441
8384 3364
8329 1094
9559 8
10278 1792
10371 1792
11561 592
8781 1156
8784 1056
9666 2564
11790 17
9647 576
9666 9
8240 1291
9749 138
8320 2080
8522 2577
8902 41
9893 266
9294 2048
10242 300
8993 64
8737 1024
8354 2817
9294 400
9248 81
8235 1556
8993 1114
8320 3188
10382 1792
9284 2322
9312 2064
8943 1024
9921 8
8518 2600
10296 896
9985 3248
8540 3714
10754 1296
8907 1060
9818 2177
9731 16
8920 256
9152 2067
10345 1158
9730 696
8332 355
9992 2133
10184 2064
11336 23
10756 81
9232 684
9985 2222
8320 1380
10241 568
10240 121
8192 293
11522 712
8260 424
8326 1032
11520 77
9305 556
8202 1184
8384 2085
8224 3145
11676 513
8657 3072
8704 1056
9414 2337
11905 66
11161 1026
11521 192
9449 256
8904 1328
8704 2077
8376 1282
8304 256
8609 66
8195 292
8321 2172
10148 74
11848 160
8541 3712
8796 2304
8192 2007
9237 168
8656 2056
9219 592
8405 2592
9492 2178
8456 1047
8712 420
8768 8
8663 544
8216 160
8226 268
8243 2888
8961 36
9576 512
10308 1944
9218 264
9483 660
9346 812
10305 1290
8392 1329
10752 34
9346 280
8200 364
8232 1665
8200 1172
8232 4
10769 64
10020 2114
9353 2082
9307 672
8278 1416
8840 1
10856 139
8730 32
8268 3204
8328 1
11721 512
10448 524
9258 321
8320 2918
8784 1056
11008 7
8211 2052
10016 68
8353 2446
9519 64
10242 13
8273 1668
9860 40
8448 662
8224 776
9344 772
8486 3072
8195 2336
8324 1650
8192 1670
8268 1042
8196 1122
10348 819
8975 2432
8201 1088
8549 1664
8194 3661
8580 1032
9483 148
8824 2176
8390 2592
8482 3840
11154 12
8724 2347
8290 1284
10272 1045
8209 2752
9921 2076
8337 1540
8737 330
11569 128
9284 161
8734 2050
10250 1472
8488 2192
8226 2068
8960 3089
10379 768
11298 68
10563 536
10304 1714
8240 2689
8900 2315
10434 1044
9656 0
8198 1216
10913 1096
8961 2160
8512 18
10320 388
10308 529
9217 844
8456 3221
10257 710
11720 547
10673 1028
8448 2203
9800 2560
8206 288
10544 1032
8208 195
9234 128
10313 1686
9474 2197
10818 61
8261 1032
9248 540
10444 513
10564 129
8725 66
11244 18
8899 3108
10309 1298
9856 104
10336 1938
10528 1537
10372 552
10752 258
9475 704
8194 1828
8472 163
8704 112
10513 136
8192 1424
11342 513
10243 780
8832 296
10501 136
9248 2626
8272 782
9025 1160
9217 776
11776 465
8258 2184
9280 680
8576 2146
8520 2658
10504 1056
10464 24
8923 2048
11912 5
8769 28
9254 768
9777 384
8345 3158
8288 3202
11025 72
8208 354
8857 3110
8424 0
8207 784
9348 2120
8996 147
8264 1174
8517 1154
11027 128
9266 2253
11393 258
8721 160
8192 2259
8396 1040
10240 1143
11850 1076
8199 848
8755 193
9831 152
10656 93
10400 8
9733 2160
9985 192
8337 518
8660 608
10304 43
8324 1025
8705 2292
10432 1059
10372 32
9412 259
8992 209
8386 1800
8272 641
8261 424
8832 3074
8322 36
10498 1688
10272 7
9761 2512
8233 1044
10560 686
8576 28
9572 2562
10676 2048
8403 8
10272 4
8885 2880
8722 3328
8721 3456
8757 2112
8962 0
8198 2856
8200 774
8288 3600
8246 832
10332 161
8505 1618
10317 417
9219 2876
8576 42
8744 2128
10560 1049
11264 515
8194 536
10137 2560
9244 8
8220 834
9220 2074
8756 328
10045 2114
11522 681
8720 416
9321 2704
8595 3620
9264 2305
10248 1092
9997 50
9772 384
11268 865
8704 396
10724 2
11056 135
8193 642
11556 136
8286 512
10763 448
8256 2050
9287 40
8520 1056
8211 3940
8696 1027
8658 1
8337 1088
9758 2336
8775 50
8280 33
10263 0
8292 2305
8848 10
10776 260
8201 1312
8452 3108
8333 1874
10275 1600
9481 2806
8192 2161
8320 456
9379 20
8896 2055
9377 2632
8234 2128
10256 557
8198 3080
8304 2182
9512 2560
9728 2103
8424 66
10508 68
11603 680
12160 98
8256 3859
8612 1034
8194 3048
10689 1032
9642 517
9604 112
8201 1250
9600 2144
8200 1666
9220 689
8761 4
9312 2690
8292 2816
8210 1288
9256 453
10378 305
11782 96
9040 35
11265 576
10752 1120
8330 785
9794 2476
8928 16
9232 808
10756 65
8201 2326
8212 1186
8325 1096
11830 9
10258 648
8417 1024
8704 3257
8272 36
9953 2102
9858 60
9120 1038
8192 2372
8744 3088
9613 72
10263 1024
12192 20
10293 2602
8718 129
11352 643
8328 3956
11457 286
8480 1155
8196 1058
8214 1161
8483 656
9221 208
9216 2211
9792 3234
9504 2205
10240 42
8486 209
10506 692
8253 3074
8456 43
8200 1696
8195 3460
11424 272
11013 1072
8363 68
11265 376
8215 1600
8450 1153
9430 264
8384 1538
8192 41
8448 213
8802 1436
11281 204
10290 480
10323 256
8645 3130
11204 41
11586 653
11048 1152
8193 2858
8792 2178
9258 513
9696 2572
8449 2218
8212 2176
8288 648
8854 105
8707 2448
8200 1026
10800 1162
11265 260
8240 3588
8201 3428
8775 3504
10251 452
10770 360
12032 336
8968 3586
9218 2116
11810 5
10701 532
9409 534
8704 257
8200 1185
8578 2081
8488 3074
10536 80
10244 1673
8993 89
11825 6
8456 2531
9607 48
8288 2070
8705 856
10707 1064
11306 580
8452 674
8888 2051
10258 1317
11776 10
8322 548
8217 3072
9770 2373
10243 516
10248 688
8342 3360
11786 256
8716 2081
8320 2630
8456 2051
8720 1283
10273 6
8295 1408
10837 10
9600 1584
8272 1571
8768 3203
8360 1
8332 3841
10385 202
8768 1282
10532 152
8286 2689
8425 4
8465 2208
11547 612
9756 226
11508 513
8980 3240
9486 49
9340 256
9221 648
8213 2592
8513 678
8909 3072
10248 1492
10240 3357
9377 2134
8240 192
8552 2
9154 8
8576 2083
10256 195
8585 1634
11936 344
10648 1088
8840 3331
8897 3078
10769 1156
9616 10
10272 1416
10184 36
11267 284
8705 1064
8352 2369
9059 3080
9497 2660
8207 360
8704 196
8201 2690
8756 192
10950 257
8260 696
11520 245
8776 52
8208 136
8250 1287
8192 3159
10056 3203
10294 1352
10275 1024
9745 160
8193 394
8369 782
11312 644
8419 1608
8192 2128
9254 344
8859 64
8368 3588
8263 520
8785 398
8192 267
8715 2176
8796 3232
11309 642
12032 211
8770 3108
9738 85
9377 330
10500 1728
9216 451
8480 1164
8224 2312
10868 260
9217 2060
8920 260
10018 64
8273 8
12128 134
8754 0
10913 1280
10508 722
9241 708
9248 2836
8256 2702
10500 1610
9216 323
8217 132
8194 1161
8209 2818
8194 528
8758 64
8722 333
9408 261
8690 9
11805 96
8340 0
10752 1305
9837 3088
8448 1224
8600 98
8192 1145
8720 64
11846 272
8792 131
9280 2442
8779 280
8393 2084
10248 1377
11523 64
9028 128
10246 1800
8290 1173
8842 0
8468 2240
10753 524
9605 66
10266 464
10272 1540
8457 726
8203 3528
10545 1218
10560 19
10272 1622
10344 786
9728 1287
9329 2088
8328 1364
10385 32
8512 152
8196 408
8880 3140
11274 401
8868 8
8714 1268
9378 145
9268 2176
10508 193
8704 1024
11284 258
8730 3457
11572 640
9737 2084
10450 524
10641 1540
9508 735
11048 1030
8704 3280
9490 192
9281 2570
8248 3330
11316 458
8260 2721
8448 2990
9746 132
8234 2133
9290 549
9312 26
8222 64
8298 1797
8214 840
8206 48
12173 1056
8289 4056
8704 100
10384 608
9856 45
8227 2452
10401 1040
12032 8
8352 1026
8725 2090
8425 528
10507 228
9249 328
8208 3491
8752 412
8886 64
8198 772
10496 74
9552 2060
11281 388
8336 3073
8720 384
8484 2626
8328 2624
8232 1619
10912 4
8964 57
10533 64
12070 192
8322 3841
8512 1538
8248 579
10240 596
11976 256
9281 2986
8705 2404
9472 82
10184 23
11596 131
10370 321
8384 561
10837 1062
10760 321
8969 1040
8206 736
8768 1385
11553 135
8262 545
10276 1538
8776 3536
8228 3089
10827 149
8984 65
8192 297
8833 42
10956 33
11304 131
8204 2771
10593 532
8577 3082
8835 8
9362 45
8464 2282
9361 48
9374 608
9216 2785
9492 713
10368 6
10659 1032
8197 0
10772 428
10752 172
9292 147
10548 520
10529 44
8200 2065
10400 1168
8384 1028
8258 2058
10288 1420
8457 2176
10616 131
8256 1077
11280 579
8208 526
10242 208
11085 32
9130 2048
8718 264
9476 2690
10370 1105
9760 2199
10368 776
8274 2308
8227 270
8210 2700
10368 856
8192 2184
8289 3592
10246 712
8216 289
9248 538
11681 532
8705 1076
8768 262
8602 1092
8228 1224
9568 129
9481 644
8969 3138
8728 1154
9762 72
8258 1541
8426 2818
11248 1152
8202 320
8248 2433
9008 3140
8456 1026
8833 288
10240 1614
8268 1552
8464 2188
11336 2693
10640 1543
8604 2114
8323 3332
9025 54
8576 2142
9344 318
11008 1123
9544 2197
8309 3
8962 77
8549 2184
9737 6
8293 658
9568 2074
8704 776
8264 1457
8459 580
10906 33
8769 3280
8546 1037
8468 1090
8390 3073
11945 320
11847 176
11840 49
8519 3584
10897 320
8714 116
8195 2736
8234 1684
11524 457
8283 32
11268 400
10380 35
8721 272
11648 38
10592 1162
8993 2054
8842 2048
10374 865
8193 3856
8524 3216
8713 36
9216 312
9362 101
9363 2884
9216 298
8283 36
8276 384
8837 1032
8833 1122
10817 1419
11524 632
9000 3281
9218 49
9350 841
8676 24
8284 1154
9548 2176
8772 3464
10768 166
9225 2246
10752 1328
9862 288
8768 2108
9424 2089
10433 258
10490 0
12042 1045
10288 648
8328 1860
8256 275
10833 268
10913 84
9760 2071
11353 160
8709 2528
10496 1177
9768 0
9280 800
8522 1573
8193 2
8469 162
8768 152
8773 3440
9040 43
8741 1290
9929 2084
8848 2344
9024 129
8449 94
11392 51
8842 3088
8260 2611
8290 2062
11410 13
8472 69
8968 67
8296 2693
8210 2432
8400 2054
8226 1040
9224 544
11590 144
8256 2306
10241 1170
9153 34
8338 2568
11090 164
9385 832
8462 2256
10768 98
9640 2049
8672 3592
9314 2436
8344 292
9569 18
8480 3722
9676 2082
8204 1729
8448 2600
9250 2069
8279 256
10240 1604
8739 196
8244 1611
8465 1576
8194 1468
10309 769
8484 3088
9361 768
8794 33
8196 720
9358 2401
8201 22
10804 385
10242 201
9017 1030
8704 2406
8216 2560
9282 512
10424 2373
9013 128
9730 2120
8224 17
10691 1024
8936 277
8256 650
10256 1261
8704 2304
10401 26
8714 305
8578 1080
9268 66
9780 137
8337 1796
8198 640
8337 2314
8992 1167
8609 2600
8962 1660
10276 344
8961 2048
10757 1378
10356 1410
12176 75
11832 326
8897 2304
9249 2506
11718 1
8228 2560
8256 2692
10336 30
8352 2315
9230 336
9476 644
8266 2820
10258 385
8520 1157
8768 8
8239 1537
8437 514
9857 2058
8367 514
10948 297
8197 906
10516 1066
8200 1618
8843 64
8192 2049
8212 1352
8579 2664
10672 8
8716 83
8768 3196
9472 2600
9564 33
10708 1033
9476 624
8196 1922
9856 2359
9288 2080
8552 130
10501 1048
8192 1737
9600 2624
8450 612
9409 300
11264 278
8592 2056
8227 1288
9112 1057
10258 293
10881 12
9506 545
10484 0
8259 2444
10752 130
8480 1098
8196 10
10916 81
9280 650
8486 1728
8212 2689
8256 2703
9280 2205
9229 784
8228 1745
8400 3337
8226 776
8280 390
11333 688
9784 258
9864 2080
8502 144
8592 2565
10404 1
9728 89
11971 0
9736 114
8464 1100
8192 44
9524 65
8517 3202
10472 784
11352 130
10664 256
8348 2945
8333 3216
8209 480
9369 2308
8339 1792
11076 24
11714 36
9778 9
10880 272
9232 2722
9360 515
8793 3200
9905 74
8616 2054
11204 58
10624 37
8307 12
9872 8
10610 2184
8280 2370
9892 2307
8518 1153
9217 2728
8541 1154
10233 2
8916 2048
10625 1064
8832 3382
9616 556
10272 93
10272 129
8577 2064
8259 1172
8345 1026
8192 100
8283 3200
10505 720
8262 2744
8208 321
8704 20
9257 768
8202 2560
8293 410
9410 289
8208 1186
8214 1704
8256 2857
10882 304
11817 20
8528 552
9345 3858
11554 197
8480 2113
8192 2909
8257 2584
11009 1058
8320 2610
8321 2864
10567 172
9972 10
8772 266
8243 3712
8728 194
8224 2386
10249 1200
8248 386
8328 2871
9728 2688
9448 17
11458 256
10291 1664
8288 1811
8721 3464
8204 1283
8734 3392
8841 288
9026 133
11281 128
8758 73
8210 1540
8224 1609
11987 8
8709 1032
10288 910
8864 3139
9473 64
10561 184
9232 2221
8384 2581
9242 2309
9463 520
9285 2592
10772 2
10307 1280
8454 1721
10304 911
9888 2051
8260 2600
8464 1024
8460 129
10576 1664
8769 2432
8448 2247
9472 513
9753 2179
9617 514
9745 42
9316 1
10840 135
10786 76
9258 532
8904 288
10432 1802
8252 1024
8376 1549
9631 64
11332 24
11435 784
10756 34
9224 2977
8431 3072
10368 1061
8258 257
8197 10
10240 280
10344 1296
8200 3153
8929 2052
8856 6
8228 2840
8706 45
8323 3860
10640 1545
9387 84
8649 1046
10277 826
8209 2924
9304 899
8369 578
8744 72
11152 1064
10753 968
8544 128
8196 2
10700 1088
9411 0
10601 640
9248 2306
8216 2211
8248 1024
8197 1866
8392 820
8206 1424
8196 2307
8256 16
8320 339
8240 2049
8458 196
10496 514
8376 2592
9468 2049
8360 2048
9377 532
10770 1
8256 53
8837 98
9992 2240
10249 770
9284 2563
8321 64
8305 320
9237 610
11552 647
9250 340
11520 517
8724 2120
8508 529
8249 454
8193 2920
11984 260
9264 2248
8450 2568
8272 544
8357 1032
11521 64
8352 1362
8673 2588
10649 1026
8960 1678
11664 45
9440 277
10273 1026
11290 2464
8496 4
8416 2312
11524 176
9498 545
10760 354
8729 128
8224 2057
9729 314
9796 17
9504 620
8256 2816
8225 138
8194 433
8226 2561
10249 1670
8458 2213
8963 2120
8456 2192
11520 747
8709 480
8777 132
9364 0
8705 90
9920 290
8500 137
8232 3591
8233 2144
9780 128
9650 2052
8728 288
8856 33
8642 521
10466 512
10284 138
9857 24
11400 18
8704 1186
10254 1552
9792 2063
8716 2131
8192 889
9377 332
10241 1756
10522 1125
11040 1157
9936 0
8520 2176
9523 652
8458 36
10656 523
10368 593
8770 3161
11530 593
8196 2336
10248 1222
8466 1221
10595 1188
8449 0
9573 0
8256 921
9741 2146
10756 16
9219 2176
8480 1160
10497 2220
10252 560
9234 2632
11469 2578
8870 88
10568 1028
8240 4032
8739 388
8997 8
10368 1027
8738 2057
8224 2052
8834 2404
9232 2122
10244 80
10820 1440
11488 540
10256 3079
8244 2953
9748 2056
8548 3584
8450 548
8500 8
9444 2323
9287 2232
8288 1283
10321 264
8494 0
8236 832
10657 0
8928 2320
10309 1944
8274 1
10272 338
8193 160
8272 1185
8200 3328
8243 2056
9218 2477
10530 16
8879 1024
8256 2557
8202 1452
9332 266
8193 42
10835 288
8246 384
8199 1226
12034 580
8972 3187
8787 128
8668 3
8195 2192
11098 1184
10340 264
9521 1156
8838 1
8771 292
8225 256
10338 1553
10025 148
9045 192
9224 65
8458 1713
8358 2112
9344 2099
9124 17
10316 695
10497 608
9606 552
10790 402
8448 672
10708 0
10528 1025
9357 64
8231 2240
8256 2181
11554 73
10552 646
8840 3140
8962 229
8848 3524
8992 2114
9394 329
8237 82
9217 2124
9644 1
9284 2562
8960 1204
8456 1665
8208 770
8962 1104
10313 4
8256 2081
8720 1320
9344 97
9216 932
8320 3179
8704 3141
10661 18
8400 3597
8299 272
10243 578
10817 1454
11532 161
8484 201
8304 9
8744 1621
8708 2307
11281 488
10529 138
8480 640
8512 3968
8354 1032
8356 9
8742 385
10248 135
8204 1219
8814 145
10280 277
8205 2832
8364 2112
8248 2626
11520 21
9097 16
8204 198
12012 17
9488 10
10498 29
8195 128
8194 160
8486 2048
10638 48
8243 836
9481 564
10899 1060
9192 3073
8406 2308
8192 2718
8204 1072
9472 2734
8270 528
10291 3080
8217 1410
8328 288
8300 2321
8194 2008
10362 256
8203 0
8838 1056
8320 1536
8213 1736
8197 1680
8448 608
10373 1040
8460 1058
8423 256
9298 417
9008 3277
9682 557
11576 322
11280 1536
9265 2560
8224 3284
9602 36
8553 3076
9728 2960
10440 1793
8673 2584
9546 65
8400 3204
8773 2816
8721 70
9256 20
11040 2048
10465 12
12052 97
8384 3119
9988 133
10790 145
8512 3088
8193 3078
10960 1285
8457 1570
8962 1184
11460 16
9186 2053
9231 2384
10244 66
11392 332
11557 1536
9233 590
8770 2081
8389 3130
9346 512
8364 1280
9232 198
10756 1089
9240 2727
11152 64
8258 384
10241 1106
8272 3
10521 1120
9856 351
9409 274
10932 322
10286 513
9537 40
8337 812
10792 1354
9345 50
10502 1152
9617 3104
8455 552
8323 2598
10822 1056
9633 532
9472 228
8480 662
9489 2150
9569 2694
8976 2244
8512 144
10278 136
9428 35
8842 1040
10752 1338
10256 1056
8742 145
11331 640
10759 1224
10256 0
8432 14
8202 2773
8962 2248
9216 528
8249 578
10256 1380
11847 144
8707 2396
9736 2642
8208 3553
10244 1314
8226 20
8850 1120
11728 514
8768 1283
8496 516
8194 2049
10512 1036
10312 784
8616 3137
8277 2560
8192 677
8236 3
8336 2568
8400 1024
8576 2
8931 20
10312 1076
8448 37
8329 1040
11072 1187
8196 3080
9476 32
8772 0
8772 1328
9091 20
10418 1285
9156 2083
11264 324
8256 2102
9265 3204
11792 192
10755 1272
9058 145
11176 70
8256 2316
9254 2329
10272 192
8228 1601
9678 2560
9664 2565
9424 1060
8448 1763
8192 24
8788 35
11816 2051
9317 282
8288 128
10241 278
9761 398
8192 3753
8769 256
8841 260
8610 2244
9480 194
8827 516
8352 3082
10033 68
10500 48
9552 2186
8736 3408
8608 24
8240 128
8712 194
10241 1292
8833 2060
9490 2121
9328 1
8721 2272
9508 2128
8966 1193
10274 860
8332 2400
11178 1
8220 2369
8724 2530
8256 36
8220 2432
9985 98
8196 2251
8196 217
11397 48
10408 1344
12040 2
8496 1541
8241 2176
9316 2056
9734 264
11926 96
9563 160
8220 2304
10627 808
11282 128
10496 1560
11282 257
12096 139
9856 6
8716 3200
8512 2105
9352 2535
10336 1672
9552 2084
8198 1328
10499 68
8455 3240
9364 162
10882 256
10832 9
8228 3393
8192 625
9154 1025
8204 1026
8659 516
9312 144
9651 516
8232 21
11392 18
10378 1045
8193 658
8262 1281
10292 131
8256 32
8768 1284
9088 2102
11393 32
8752 393
8961 1160
8224 2816
9032 32
10342 153
11264 566
9504 13
8768 1036
8336 553
10321 1056
9216 2501
10314 180
8487 1536
10405 8
9729 8
9248 133
8209 672
10250 803
11272 6
8833 1382
10176 2091
8704 1118
8192 1282
8276 33
9984 0
8704 0
11397 904
9443 2574
8224 14
8992 2120
8608 1074
8709 344
8961 2180
8480 2972
9217 660
8960 238
9225 210
9232 1059
8321 2304
10244 618
8388 1329
8226 2624
10336 408
8209 1858
10754 0
10384 2144
11269 530
11392 134
8706 1221
8890 65
8245 3008
9264 2112
8205 3712
8931 4
9237 4
8460 3072
10509 192
10758 1048
10240 577
8690 2060
10408 1379
12120 131
9294 2561
8704 1120
9798 40
10884 313
11265 2592
8740 2129
8464 579
8192 93
8272 3982
10374 624
8194 617
10496 1120
10260 520
8320 848
8610 2073
10536 1219
8768 419
8232 834
8704 6
9805 290
9600 577
8210 3300
10368 1101
8264 1941
10336 898
8261 1337
11278 288
9987 2130
11696 65
10272 80
8298 2692
11153 164
10496 1645
9429 2048
9282 644
8737 148
8322 2089
9356 624
8346 2368
9220 2736
8209 1160
10580 673
10240 2972
10262 296
8737 1476
8748 3088
8224 540
9376 270
8290 2581
8242 1025
9228 2624
9600 2080
8608 1537
8365 1808
9827 4
12176 2112
8448 2587
8385 2590
11652 33
10785 218
8281 514
8370 2560
8225 2112
8226 2960
8193 1620
9283 560
8712 1252
12104 145
10948 314
8362 3649
10585 644
9216 64
8196 920
8261 1082
10956 1075
10667 512
8508 3074
10334 1
9285 2874
8233 2384
9344 2049
9513 2624
8316 899
9745 2304
9473 74
10241 942
9491 2592
9349 352
9475 680
9282 280
10336 526
9086 3074
8449 3738
9248 17
8218 3169
9626 5
8324 1035
10368 795
9092 42
9544 694
8848 264
8837 50
8194 2881
8459 2628
9372 2881
10240 1568
9572 26
8385 1308
8192 2313
9361 2634
9000 17
9057 130
10544 1282
10242 1669
8728 1024
10248 836
8453 1176
9863 368
8724 1411
8256 1322
9681 2082
11724 514
8197 784
9508 2138
10246 1345
11522 2756
8240 1542
10318 160
8704 483
8200 1479
8704 3328
8196 26
11264 2697
8236 2432
9217 2710
9349 24
8755 2432
8227 193
8660 2560
8712 805
11474 768
8203 288
9392 581
9734 2129
8272 2305
8386 2105
9601 560
10336 29
11112 131
9028 130
11792 416
11592 529
8324 35
9220 2513
9848 388
10378 1649
8836 3328
10440 773
8992 133
9536 2
9372 2561
10954 49
11200 45
11036 1185
11848 304
8480 2193
11329 568
8464 3680
10304 11
8392 1412
8453 3594
8192 1679
9758 2048
8741 80
10257 968
11138 112
8227 132
8834 81
10849 136
11040 128
9922 260
11010 68
11842 300
11276 449
8576 2658
10881 324
8841 48
8872 2375
8408 2339
10273 1542
10250 2756
8872 99
9217 2192
11398 305
8321 2868
10560 136
10304 49
9408 19
8962 1277
9473 2054
9217 2304
8726 3273
9864 16
8326 3337
9108 1024
8898 3372
9282 681
8453 2066
9732 2507
10529 2
8489 1044
9744 290
10242 776
8385 3082
8200 2127
10546 652
8328 3073
11393 518
8328 881
8450 3689
8583 544
8344 1027
9218 2144
8194 660
10241 1088
9552 2095
11408 13
8448 131
11776 265
9925 272
8384 36
8448 558
9281 2080
9984 9
9280 303
8320 2624
8193 2324
11748 16
8541 160
11081 1200
9259 2072
8192 2258
8709 1314
10513 512
9216 8
9872 1
8577 4
8228 2122
8277 2698
8280 166
8981 1160
8522 3600
8521 1156
11408 97
11652 73
9604 2632
8736 208
9226 2321
8710 8
10250 1602
10666 1025
8291 16
8192 1648
8194 1160
8726 3408
8196 400
10690 516
8194 1793
9668 1059
8728 2401
8320 771
11799 480
11082 1
11289 864
8705 488
8576 2105
8216 1282
8840 3121
8768 3084
8355 844
10452 1312
10785 1294
9757 320
9267 518
11408 0
8456 1609
8337 32
9369 2560
9358 2321
11544 32
10252 193
9225 52
8320 3629
8344 1109
8354 3416
11552 616
10786 24
8208 1025
8219 3428
8296 3844
9378 2112
8458 3124
11305 528
9253 2308
10375 772
10688 1117
8192 3136
9960 2050
9056 1040
8192 2817
8291 2068
8440 0
10312 866
9304 258
8279 0
8453 3152
10886 32
10370 780
10602 560
9280 812
9762 1
10442 1029
8200 3381
8208 1192
8232 848
11046 0
8336 2086
9216 915
8194 3360
8208 2890
8453 1672
11840 129
10981 272
10341 1536
8768 3232
10800 11
8325 2568
10817 258
9233 36
10977 1284
10592 92
9860 81
8300 3072
8992 144
8449 512
8380 520
8468 529
9816 257
9235 960
8320 2339
8455 688
9667 552
10576 1157
9480 192
9216 40
8840 1042
8207 272
9381 320
10832 47
11910 336
10240 1912
10177 16
10464 277
11270 409
9949 2048
8280 3105
8352 853
11282 512
10840 1429
10660 64
8449 116
8212 1384
9270 2432
11418 576
10308 1034
8288 144
9220 179
10240 532
9289 36
9249 2072
10817 150
10381 50
11108 1154
8387 2324
9302 289
8256 2477
8459 1060
8856 2341
11541 9
8578 2116
8458 3776
8775 2048
9316 2434
8788 1152
8339 40
8244 776
8336 0
9257 2210
8197 1072
8256 60
9096 2131
8201 2320
8197 1024
8256 145
8196 377
10242 404
8212 577
10886 1041
10532 1160
8445 258
10252 1728
8324 1065
10789 1026
8324 2633
11024 224
9315 2128
10528 724
8265 384
10520 1024
8806 2184
9664 2090
10500 1216
8647 1592
8716 1334
8232 928
8320 324
8778 48
8896 388
9226 544
9036 2
10265 1568
9800 2339
9248 2060
8738 387
8326 2344
8195 644
10308 1057
12224 46
10328 1190
8488 1618
8281 1030
10252 129
11320 1857
10112 65
8329 2146
9909 2
10370 1821
8269 3203
9581 512
8736 3136
11264 521
8322 1041
10438 304
9249 64
10841 388
11544 582
9033 1028
10337 1298
10241 364
8262 41
8722 392
8264 2560
9011 2068
8385 32
10307 1416
8514 2048
10372 353
10924 1280
8288 1309
8352 587
11276 354
10373 64
10320 780
11704 21
9736 418
8233 2642
8776 6
9220 97
10261 34
9600 2061
11410 512
10624 624
10369 1616
8196 896
8330 1040
10544 2
8723 1060
11557 194
10256 128
8194 80
9344 386
10352 520
11544 64
9336 2054
9288 2306
8640 2573
10254 32
10820 416
8484 3664
11272 896
8964 162
8216 1952
8519 1040
10284 145
8256 641
10580 1
9290 512
8582 0
8196 521
9354 1042
8198 3432
9241 578
9796 2329
8193 644
10056 0
8476 1217
11097 132
8196 667
8963 1100
10267 452
12202 17
8294 2435
11842 176
10373 634
8252 1600
9512 2197
8194 1504
9230 240
11619 136
9772 80
9746 2368
8426 2561
9372 834
8261 786
11440 74
8984 2212
8497 2052
9248 584
8853 8
8341 2120
9216 2471
11276 532
11296 65
9384 17
10629 1106
8492 2706
9348 2153
8192 2318
9058 1049
10274 1488
8217 560
8704 1025
8220 2593
8193 2314
8833 3330
9065 1044
10760 1097
8338 269
11272 176
8320 1097
9281 268
10240 437
10533 520
10368 2
8194 32
8396 1136
8648 1542
8368 3661
8772 2072
8322 1845
9412 538
8581 2082
10828 1025
9089 1044
8198 40
8192 117
9887 0
8208 1414
8744 197
11808 20
8196 1194
11058 7
9731 2548
8200 1264
8704 290
9217 2976
8288 770
8873 322
10307 1568
10760 80
9295 3584
8336 3
8577 1634
11328 154
8237 128
9252 2889
10112 65
8538 1061
8208 418
8520 518
10920 64
9240 2368
8212 450
8262 2352
8754 1284
8513 2582
8365 3395
8321 3074
10756 129
9232 2689
9272 835
10256 1547
11052 194
8195 1088
11857 12
9346 849
8195 3172
10738 548
10001 2126
9244 2178
9860 3409
8214 36
8385 2352
9234 2432
8328 118
8768 411
10808 4
9338 256
8984 2114
8563 141
8456 2116
8486 2121
8848 77
8460 1154
10346 1281
10500 168
9600 590
8208 132
11842 420
8580 1648
11227 8
9763 256
9040 679
8448 2183
10217 2304
10392 6
8241 3200
8192 3251
9026 2071
8467 2570
10816 3112
8352 3152
8264 801
8740 449
8344 2855
8321 34
8209 2956
10880 114
8707 3360
9223 328
9674 2052
10896 1029
11025 1060
9216 65
11814 1
8356 2049
8738 3265
8209 2404
8713 2304
9368 612
8349 512
8227 2448
11332 530
8721 46
8838 64
8553 22
8928 1553
8208 129
8197 3440
11328 1670
8328 34
9476 176
9310 513
8202 2017
8212 1576
8322 1601
11556 0
11008 1104
10131 2120
9920 2093
10297 512
9120 27
9508 3072
8193 1536
9506 516
9251 2308
8618 2884
11296 642
8673 2560
9218 66
9361 608
8712 1217
9284 2577
9224 294
9361 524
8266 673
8320 274
8240 2048
8226 448
8835 44
8256 684
8484 2624
8196 1074
8714 3365
8450 3264
10499 1220
9248 2191
10208 6
8195 688
8798 1
9008 2
9408 378
11799 64
9568 2071
9258 256
8709 1330
11029 1152
8354 3200
8961 1192
9601 44
8224 909
9332 2691
10760 1447
10760 1030
9234 268
9186 3076
10433 256
11544 517
8468 2625
8539 3072
9258 644
8192 2130
11584 55
8992 1025
9088 2088
8311 648
8704 3376
8328 1607
9089 2152
9772 1
8192 3649
8710 2089
10753 384
11360 3090
8462 1216
10346 16
9771 2244
9280 2713
8833 4
9548 16
8689 0
8200 2609
8226 460
10277 130
9728 2386
11009 104
9217 2308
10304 1961
8204 131
8192 3272
8195 1008
8832 299
10459 1056
8761 2052
11273 528
10304 34
8192 3776
8272 7
9506 8
10628 82
8290 897
8609 2630
8209 162
8792 3489
11841 656
10624 0
9762 2052
9336 260
8370 520
10017 10
8210 488
10568 48
10506 1025
8752 3144
9657 2112
8272 197
8480 3085
11035 180
8385 518
9223 2496
9216 3
8500 2243
8480 3720
8398 2048
9315 2332
10370 1044
9496 66
8448 2212
8392 1044
10560 54
8196 3906
8192 3209
8780 3105
10883 268
8320 3664
8836 256
8950 3584
9281 8
8241 1026
9220 464
8704 2156
10792 450
8613 2576
10002 137
8845 3170
8969 32
11392 812
8320 2048
10849 30
8210 3808
8200 646
11789 320
9763 2056
11618 645
10305 824
8458 1109
10240 360
10309 290
8740 1489
9352 2115
10758 1152
10269 1408
8233 2184
8456 1748
10514 2180
8736 147
9641 2660
8357 712
8736 2064
8197 354
8256 1548
8209 1986
9314 644
8454 2209
11427 72
8256 3846
8192 3362
10276 1113
8225 2114
8963 1112
9810 0
8801 1178
10274 77
8770 1428
9313 2050
8352 1618
8325 1280
8320 853
8722 3328
11401 16
8200 916
8194 3784
8704 2423
9472 2216
8868 336
8218 1412
9294 673
8237 1538
12049 196
10952 0
10244 666
9370 2564
8208 297
8323 8
9472 2128
10402 1025
9682 512
10434 1596
10736 1029
9394 2048
9728 1408
11264 256
9484 2192
9286 545
10786 69
8266 3121
10552 130
10306 541
10253 384
9477 188
10274 1409
9353 2128
9233 34
8328 1652
8531 36
8268 2098
11281 672
8714 213
8195 640
8421 2562
10516 640
10777 12
12012 1
10866 0
8704 1029
8262 1025
9754 384
11392 302
11436 257
8704 2338
10666 68
8448 231
8323 260
10822 1072
8782 1024
9601 60
11780 209
8896 3114
8329 2404
8727 72
9568 128
8320 571
8714 2244
9917 2304
9094 3160
8205 128
10264 1
11907 260
9600 3592
9665 2608
10241 788
8196 2097
8248 2305
8208 136
9244 258
9002 3089
9600 20
9604 2561
8704 296
11440 260
11908 0
10950 56
11264 2216
8225 258
9029 136
9544 146
9421 34
9188 2066
11267 1368
9728 2112
10368 881
8611 1088
10385 1600
8866 1369
8581 1026
8707 3448
8196 585
8970 1232
10336 152
8835 264
9348 2656
8198 280
8193 2063
8643 20
8722 3200
8708 1168
9032 5
10253 82
8256 1691
8544 2564
8224 135
8462 2705
8960 209
8192 258
8336 32
11424 517
9440 2562
9362 264
8771 1424
9524 1
9536 2622
8560 1156
11653 98
10913 1498
11332 162
8210 3204
8964 2129
9495 2624
8964 225
10887 1432
8195 720
9240 2241
9284 2314
8528 128
8577 1024
8601 2242
8452 2144
11956 265
8841 2306
9745 66
8192 3220
8726 1216
9299 1024
9216 841
10912 2133
11783 160
9824 19
9299 0
9824 72
11138 137
8898 1104
8776 144
10312 386
8728 357
8769 1064
8453 616
8977 36
8192 1443
9252 906
9746 136
9608 2
10286 1089
8764 130
10896 67
8738 15
8256 2322
11298 777
8576 2674
11522 136
10282 449
8257 1172
11344 293
8258 1585
8298 3344
10896 1089
8458 2116
9426 2821
9426 2313
8192 135
8202 1424
9264 334
8372 329
10310 1585
10660 1240
9689 2
10273 264
10254 192
9772 1
9224 2343
8201 324
9937 8
10254 1024
8226 1856
8416 14
8278 2465
8326 2651
8482 133
8260 1
8309 3616
10256 335
8448 672
10368 1056
9284 2713
10496 48
8235 656
8272 6
9560 7
10258 43
8449 2656
8450 3081
8732 3168
9264 3905
8304 259
8321 2392
8204 561
9474 2632
8329 1826
8204 49
10753 1216
8203 1280
10736 2
8704 256
8338 1312
8462 352
9240 2118
11312 845
9128 1024
10261 1032
10837 1800
10816 537
10705 1540
11009 26
8225 3716
8193 1152
10355 768
8708 3232
11406 37
10241 1007
10752 133
8713 432
9139 4
10268 545
8340 2050
10432 570
9494 96
10275 896
8306 772
12144 6
8236 594
8992 3264
10320 647
9344 18
8772 1081
8192 1460
8704 3468
8488 2561
10328 258
11333 161
10780 291
8520 513
9283 0
9362 1
9476 2064
8352 2059
8355 468
12067 152
8721 1382
8768 3088
10032 69
10317 418
8444 514
8358 2129
8423 576
8645 2082
8320 32
8726 1024
9728 486
8456 2625
11010 17
9345 2146
8458 576
11093 168
9602 2113
11290 64
8424 1797
8228 520
8466 2696
10830 1
9358 2400
8224 2192
10241 1067
9507 2064
8720 2048
10272 6
11828 392
10770 1037
11132 161
11792 15
10321 1068
9605 82
9731 216
8291 2712
9233 206
8724 2
8332 352
10307 1200
8197 3224
8296 154
10646 96
8512 2580
11264 297
8192 563
9357 256
8200 2470
8536 2724
9216 337
8338 3396
8496 2692
8225 1620
8356 2890
8458 513
8244 641
10244 1824
10248 1028
8204 338
11040 141
10244 963
8208 864
8968 1024
8328 2115
8323 1088
10440 1317
10374 1632
9240 33
8292 3859
8360 1281
10977 1028
11275 1100
11722 48
10780 387
12033 164
9356 512
9024 2208
10704 1
11784 464
9440 2073
9281 2324
8488 2560
8585 2082
8712 2083
10496 48
10756 24
10269 544
9761 277
8513 160
9123 1096
10344 1792
10496 836
9362 2088
11814 0
8712 1031
9247 288
8192 2112
10336 139
9760 2051
10266 353
10273 220
10244 1616
8362 1537
8880 0
8369 2058
10371 1104
10823 1304
8455 80
8192 649
8330 2858
9500 224
11329 670
8217 102
9526 2632
10368 1123
10186 1
9673 552
11396 527
8224 1175
9473 158
8736 3486
10242 936
10294 129
8212 2434
10240 922
8314 256
8712 19
8232 493
11299 768
10283 80
8377 1028
10666 516
9232 891
8715 260
11978 5
8960 226
9610 2096
8225 2700
9264 324
11585 392
8549 2
11216 32
9265 708
9378 345
8448 3207
11264 455
8704 2198
11296 152
9768 3216
8770 1081
9216 1284
10272 704
9250 149
8228 1691
9290 2849
9253 2578
9812 2088
8512 2073
11136 1036
10786 896
8961 3150
8224 1092
9386 257
8978 137
8235 2560
8321 20
8192 2050
8410 3077
8217 998
9336 770
11623 129
10240 640
9408 35
10176 52
8578 1028
11397 32
10568 515
9763 2240
9225 2092
10292 1088
9276 2051
8206 1936
10804 448
8464 1153
10372 66
11088 1056
11273 562
8776 22
8704 9
10242 73
8264 3841
9229 48
8201 64
8338 268
8193 3626
8472 1025
8512 152
9224 2177
8194 289
8386 1
9060 10
8787 2052
10596 51
9296 2317
10434 128
8226 405
11916 48
9948 2306
9994 2113
10948 1544
9088 99
11266 400
8464 5
8208 3937
10248 1476
8202 1127
8537 1186
10792 263
9248 2897
10752 66
11008 88
11155 1064
9014 8
9698 776
8470 205
10438 32
8981 40
8332 2096
10380 1363
9604 2123
8320 2322
10341 128
11776 257
8221 1506
8352 528
8229 2562
11824 132
8448 13
8296 768
8832 77
9729 154
9216 820
10497 171
8411 32
8490 2565
9480 755
8484 3784
11536 68
8226 64
10001 206
8201 3072
8578 545
11008 1080
8365 1104
9732 2321
8722 36
8362 3152
8368 772
10789 24
10560 0
11302 200
8229 3458
8521 642
8196 395
10274 15
10726 1552
8323 32
8745 2176
8448 3814
9237 0
8194 2340
10720 6
9217 310
8218 3874
9705 2560
10570 1584
8376 1536
10241 896
8320 3587
8775 2304
8505 2124
8197 1538
8473 3141
8206 128
8456 1681
9808 270
9232 2824
9762 16
9270 768
10786 20
9332 2819
8652 1537
8230 1097
11308 833
10776 2144
11579 2688
8329 1346
9286 2050
10304 28
11264 415
8452 3146
9472 2200
9316 1
9472 2134
10890 112
8844 257
10336 1165
8512 2072
9857 2392
11604 161
8968 48
10342 1296
10277 192
8594 2592
9304 2944
8230 2120
10240 1465
9228 642
11649 22
11282 161
9397 2112
8992 2113
8257 618
10336 1429
11460 298
9336 2052
10768 9
9476 2578
8245 1668
8292 2176
9369 32
10240 1844
8488 129
10310 1353
8738 2524
9576 2
8192 1260
10269 1282
9237 2080
8721 3501
8583 96
8960 2256
9296 2053
8584 1
8258 288
8993 220
9233 65
8514 264
10283 1044
9217 2404
8225 2816
8498 2180
10244 1920
8298 2176
9217 2188
9344 2405
8452 641
8353 258
9264 2702
8204 1281
9544 2193
10498 1600
10417 330
8225 2320
11400 120
9540 515
8210 2348
9380 0
8582 2112
8994 3148
8568 1
8288 512
8258 3224
8745 80
9792 168
8282 1676
10240 29
8714 48
9245 2050
8288 30
8232 1027
9037 160
8307 1536
11330 128
8545 2048
9044 2218
8896 304
8263 672
8456 3072
9351 2424
8369 2564
8320 1098
10370 1041
11720 544
9284 408
10497 580
8706 1356
8376 2113
8704 1045
10496 147
10240 82
9328 2192
11264 297
9057 1030
10244 843
8725 10
9222 2344
8225 2508
8272 1152
8264 1319
8384 2060
8576 97
8245 2626
9344 2307
8220 1314
10114 16
11288 0
9352 2128
8580 2050
8202 3201
8710 240
8242 1221
8400 10
10938 256
8199 1568
8368 581
10322 161
8215 3108
11649 80
9346 301
11415 800
10320 1541
8321 8
9251 2248
8772 2209
9796 2096
9760 195
8324 624
11264 512
8330 3362
8448 1
10903 288
8261 1280
8321 60
9240 2052
9600 539
10476 272
10268 1600
10252 256
8208 772
8320 3621
9665 54
8685 2096
10298 641
9744 35
9344 547
9249 214
8844 2114
8360 3665
9301 2080
8343 3432
9473 2284
8878 1088
9858 342
8294 640
8848 3083
10052 130
8200 272
8304 1028
9256 192
9046 42
8512 2241
8461 1584
10397 1344
10306 820
8977 2240
8269 2050
12076 2
8336 74
8248 851
10562 0
8200 2343
8331 3108
8448 2656
10624 580
8256 410
8368 321
9536 1
8492 0
8192 1781
9240 2178
8451 2104
8368 2565
8842 1028
8576 72
11784 149
9217 2126
10504 2688
8194 228
10496 64
8512 24
8710 1281
8707 92
8466 3592
10320 2
8270 2592
10385 548
8728 1445
8353 1802
10242 68
8772 137
10386 1040
8709 258
8456 402
10244 388
8204 1538
11073 674
10660 17
10450 1824
8388 16
8293 1290
9792 1
8244 130
10377 32
8482 1240
8262 513
8464 3756
8296 256
9546 132
12192 66
9229 0
8224 778
10501 526
8192 3413
8194 0
10833 1024
11096 164
11912 5
8194 525
8481 1038
8236 2305
8196 1120
10498 1570
9520 515
8200 1249
8359 80
10240 2304
10760 1152
9958 17
8704 204
11299 456
10147 2116
9536 27
10304 537
9353 2114
9382 2120
8454 24
8641 2088
9532 515
8968 3206
9269 8
8246 794
9216 2568
8360 2880
10897 54
8200 70
8276 2434
8707 2152
8449 0
8256 1077
10584 1038
8520 3088
10752 364
8222 1120
8208 162
8320 3075
10337 146
8651 164
9024 3248
8256 3759
8784 54
11792 390
9478 128
9792 3
11926 9
8226 3404
8324 522
12040 85
8962 32
8224 1292
10892 1058
11300 203
8866 3072
9860 0
9729 2076
8272 260
8888 324
10906 1028
8258 516
9300 2088
8216 3268
9040 132
8980 1034
10772 1057
8800 2048
8800 2073
10251 1152
8716 162
8292 2569
8961 2288
8762 256
10272 1037
8208 3361
8241 1218
11348 129
10242 1825
8253 192
9216 188
11337 2050
8514 1176
8628 9
10774 1440
10244 1683
9828 17
9068 1041
8356 3
9771 2368
9278 2880
9334 520
8304 517
8261 1067
11972 10
9010 192
8834 129
10116 2082
9216 2688
9004 2114
9542 555
11789 129
9423 2320
9032 8
8458 1057
10512 1090
9733 2098
11823 208
10506 1536
10082 152
10240 318
8770 129
10506 0
8257 904
8489 3136
8873 1038
12034 44
8481 2709
8725 2088
11526 544
9252 83
8208 800
8257 8
8625 66
8648 3077
9249 2188
8936 1028
8496 12
8397 3584
10632 96
9284 39
8201 112
12048 152
11414 8
8244 1792
8530 1
10408 1
8504 1091
11300 456
10240 452
9261 2816
10120 20
9632 602
8746 1173
8856 1319
9240 2914
10257 70
8192 1420
8335 832
9896 2307
4355 7712
6481 5792
5139 4908
4134 4121
6162 5856
5248 4630
4520 4692
4384 5138
4394 5777
6049 4104
6945 4240
5089 5146
4304 4641
5376 4176
5227 4996
4301 5120
5125 4290
4194 6673
4485 5138
5188 4154
5216 5000
4228 5320
4160 7979
6152 4132
4225 6666
4609 7872
4896 5195
5216 4618
4357 5672
5120 4948
4608 6202
4625 5200
7441 4640
5120 7130
4342 4121
6166 4128
5504 4103
4749 7936
6912 4136
7805 4098
5123 6480
4832 7178
4201 4992
4316 7240
4699 4132
4804 5128
4608 5122
5290 6400
4113 6220
4156 4672
7210 4753
6225 5538
4640 4416
4554 6688
6145 5648
4512 5212
4776 4228
5120 4365
7432 4737
4178 7296
6593 4124
6146 4345
5376 6694
7176 4836
6209 7558
4876 5121
5386 5824
6592 4206
5153 6296
6752 4105
6216 5125
4257 4864
6144 4247
4100 5200
5128 4625
6433 5202
4286 5376
8080 6180
7428 4171
4296 5124
4608 6288
6320 4102
7568 4169
4180 7840
5825 4620
6401 5858
5124 4144
4912 5248
4232 7174
4993 7292
5933 4096
6406 5136
7724 4098
6754 4113
4370 7832
5160 4944
4147 7300
4740 5338
4178 5508
4232 4182
4399 4992
5657 6144
4608 5228
4928 4112
6236 4612
7700 4136
4144 5383
5904 6248
4102 5136
5145 7172
5776 6401
5120 4240
7236 4864
4545 4110
7312 4711
4096 7876
4640 6293
4432 5155
4353 4746
4460 5632
6183 5128
4232 4128
4148 5120
4224 4381
4389 7256
5776 6448
4272 4108
4283 7232
5120 4196
4424 4114
6193 5256
6180 4930
4241 7494
4424 4788
5121 6870
4928 6322
4629 4520
6370 5637
5128 4595
4098 5033
4104 4353
4624 4225
6184 5697
7969 4104
6145 5548
6413 4642
5760 4401
4681 4242
5603 4608
5152 6291
4133 6216
4416 5121
4385 4756
4193 7298
6274 4117
4115 5644
4096 4491
4113 4676
6344 5168
4096 5024
5124 6848
6216 4229
4529 6656
4358 6712
7433 4100
4652 6272
4251 4096
4392 5651
6346 4657
6273 4118
4864 6790
4360 5267
4616 4280
4313 4372
6158 5121
7024 4096
6352 4879
4243 5120
5634 6168
7264 4624
4624 5127
4373 5664
4358 6352
4673 4272
6146 4579
4100 6049
4412 5121
4387 4166
9482 6144
10560 5664
8304 7171
8192 5903
9831 4112
8202 4496
8448 5175
8328 4369
8576 4100
8644 6179
9316 6912
10084 4104
8450 4952
8320 4110
8257 4994
9473 4234
10274 4737
8417 5656
8739 4168
8819 6592
8240 4224
8320 4131
9219 6424
8721 6820
9031 7208
8200 7938
9472 4099
8961 4136
9222 6186
8265 4736
10248 5136
8210 4801
8832 6166
10050 4113
10100 4124
10242 5536
10002 4108
10242 5288
8632 4162
10049 4230
9472 6355
8195 6180
9729 4504
8244 4224
8736 6144
11814 4616
8705 5392
8336 6208
8200 6676
10240 4372
10434 4368
8364 5696
10400 5185
8364 6917
11688 4119
9680 6693
10440 4101
8872 4288
8193 5646
8197 4554
10465 4112
8265 4898
9488 6820
10240 5126
8472 6724
9426 4096
8237 4352
8976 7172
9664 6304
8592 7720
8224 7697
10288 4301
8846 4113
9472 4651
8577 7256
10244 4768
11904 4186
8504 7168
11348 4873
8600 4611
9297 7040
8232 5272
8448 4640
9232 4744
10264 4099
11856 4228
9216 4614
9088 5148
10856 6277
8960 5346
8340 4107
8288 5894
8193 6812
8400 6146
8712 5410
8724 7369
8968 4385
8705 4300
10816 4497
8196 5833
8451 4096
9729 6344
10244 4496
9287 4608
8232 4167
11272 4244
8242 6984
10248 5140
10577 4138
8706 4480
10304 4106
8962 4192
9286 4609
8352 4947
8706 7345
9740 4257
8832 4491
8583 4164
8200 4736
8532 7170
11232 4108
10256 5888
8582 4096
10857 5136
8207 6528
10309 4112
8610 4624
9280 6708
8194 7228
8741 6224
9762 6540
8512 4154
9243 4832
8872 6483
8712 5376
8232 5907
10305 4263
12044 5282
8224 6720
9104 7177
9396 4161
10388 5128
9537 6298
8588 7168
10576 4384
10755 4496
8208 7305
8321 7450
10522 5760
8749 6464
8464 6658
9361 6156
10257 4164
10624 4664
8509 4096
11088 4108
8320 7944
8384 4897
11784 4176
11676 4706
8282 6148
10157 4624
11297 5006
8590 4128
10245 5304
10081 6164
11821 4352
8984 6213
8501 5698
10304 4736
9361 6700
11428 4096
9218 6404
11432 4096
9508 6352
8193 4100
10240 4864
8616 4691
9856 4163
10249 4100
9285 6784
8246 6400
8899 5172
8834 4392
11266 4096
9304 4103
9361 4136
8979 6368
8704 7172
10752 4103
10497 4096
10380 4098
9221 7090
10408 5121
9361 4132
10273 5712
8544 6155
9108 6240
9312 6807
8193 5954
10272 5396
10290 4297
8222 5248
8192 7936
8472 4100
8704 6149
10285 4490
9238 4449
11404 4097
9221 6920
10400 5442
9216 4112
8773 6170
8498 4097
10823 4480
8198 4880
10547 6656
8464 5762
8262 5640
9155 6152
9272 4229
8256 6536
10337 6026
8368 6669
8270 6192
9032 6196
8259 5648
9221 4672
9184 7178
9233 4224
11298 4748
9000 5154
8193 4628
9344 4960
11400 4679
9344 6833
11794 4389
11281 4644
8203 6724
8195 6432
10944 4130
9563 4096
10388 4608
8321 6156
10245 5256
8720 5389
10801 4356
8556 6658
9224 4227
10184 6144
9601 6738
10896 4181
8912 6409
10240 5122
10241 4194
10343 5248
8585 4114
8961 6216
9856 4096
10432 5134
9249 7564
10502 5809
9326 6288
10260 4160
8595 6220
8826 7168
10297 4548
8256 6033
10528 4816
8456 5293
8656 6696
8265 6912
8340 4938
9237 4328
10884 4136
10388 4136
8768 6164
8340 4864
10784 4226
9481 4614
10337 5254
8386 4136
11476 4394
8848 5120
8240 7565
9296 4618
8720 5139
9056 5121
10752 5267
11329 4106
9281 4656
8194 6401
9364 6720
10906 5408
10772 4224
8208 5379
8518 7688
8195 5408
10256 8034
10240 4676
9518 4617
9602 6664
8200 4544
10368 6730
9024 5157
8514 5672
8232 7824
8577 7756
10258 4608
9409 6912
9238 4129
9217 6500
10248 4608
9000 7234
8407 4128
8192 5193
8669 7808
8548 7689
8368 5700
8482 4616
9234 4681
8278 4224
10376 4615
8449 5218
8780 7465
9353 5390
8710 4408
10816 5376
8449 5696
11426 4864
9296 4100
8710 5488
10308 4408
9280 6186
8264 4233
12176 4128
11860 4096
9282 4257
8193 4164
11359 4096
8714 5152
9353 6144
8448 6176
8453 4608
8832 7236
8768 5120
8961 5250
9272 4742
11440 4233
8320 7984
11347 4224
10625 4640
10264 7266
10497 5688
8429 4624
8432 7429
10308 4922
9352 6144
9902 4169
10256 4422
11284 4418
10464 4098
9232 6500
8584 7461
10274 5777
9234 6305
9060 4249
10449 4384
11164 4608
8963 5224
11544 4133
8580 4672
8336 4163
8224 5532
9352 6262
9376 4873
8192 5295
8840 4421
8590 4176
10752 4193
8788 7434
9192 7168
9472 4194
8328 8050
8603 4610
8208 6915
10303 5632
11325 4192
9620 6690
10898 5385
8713 4260
9536 6676
9345 4102
10672 4608
9232 6151
8205 4992
11084 4128
8512 7700
8193 5760
8511 4800
8193 6772
8834 4201
8257 4738
8192 6525
10244 4226
10503 5128
9392 4357
9004 4099
8209 4160
11271 4096
9607 4416
8232 7169
8258 5124
8197 5632
8772 4153
12040 4134
8374 5121
10336 5123
9220 4800
8219 4968
11794 4228
9858 5123
8265 5668
9523 4608
12104 4226
9288 6402
9158 7168
8712 4165
10548 4168
8774 5272
11072 4102
10149 4354
9216 4348
9704 6676
9517 4240
10513 4744
9826 4388
8848 6214
9292 6401
9348 6489
8417 4108
10318 4369
9104 6152
10628 4098
8860 5186
8612 4106
9865 6196
10308 4128
8267 7076
8832 7170
11183 4096
10273 4114
8513 5150
8197 7426
8201 6672
8369 5382
8488 4102
12144 4109
11088 5129
9264 4610
8200 4868
8261 6666
10626 5705
10293 4162
10272 5762
8706 4352
8992 7323
8716 4112
8223 4482
8208 4906
8836 4189
8323 4708
8448 5149
10259 5120
11056 4232
10240 4816
8272 4360
9264 4678
8225 6226
8610 5713
8961 4096
10457 5120
8502 4096
8196 4456
11008 4224
10016 4240
8200 4483
10564 4226
8200 5169
11530 4624
11759 4624
8552 5185
9253 4626
8228 7953
8450 6700
8208 6208
8771 5380
8326 6216
9858 4200
8200 4612
8705 5288
8769 6192
8216 5031
8198 4688
10340 4611
9289 6576
8960 6170
11872 4241
11553 4184
8970 4100
9304 4864
8202 4400
10281 4118
10690 4652
9288 6706
9347 6660
10784 5525
8712 5552
11648 5196
8800 5384
11264 4522
8320 6419
8320 5705
11312 4105
8328 7428
9219 6288
8480 5641
10822 4480
9736 4192
9225 6288
11861 4232
8198 5905
10281 5201
8332 4128
9374 4864
8233 4356
8196 5411
11057 4242
9220 4330
9345 4610
8272 4256
8384 6178
9217 6150
8553 4628
9264 6732
9251 4380
8841 5126
8392 6932
9216 4962
8206 5920
8256 4110
8706 4396
9372 5442
10250 4128
11506 4396
9218 4097
8628 6208
9608 6210
9028 6146
9218 4228
9408 4134
10880 4180
10241 4642
8325 5472
8726 5280
10818 5284
8194 6160
9288 6709
10833 4384
9862 4433
10272 4312
11424 4928
8251 5892
10265 6150
9104 6184
9748 6402
9220 6567
8293 5272
9286 6657
8216 5253
8968 6342
8721 7558
8275 4872
8272 4132
8482 7744
8209 6698
8193 7364
8948 6402
8386 7440
9097 5184
9288 4128
9254 6920
9578 4629
8192 7696
8326 4873
9730 4180
10298 4160
8706 6237
11616 4096
8208 7685
9553 6822
8210 5293
9218 6309
9752 5331
8641 7466
12164 4128
10754 5480
9600 4173
10789 4544
8368 7170
8257 8076
8272 4780
11172 4146
11297 4354
8962 7200
9741 7490
8464 4322
9378 4105
11306 4801
9478 6168
11296 4819
8544 4767
9129 6144
11810 4496
8388 4096
8745 4354
9260 4886
8582 7168
10947 4096
11266 4233
8704 6438
8529 5632
9861 6146
9301 4104
8195 4128
8450 4824
9380 4106
8204 6722
8995 7308
8260 4250
8194 4920
11665 4610
8720 5122
10273 5386
8742 5280
10816 4380
10257 4992
8226 5716
8346 4864
8328 4134
10265 4420
8322 5385
10248 5268
8428 4178
8642 6148
8192 5873
8458 5124
9490 4133
8224 6208
9796 4376
8193 6882
9808 6144
8198 7080
8236 4610
8212 5514
8704 6028
10362 4096
9238 4738
9415 6440
8370 5388
8292 6449
9312 6928
9474 5693
8592 4110
9006 4176
10114 6160
11286 4648
9426 6720
8496 4741
9263 4320
10240 4490
8960 6290
10344 4373
12040 4164
10434 4361
8872 5204
9743 4320
8736 7249
8224 4363
9985 6292
8264 6423
8220 4352
8401 4620
8225 5208
9277 6528
11520 4197
11024 4295
8453 4720
11780 4577
8212 4298
8289 5128
8448 5840
8517 6824
10288 4101
9248 4164
8775 5168
8768 6434
8320 4374
8616 5127
8277 6176
11040 5197
11850 4096
8423 4633
8996 4107
8226 7244
9239 4672
8324 4275
8984 6246
10256 4777
10256 4399
9236 5034
10312 5168
11329 4372
9291 4880
8484 4609
8258 4273
8324 4872
8201 5504
10767 4128
8704 4114
8208 4673
8204 4144
10515 4160
10400 4096
8965 7386
10246 5248
9233 4362
8530 6917
11268 4114
8196 6923
9218 5088
8768 6457
9228 6899
8592 6217
11777 4482
8225 4752
8213 6400
10246 4819
8454 6352
9476 6672
8224 6730
10331 5184
10240 5921
9824 6186
8201 4224
9540 6154
8896 5145
8668 6144
9249 4612
8201 6374
11405 4640
9508 4288
10248 5216
8542 6692
8410 4388
8393 5888
9216 4419
8192 4952
9224 6434
10752 4306
8640 4114
11308 4608
9760 4609
8297 4100
10336 5124
11300 4818
8488 7367
8454 5120
8218 6688
11297 4680
8386 7748
8256 6149
8460 6208
8693 4610
8280 4354
9781 4296
8608 5662
10369 5652
8276 4107
8392 7683
10243 5372
10368 5244
8772 4537
8704 4417
10408 4177
9000 5202
8230 5325
10352 5378
10250 4741
9424 4365
8801 6148
10085 4106
9280 6843
8704 7649
10249 4150
8226 7197
9570 4096
10272 5056
8226 7449
8452 4768
8704 7302
8448 6285
8192 6345
8584 4118
8865 5384
9680 4134
10246 5096
8517 5256
9227 4100
11356 4481
9218 6792
8457 4624
8261 5016
8972 6354
8240 7233
11314 4748
9878 4360
10500 4609
8579 4168
9474 4773
11434 4672
9216 4200
8336 7172
10433 5132
12032 4260
10320 4128
11665 4610
9604 4704
9604 6256
9698 6153
10015 4224
11328 5922
9732 4832
8224 6732
9281 6794
8456 6343
10330 4612
8448 7239
8300 4610
8224 6208
10512 4357
8210 5160
10243 4528
9097 5234
10307 5152
8200 7271
9351 4656
9094 5169
9258 6480
11269 4704
10395 5376
10368 5700
11624 4625
11890 4100
11299 4096
9488 6371
9140 4099
8544 5128
8192 5823
8720 6306
9233 6216
10880 5187
10880 4970
8256 5282
11502 4104
9024 6325
8352 6152
8736 4124
9288 4100
10248 4233
8192 6161
8325 4112
8196 7745
8192 6297
8772 5377
11267 4801
10368 5244
9377 6160
8896 5376
9761 4122
11328 4157
11276 4496
9248 4096
8483 5768
8192 4696
10336 5145
8512 4147
8710 6144
8214 5224
8268 6018
8234 5524
9696 4102
8193 6722
9761 4480
8200 5699
10496 4785
11904 4417
9248 4992
10448 4100
8832 4468
11364 4353
9808 6187
8736 4105
8192 5400
8710 5281
8472 7168
9392 6156
10761 4646
9738 6144
10528 4188
8885 4168
8704 4316
9426 6144
8334 6496
9505 4701
8449 4202
10241 5134
8437 5130
9280 4865
9238 6432
8246 5761
11778 4132
8352 4864
9348 4449
8592 4129
8323 5724
8857 5122
9827 4124
8513 5646
9579 6272
10282 5633
9760 5456
8228 7938
8576 5145
8321 5441
10019 6148
9223 4096
8342 4352
8721 5346
9313 6416
8506 4164
9630 4672
9410 6415
10016 4108
9920 6534
11336 4738
9377 4146
8196 4322
10392 4675
10242 4168
11425 5066
8378 4096
8329 5206
9745 6208
8212 6305
10896 4362
8196 6794
9480 4240
9217 6586
10281 4682
10324 5634
10802 4097
8289 4248
8320 5127
8328 5458
8708 6250
8246 7945
8797 5248
8320 6160
10899 4420
8239 4096
9152 5140
8736 4112
8266 4869
8896 4096
8210 7816
8270 4128
11844 4099
9252 6417
10499 4704
8321 6746
10242 5408
8736 5254
10272 4296
8232 4098
8609 4096
9258 4992
8582 6152
8224 4625
9298 4228
10242 7037
8231 5376
9024 5248
10400 4886
9749 7624
8200 6435
11840 4225
8512 6281
8633 4610
11416 4228
8346 5636
8326 5193
8194 4681
11264 4225
8234 6150
9088 6167
8552 4096
10126 4192
8238 5376
8524 5684
8234 6785
11393 4644
8914 5164
10132 4098
8492 6353
8324 4939
10288 5058
8401 4608
9048 4098
10755 4472
9236 5056
8796 6432
8354 5133
8232 4935
9283 4480
9496 4774
8208 5184
9296 6176
11978 6145
10402 5952
9864 6421
8952 7175
9481 6224
8720 7239
8844 4416
9656 6150
8272 4520
9250 6720
11316 4232
9430 4096
8457 6838
9216 4209
8960 5296
10396 4193
9218 7008
11300 4185
10496 4242
9092 5161
8740 5131
10430 5380
8961 5142
8450 4133
12095 6208
9755 4240
8321 5722
10496 4235
8213 5792
8720 7618
8192 7593
10402 4612
8195 7496
11226 4161
8192 4139
10432 5132
10277 5376
10320 4398
10240 4853
8213 5322
8800 4097
8977 6152
8320 6500
8224 7939
9481 4210
8200 4848
10512 4330
8194 5620
10400 4629
10258 4129
8584 5479
8193 4264
8507 5248
9440 4098
8216 6465
10504 4279
10243 4752
9216 6462
10756 4416
8326 5744
9224 4612
10896 4173
10280 5763
8798 7169
10882 4112
9344 5891
8192 6824
9728 4164
8224 6404
8996 7234
8258 4225
10414 4928
10149 4096
10176 4100
10658 4160
8780 4354
8213 4608
8840 6486
8544 4226
8745 6164
10886 4408
9346 6914
9249 4672
8387 4128
8202 6592
11361 4608
10496 5362
8605 6146
9908 4352
9996 4242
8730 5249
8852 4196
10304 5820
11882 4484
8716 6625
9225 4352
8256 5128
10886 5153
9257 4482
8193 7394
9281 6316
11268 6410
8929 6168
9488 4609
8450 6104
9289 4752
8745 4416
10584 4225
10250 4320
8708 7552
11396 4169
8193 4578
9216 5159
8194 5457
9560 4609
10377 5428
9541 4634
10384 4648
8770 6155
9344 4106
8208 4225
8210 4392
8460 4609
8210 7692
8297 5778
10760 4129
10304 4096
10296 5011
9871 4400
9878 4168
10914 4105
8840 7548
10297 4098
11442 4996
9349 4938
10240 4164
10504 5137
8356 4379
10776 5409
8854 4192
8320 4197
8524 4736
9738 4229
8961 4260
8263 6912
10370 5444
8704 7513
10272 4929
8192 5142
8224 4297
8234 6800
8803 4224
11092 4233
8362 7956
8224 6660
9380 4938
8359 5122
10880 4500
8452 6672
8449 4262
9609 4610
10924 5186
8286 6144
8770 4508
9313 6528
8240 6785
10373 4160
9392 6412
9049 4128
8584 5127
8706 5448
11264 4422
10840 4608
8448 5180
8748 7186
8198 7648
8712 4134
8328 4160
11539 4676
10256 4111
9260 4168
10118 6192
9219 4488
8193 6714
10240 4097
9216 6516
8277 4096
11928 4098
8780 6145
8712 4102
10272 4610
8744 7488
8209 5794
8320 7484
9734 6192
8902 4153
10320 5919
8305 4618
8614 5696
8480 6792
11011 4192
9685 5120
9608 6181
8976 6215
11588 4760
8833 4170
8518 5152
8994 5208
8282 4392
9368 6918
10432 5932
11297 4736
10529 4616
8320 6158
11408 4096
10507 5634
8192 6818
10233 4100
8787 4104
10245 5154
8448 5896
9219 4164
8714 5125
8465 7178
8705 7566
9425 4102
11320 4417
8866 5444
9256 6528
8808 6167
8208 5131
8744 6149
11520 4112
9491 6340
8708 6363
9232 6402
10514 4104
8981 6210
11536 4745
8192 4884
9216 4545
8201 4322
10760 4771
9106 5385
8904 4372
9123 4096
8232 6674
8960 5128
8313 5696
8216 4421
9296 4612
10762 4100
8978 4168
10304 4785
9285 6288
10507 4177
9218 6180
8205 6194
9761 4420
11419 4644
8969 4178
8399 4640
9216 4808
8453 4736
8204 6096
8320 4389
8258 4892
8322 4176
8770 6184
9216 5589
10255 4096
8242 4421
8881 4100
8864 4118
10400 4955
9237 4096
9765 6144
10754 5153
8839 6176
10344 5776
8832 7264
11332 4145
8360 5187
8196 5763
8291 5760
11845 4362
8200 6469
9370 4673
8400 5632
8886 6665
8513 5250
10696 4109
8456 4613
8992 4299
9744 6282
8454 4232
10536 4803
8193 4256
9248 4427
9028 6176
8222 4737
8204 4803
10720 4098
9474 6185
10756 4443
10385 4608
10400 4189
9739 4164
10644 4642
9490 6216
8497 6156
9424 4364
8192 4800
10771 5440
11324 4099
9224 4401
9228 5056
10756 6634
8524 6282
9280 6312
9196 5136
8192 4368
9600 4276
10753 4124
10856 4098
8229 7626
8466 4673
8705 5420
8768 4145
8498 7048
10327 4104
8528 4616
8448 7878
10776 5120
8323 5156
10512 5225
10594 5636
8212 6688
11337 4370
8240 5832
8352 7194
10664 5717
8753 4296
8988 6242
8356 4434
9530 6148
8294 5248
10274 4105
10000 4261
8712 6337
8392 4120
8200 4471
8773 4242
8533 7168
8779 4480
8728 5447
10388 4361
8256 6677
8256 4232
9435 4100
9254 4120
9473 4100
10290 4421
8257 4134
8244 6208
12162 4112
8448 4237
10249 4289
9924 4115
8192 6320
10281 4354
10210 4120
11420 4672
8516 7810
9222 5072
8328 6657
9218 4692
8240 5901
8210 7560
9472 4843
9316 4737
10272 4226
10682 4100
9218 4689
9007 6272
11039 5152
9605 5752
8512 6148
11018 4800
8194 5456
8450 5169
9858 4160
8206 4161
10786 4100
11437 4096
8704 6178
10251 5232
10690 4613
8721 6188
8355 5136
9440 4364
8972 6899
8737 5576
8321 5442
8802 4400
9740 4352
10499 5652
10434 5376
9480 4246
8776 6150
10528 4736
9478 4656
10944 4366
8224 7309
10544 4224
8207 6608
8744 4163
8470 7908
8201 6914
8216 6821
11297 4552
8666 7172
11370 4736
9354 4128
10368 4626
10247 4672
8720 4388
10304 5252
9728 4136
10992 4364
10260 5155
8200 5904
11398 4513
8196 7939
11650 4169
8196 6656
10685 4610
8211 6400
8256 7329
8210 7233
9409 6184
9513 4096
9762 6157
9268 4369
10442 4384
8284 6912
10068 4226
9769 4436
8320 4864
10256 6024
8195 5180
12032 4678
10882 4097
8964 6238
8545 4114
8655 7216
10880 5124
8198 4561
8704 4112
8837 5416
8256 4481
9344 4456
8196 6145
8209 5504
10761 4096
10268 4610
8256 5024
8320 4946
10368 4386
9408 6404
8196 4227
10240 6785
8594 6252
9539 6288
9284 5936
8258 7201
8512 4273
8866 6148
8241 4742
9344 4466
8358 5440
8630 4672
9184 4099
9688 4132
8654 4096
8192 4485
8791 4096
8384 6072
8256 4113
8531 4608
9569 4624
8252 4096
8984 4167
10288 4365
8192 6172
8578 6765
8193 6292
9906 6401
8770 5384
8261 5306
10436 4378
10258 4300
9236 5345
8200 6341
8201 4578
9794 4225
8750 4417
10000 6283
8196 5416
8266 6176
9473 6174
10318 4980
8192 6620
8194 4820
11009 4110
9232 6530
9984 4232
8200 5443
8402 7168
8508 7297
8961 4192
11685 4160
11328 4257
10016 6348
9328 6668
8277 4640
9741 6528
10264 4676
8588 5696
9715 4096
8482 6276
8356 4371
10584 4131
8204 7168
9257 4224
10249 5492
8474 5248
9336 6657
8304 5129
8549 4112
9538 4644
9217 4098
9987 4250
8210 5284
8386 4352
10180 6144
9231 4864
8224 7181
9108 6145
8752 6153
10263 4872
8272 5413
8201 4436
9475 4300
8356 7243
8196 7888
8288 6252
8354 4936
8345 5700
9356 6992
8242 5900
10245 4184
8484 5784
8704 6409
8196 4681
10632 4130
8971 6208
11800 4323
8710 4112
8466 6153
8194 4253
8192 6156
8468 5760
8448 4680
8232 5317
10836 4096
10672 4104
8218 6049
9001 5126
8484 5634
10250 4764
10512 4768
9296 4772
10309 4098
8200 4130
10400 5701
8704 7396
8770 4096
8352 5377
9990 4096
8224 4500
8744 7441
8519 4232
8768 4480
9480 6273
11068 5312
8755 4364
8193 5828
8841 4356
8448 5827
11258 4100
8330 5668
9219 4880
8252 7233
9417 4356
10368 4389
8721 5124
8456 5762
10385 4900
9444 6672
9874 6401
9318 4112
9253 7364
11944 4357
11573 4784
10298 5761
9760 6147
8458 4612
8197 6656
10785 4130
10370 5957
9573 6662
8256 5636
9202 5121
10203 6146
10518 5248
8992 6281
8870 6144
9557 6690
8322 4161
10248 5556
11302 4160
8692 4101
8240 4165
8976 4106
10761 4336
8193 4274
10112 4167
10752 5396
10708 5656
11264 4228
8402 7172
9728 6274
11376 4357
8545 5121
9020 4098
8734 6561
8488 5636
10264 4704
8454 5273
8773 4888
8408 4118
8289 5264
9490 6176
9268 4616
9506 6793
8722 4352
8561 6146
8976 5121
9345 4155
9220 6800
8208 4834
8305 5644
11876 4370
8391 5896
8240 5194
9730 6468
8816 4096
8657 6180
8217 8068
11836 4096
8227 4288
10314 6064
9376 6405
8981 5282
10500 5264
9248 4096
8338 6244
11924 4108
9349 6232
9252 5001
8937 5140
8712 7395
11209 5170
8352 5129
8258 6660
9248 4167
8965 6352
8457 4118
10244 4616
8216 4929
10884 4097
8396 4098
9376 6234
9428 4099
8194 5707
8610 4616
11265 4482
9768 4363
10770 5121
10370 4368
8898 7184
8214 6952
8706 5453
8257 6958
8748 4288
8334 4177
8453 5264
9254 4624
9216 4492
8200 7574
8552 7952
10752 5138
8257 6930
9224 4128
10626 5673
8322 6168
11685 4176
10504 4224
10509 5122
8282 5153
8224 6217
8728 5312
9345 4612
8722 6369
10715 5124
10884 4192
9216 4202
9089 4196
9807 6432
10496 4096
8448 6343
8771 5376
11014 5137
10252 4113
8240 4096
9092 4193
8385 4622
8306 5573
9225 4114
8256 4500
9216 4096
8448 4232
8768 4509
8452 7227
8594 5688
8200 6230
8194 4101
8368 4096
8194 6616
9482 6881
8521 5174
8343 8064
8328 6163
8641 7200
8192 4224
10828 4369
11392 4411
8257 5412
8194 4133
8233 7442
8858 5188
10880 4400
8328 6912
8200 5266
11396 4691
8196 6408
8226 7752
11364 4120
8480 5320
8336 4640
8357 4104
8203 4564
10498 4176
8226 6860
8272 5899
9184 6162
11090 4228
9534 6276
9780 6145
8556 4098
8225 6020
8585 5730
10290 4161
11418 4128
8720 7620
10371 4096
9608 4120
9216 6896
10352 5120
9265 6664
9289 6408
9257 4356
8272 4132
8833 4208
8228 6680
8452 6218
8402 5897
8224 7618
9216 4899
10340 4354
8499 4184
8257 4866
10361 5634
8714 7201
10438 5168
8324 6185
11008 4152
10880 4102
8462 6624
8834 4101
8274 5632
10696 5123
9392 4224
8548 5146
11343 4368
8704 7430
8712 5236
9985 6382
8240 6852
8228 4313
8330 5700
10625 5664
8778 7601
10489 4612
9408 4114
8714 6009
8684 7704
10625 5217
8976 7361
9240 4132
8225 4116
10512 5440
8832 5383
8193 6868
11283 4392
8481 5150
8202 4420
8336 6146
9045 5130
8459 4336
8708 4546
10241 5436
9626 4865
10880 4212
8465 5346
8709 6408
10242 4152
9540 4120
8580 5168
10499 4184
11435 4356
8338 6240
9513 4246
9240 4674
8836 7465
9261 6274
10306 5889
10274 4952
8214 6209
8200 4884
9284 4865
11800 4290
10288 6028
10256 4106
8192 4657
10781 4096
8212 6280
8388 6184
9335 6400
10305 5512
10241 4224
8514 4101
8665 6144
9509 4682
10821 4099
9365 6696
9473 4672
9288 7041
8496 7106
8193 6786
8704 5223
10827 5280
11989 4128
8192 5012
10305 5910
10353 6018
9225 5376
8320 6256
8707 6536
8811 6416
10947 5160
8216 6244
9244 4866
8320 4367
11809 4176
8248 6656
10447 4096
8400 5665
8840 4388
10240 4649
10939 4416
9392 4682
8196 5152
11373 4992
8368 4202
8658 6156
8421 4098
9537 4610
8192 4174
10564 5280
10457 4618
9305 4768
9826 4377
9220 5664
8228 4416
10307 5516
8277 6306
9783 4352
8200 4403
8200 6416
11505 4878
8256 7440
10794 5456
11340 4882
8704 5138
8193 4672
10793 4178
9986 6152
8745 7232
10288 4104
8202 4352
9352 6160
10912 5138
10304 4275
9858 6160
9216 5063
10440 5124
8915 7204
10242 5829
8200 5794
8200 5669
8872 7236
10400 4121
10771 5376
8868 5120
9860 4176
8240 4936
9152 6146
8192 7212
10504 4112
8195 5697
9888 6472
9220 4576
8723 7432
8216 7073
10256 4420
9548 6402
9496 4630
8321 4406
8736 4366
8208 5480
8480 4738
8324 6690
9354 4304
8236 6352
11293 5090
8992 7310
10180 7168
10498 4313
8196 6248
8224 5952
8232 6272
8320 6434
8195 4108
11267 4752
10776 4128
9280 6300
8193 5516
10244 4256
8800 4105
11576 4299
8920 7172
8199 5152
8577 4112
8709 7586
8284 5890
8576 7176
8240 7745
8389 7466
8641 7182
9841 6208
8305 4484
8800 6664
9735 4136
8736 4224
8593 6694
8586 6772
10408 4373
9489 6819
8770 6420
11265 4148
11528 4288
8602 4608
8210 6984
8482 6353
8326 4160
11268 6178
8972 6226
11090 4108
10248 5140
8705 6614
8718 4177
8301 5634
9249 4358
10770 4105
8648 6178
12080 4096
8448 6336
8280 7073
8324 4096
8996 6216
9474 6312
9494 6664
8486 4760
8971 6160
8980 4160
8736 4295
10308 4376
11264 4143
8233 4164
8936 6423
8236 7169
9224 4593
9233 6630
8196 5265
8195 5468
8256 5122
8492 5250
8483 5136
10704 4096
9250 4481
8356 5387
8204 4578
9256 4676
11377 4744
8222 4192
10080 4110
9621 4616
9472 4740
10240 4359
8849 4294
9264 4165
10256 4106
9217 4896
8716 5254
10624 5130
8320 4418
8648 4149
8449 4118
9218 6368
8466 4749
8272 5537
11552 4676
11270 4496
8192 4183
10282 4928
8291 4096
10304 5411
9227 5476
8209 6400
9218 4756
8228 4096
8256 5258
9729 4548
8712 5444
8224 4358
10244 6032
8710 7513
8448 4729
8273 6440
11392 4622
8193 5732
10504 4674
11265 4742
8197 4120
8192 6224
9250 4556
8224 4945
10758 4457
8784 7296
10412 4865
9603 6220
8201 6400
10243 4480
9083 4225
10752 5283
8192 5509
8740 7568
9220 5041
8328 7008
10240 5592
8836 4475
8866 4096
8586 5189
8320 4865
11011 5128
10785 5506
10241 5512
8306 6537
11176 4164
8286 5633
9217 4342
10785 4100
9244 4130
9808 4268
11370 4096
8442 5637
8896 6417
8256 6796
9504 6812
8704 4253
8874 4441
8192 5987
8737 6162
10620 4738
8204 5968
11789 4130
8593 4164
8248 6464
10625 4716
8260 4609
8704 4176
8204 5633
9417 4114
9238 4352
8792 4129
9794 4256
8321 5138
8850 6240
10371 4372
11184 4160
9926 4393
8368 4356
10254 4193
9194 5137
10510 4608
9440 6403
11456 4368
10259 5256
8710 4401
8448 7241
11649 4136
8208 7298
10243 4872
8322 4889
8477 5696
8384 4641
8523 7188
9240 6372
8730 4768
9240 5031
10868 4225
8202 4484
10244 4176
9218 4297
8787 5252
8192 4224
10772 4193
11305 4289
9012 4104
8192 7314
9672 4608
8645 4112
11569 4108
8834 7444
8709 4104
8204 7248
10416 4673
10621 4802
10636 5120
10465 4354
11152 5125
9376 6668
10253 5122
9014 6345
12044 4290
9716 4096
9372 4865
8256 5764
11268 4105
10448 4901
9266 6405
10883 4400
8448 7687
11424 4429
8873 6228
10308 5418
8194 6460
10387 4972
11456 4117
8224 4794
10688 4259
9349 6736
10256 5746
8192 4455
8896 7473
9361 6432
9728 6405
9738 4564
8469 4768
9548 6834
8624 5190
10276 5208
9344 4692
10401 5658
9288 6192
8196 4762
8193 7235
11885 4480
11395 4160
9436 4145
8706 6373
11008 5298
8269 4400
8208 5344
8450 5204
8196 5971
10404 4370
8424 7169
9024 5125
10325 4352
10369 5928
8291 6148
10260 4899
10540 5251
11441 5122
8304 6530
10370 4208
8520 4231
8385 4642
8195 6820
9236 6472
9556 6793
8328 4360
8331 4112
8320 6503
9025 6148
9753 4800
8834 6156
11296 4874
8193 6208
9010 4168
10240 5124
8201 5156
8576 6722
8356 4113
9299 6316
11348 4922
8962 6353
8208 4451
8259 5168
9026 4121
8712 5283
9242 4452
8840 4416
8469 6664
9228 4288
10768 5218
8196 7303
10246 7265
8275 6280
10566 4136
9349 6770
8760 4160
8778 7328
11033 6176
10021 4120
8784 4143
9219 4352
8192 4193
10000 4124
8489 5648
8488 7696
8350 7681
8834 5120
9672 6166
8884 7426
8729 4422
10582 4609
9864 6752
8192 7696
8200 4390
9088 4124
8194 6176
8224 7173
8507 6212
10504 4289
11469 4898
10272 5124
8268 4512
8705 6242
8834 5648
8200 4608
10308 4620
8449 7308
8458 4964
8832 6434
8396 4627
8865 6164
8912 4390
8216 4451
11314 4224
8265 4902
8735 5184
8269 6032
8354 7680
9641 6660
11281 4360
8200 4864
9265 4096
8194 6209
8754 4617
11752 4227
10794 4228
8195 4500
9216 4353
9312 6918
8306 7308
8464 4194
11338 4164
8260 4400
9512 6289
10392 5186
9569 5000
10356 6529
11272 4164
8225 4224
8524 6176
8261 4122
8304 4874
10343 5912
9386 6468
10372 4176
8193 5428
9482 4320
10710 4097
10786 4160
8192 7219
10562 5141
10560 4642
9410 4353
8348 6753
8352 4356
10240 5634
9552 4141
9426 4256
8516 5784
8196 4153
8448 4334
10305 4358
8195 6732
9244 8162
9272 6403
10497 4122
10516 5121
9602 4116
10408 5634
9731 4900
11136 4109
8966 6160
8208 5614
8194 5656
9920 6162
8384 7188
8193 7404
10025 4225
9288 4886
10240 4947
10674 4717
8389 4650
11528 4645
11778 4381
10242 5776
8240 6657
10152 4098
10616 5120
8202 4240
8192 6490
11307 5076
9744 4160
10626 4632
8296 5264
8816 5510
8776 4116
9384 4384
8269 4642
10816 4353
8738 5120
9256 4226
8338 5388
8208 7936
9296 4419
8193 4998
9986 6200
9217 6416
9539 6308
9750 6401
10282 4928
8578 4164
8688 5126
8800 4112
8707 4256
8448 5122
8288 5125
8652 4098
9228 4368
8430 4865
8208 5280
10256 5345
10286 4096
8737 4546
8192 4520
10759 5168
9280 4490
9258 4994
9000 7234
8768 6278
8499 5632
9704 6170
9412 4104
9428 6178
10660 5232
11456 4430
8471 4736
8784 5515
9990 4168
8192 6148
9464 6278
10989 4226
8708 5242
10240 5234
8976 4100
10816 4400
8240 5263
9100 5120
10412 4624
8456 4132
8896 4352
8977 4224
9060 6144
11777 4185
10308 4096
9735 6216
10817 4149
8714 4388
8194 6369
8978 4300
8708 6144
8452 4770
10560 4224
8404 7690
8769 5120
11584 4659
8200 7812
10840 5122
8497 5128
9472 4800
8224 5530
9566 4225
8275 6696
8234 5712
8465 5184
11288 4193
8278 4256
8192 4453
10752 4103
8228 7681
9222 6704
10890 4320
9475 6732
10851 4096
8258 5186
9360 4392
8205 4096
8320 5892
9281 4352
8556 7170
11330 4104
8256 4877
9601 4164
10132 4097
8234 5392
10628 4105
9480 6820
9261 6354
8960 5127
8528 7849
8200 4352
9221 6418
8204 5264
8970 4192
8704 7650
8192 7936
8278 6432
8217 6564
9348 6192
11907 5196
9228 6725
8200 6576
8206 6176
8613 5120
9881 4116
8773 4328
11872 6226
8962 7380
8332 6689
10265 4646
8193 6400
8263 5160
8194 4376
8704 6418
8193 5470
9240 4292
8560 7296
9497 4646
9732 4450
8328 5185
8846 4400
11482 4640
8192 5136
8212 6345
9408 6661
9826 4248
10272 5126
9198 7185
10546 4105
8193 4676
9762 6405
11404 4626
10241 5319
11265 6200
8208 7489
8462 5777
10250 4448
8353 4434
10776 4101
9000 6162
9729 4418
9990 6264
9996 4168
11553 4250
8192 4432
9473 4284
10051 6148
9377 4610
10296 5136
9365 6656
8194 7516
10368 4146
9216 4289
9219 6792
9233 6532
8706 4272
8708 4457
8713 6192
8713 7664
10088 6276
9346 4664
11296 4753
8200 4164
11017 5152
8390 4384
8192 6051
11784 4324
8832 7430
8768 6537
11744 4128
8320 4880
8420 4873
9409 6428
9605 4160
8202 7753
9249 7044
8229 4176
8417 5138
9472 4096
9216 6440
10248 4241
9042 4264
10376 4454
10481 5902
8832 7232
10272 4190
10508 5153
12096 4243
8236 5313
8225 6920
9368 6693
10240 7744
8550 7240
8832 6197
8460 5188
9880 4354
11016 4128
11400 4405
8260 7251
8257 4360
8706 5516
9509 6848
8207 7968
11268 4130
9346 6685
11040 5144
9954 4368
11787 4292
9250 6993
8844 4192
8456 4116
10484 4864
8716 7474
8193 5728
9269 4930
10563 5768
8337 5228
8656 4609
8323 4192
10833 4488
9218 4488
10432 4865
8515 4608
9345 4098
8264 4611
8193 6848
9364 6409
8248 4481
8212 6403
8580 7776
10754 4104
8209 5132
11008 5270
8278 5376
9602 4705
10634 4672
11784 4482
8971 6240
8212 5226
8960 4245
8451 6849
8816 5378
11273 4706
8580 4624
11269 4864
9986 6248
8280 4321
10240 4655
8200 7155
8706 4393
8969 4272
8208 6151
9537 4248
8225 4224
9297 4258
8480 4609
10324 4105
8704 6250
10273 4170
11328 4740
8358 5976
9219 6712
8706 5464
12000 6156
8217 6918
8448 4662
10240 5718
11472 4867
9420 6928
8560 6156
10753 4776
9480 6279
10925 4416
9103 6144
8998 6464
8369 7180
9537 6280
8194 6176
8226 5528
10249 5650
10242 4936
8352 4880
9788 4225
10597 4752
8320 5432
10242 4204
8217 4644
8353 4612
9252 4544
9350 4353
8805 7194
11785 4386
8196 4856
8292 7184
8466 4235
10340 5128
9290 4245
8232 5251
8992 5149
10760 5269
10444 5152
8762 5184
9109 5130
10246 4264
10329 5248
8852 5409
9443 6404
8214 4416
8200 6208
8851 4224
8513 7298
9169 5122
11278 4371
10864 4134
8708 6352
8480 7312
8752 7585
8200 4672
10288 4738
8354 4096
11274 4324
8516 4768
8755 7556
10343 5944
8418 5660
8229 4882
8192 6278
9380 4363
11658 4149
8550 7297
8516 6849
8234 4240
8224 6354
9352 5671
8334 6192
11527 6664
8344 6211
8705 6262
8454 5297
8904 7202
9253 4744
8712 4162
8214 4201
8193 5268
10278 5761
10245 4866
10384 4972
9730 4129
8235 4628
8481 4614
8648 4098
8840 6336
8724 5480
8352 6412
10283 5728
8933 5136
9542 4240
8260 4242
8195 7072
8704 4159
8280 5408
8393 5186
9280 6408
8721 6240
8373 4160
10260 5160
9232 5064
11264 4800
8489 4100
8194 7440
10011 4136
8640 4129
8209 6466
9537 4242
11552 4240
9370 4105
10346 5377
8201 8148
10513 5280
8305 4608
8352 4368
8220 5376
10625 4652
10249 4485
8834 6460
9024 4144
8256 6947
8576 4139
8250 7685
10112 4215
9250 4800
8717 6032
8195 4164
8707 6320
9244 4129
8889 6208
8721 4264
10244 5530
8330 5408
9282 4141
10552 5763
8768 5259
11532 4209
8243 4353
8208 4512
9348 6176
8967 5264
8449 4110
9366 6184
8258 6805
8704 5413
8736 4420
8245 6592
9066 4112
8200 7200
8388 7980
8261 6332
8738 7496
8346 6445
8240 5440
9122 6185
8469 4192
10305 4128
10904 4133
8976 6145
9216 6155
10820 5145
8992 7248
9472 4345
8193 6920
9858 4096
10306 5761
8240 6466
8680 5121
8194 7524
8484 5312
8224 4945
11908 4320
10290 5257
8594 4705
8196 4504
8484 4672
9156 4120
11298 4229
8490 7304
8193 5376
10329 5122
8192 7905
10760 4560
9280 6186
8544 6680
8481 6712
11427 4872
10514 4168
10273 5130
10275 4368
8712 5408
10386 4384
8272 6532
8208 7170
11418 4416
10506 4288
8486 7752
10512 5312
8196 6296
11013 4120
8369 4100
10244 5794
8804 4482
9041 4100
10368 5648
8216 4615
10528 4612
9408 6941
8537 6784
10761 5250
9697 6144
8328 8004
8913 7176
8628 6152
8512 4739
8240 5379
8517 5168
10320 4137
8649 4140
10139 6177
8326 5392
9760 4099
8358 5636
8930 5140
10272 4240
9256 4181
9353 4384
10240 4492
10777 5252
8458 6292
8328 4154
10364 5122
9256 4160
9610 4677
9264 7045
8769 7462
8270 5504
8203 4177
8856 5408
10514 4264
10760 4388
8449 4232
8716 4275
10240 5265
8384 4133
8749 4490
10756 4498
8680 5136
8210 5120
10316 4403
8225 6876
8290 6536
8386 4096
9248 7680
8192 7268
8194 6976
10056 4225
9285 4368
8346 4097
8768 4130
8964 5187
11921 4138
10325 5410
10352 5250
8900 7425
8216 6053
10272 4810
10497 4216
9288 4612
8744 5203
10649 4112
8993 6388
9232 6670
10853 4416
8716 7442
9000 5136
9760 6596
8472 7494
8416 5407
10275 4112
8194 7469
10288 5313
8192 6352
12162 4130
11016 5185
11264 4707
9220 5041
8211 7940
9258 4608
8240 6784
9248 6294
8448 4768
11314 4352
8194 4708
8229 5130
10257 5542
10772 4288
9218 4744
8208 7530
10547 4096
10760 4112
9088 4136
8353 6156
8969 4246
8768 5267
8704 4281
10244 4488
8216 4418
10368 4524
11972 5378
11368 4097
11824 4097
8874 4100
8356 4184
9244 4194
9000 4130
10816 5140
9632 4097
8192 6728
8333 7216
8448 6667
10672 4164
8472 4167
8232 7236
8330 7349
8976 7299
8234 6160
9243 4160
8581 4106
11798 4320
8193 5200
10753 4500
8774 6408
10240 4513
10920 4181
8250 4609
8536 6656
10764 4097
8716 6594
8256 4273
9069 5138
8293 5138
8598 5121
10272 5142
8192 7476
12044 4112
8224 6278
8192 6720
8336 7428
10257 4900
9736 4325
10288 4224
10401 4364
8452 7194
9544 4738
8352 4103
10336 5907
8192 6477
9284 4368
9911 6146
9926 6201
9319 4136
8352 4165
9729 6172
8457 4244
9728 4469
8193 4608
9121 4166
8476 4195
11468 4129
8819 5384
11688 4615
10273 4226
11350 4360
9016 5761
9488 6662
9218 6673
8290 5909
8290 7196
8512 4259
9669 4232
10656 5174
9088 4102
8716 6146
9308 6657
8193 5562
8752 7524
8208 6627
11136 4129
8481 6722
8704 4257
10266 5093
9280 6274
8261 4504
8193 4484
8331 7168
10272 4551
8453 7208
8347 7172
9317 4112
10788 4498
8577 7210
9028 4128
8528 6182
8707 6162
8206 4497
10292 4425
10240 4985
10260 6882
9618 4141
8897 7168
8257 7170
9049 5120
8466 4136
9269 6730
8576 5696
8488 5120
8336 4352
10817 4272
8397 4112
11475 4612
10496 4816
8384 6676
9760 4316
8482 6656
9521 4226
10275 5184
8208 7328
8337 5224
11785 5348
11316 4736
8811 5268
10307 5430
10970 4100
8200 6240
12106 4260
8674 4616
8833 6178
10338 5269
8792 4391
8904 4368
9216 6236
9222 4273
8260 7321
11528 4368
8749 5522
8210 5280
8449 5248
8230 6745
8224 4163
8320 4116
11521 4657
8914 4394
8321 4164
9544 4772
8704 4465
8192 5520
9441 6422
8808 4352
8328 4384
9217 6400
11530 4321
10512 5760
11896 4359
9161 4144
8730 6272
9754 4548
8848 4173
8737 5318
8500 7752
8961 6152
8628 6176
8719 7168
9912 4096
11777 4422
9409 4386
8584 4288
8726 6153
8901 6162
10264 4224
10371 5216
9922 4156
8289 5528
8512 4246
8196 7513
8225 6656
9281 4132
10882 5220
9376 4180
8273 4483
11076 5249
9762 4120
8468 4745
10625 5128
8196 6776
9281 6710
9544 6704
9360 7049
8239 4112
8512 5764
10258 5412
9736 6208
8386 4904
11548 4193
8336 6212
8440 5894
8734 7489
8766 6144
9632 4178
8577 4138
8264 7187
9027 6320
10304 4408
9123 4168
9473 4112
8292 5254
10292 4736
9929 4132
8321 5908
8344 6145
8709 4168
10498 5125
10242 5064
8964 6163
8517 6272
8465 4104
8240 4104
10496 5139
9260 4674
8192 7082
8272 5122
10696 4738
9226 7428
9249 4630
8920 4128
8197 4216
11536 6223
11794 4136
8449 4208
9336 6534
9729 6548
8836 4897
8353 5890
8264 5168
11276 4898
9370 4869
10900 4137
11558 4672
9026 6160
8204 5035
9033 4123
8227 7360
10272 4614
9377 4352
9299 4384
8712 4354
8250 4481
8220 6720
9233 4992
8402 5673
8454 6344
8354 6656
8706 5256
8351 4160
9231 6400
8194 5224
9217 4259
8252 5122
8384 4621
8208 7779
8586 4096
9733 6216
10432 4097
9420 4872
8199 4464
11305 6800
9569 4752
8449 5129
10000 6285
8642 4112
8960 7184
8465 6668
8712 5570
10946 5173
8208 7527
12101 4400
11202 4096
8201 6289
10277 4672
8736 6151
8848 6247
8193 5392
9348 4406
9793 4154
8196 5762
8229 5898
8210 7720
8265 6656
8320 6704
12036 5584
10529 5832
8968 6290
8325 4928
9224 6910
8272 4129
9897 6468
10250 4481
8390 4648
9360 4132
8710 6440
10376 5189
8232 7302
10244 4354
8896 4388
8713 4418
8708 6220
9748 4163
8225 5714
9162 7216
10243 4117
11422 4096
10240 4568
10054 4224
8362 6672
11008 5240
10372 5210
10312 4609
9350 4913
11570 4098
10672 5952
11033 4224
8224 6217
9921 6188
8512 5248
9344 4161
8464 5641
11066 4096
9154 5184
8705 4410
8258 4759
8448 5132
11048 5186
8963 4256
9504 4113
9300 7778
8230 4673
8544 4248
8544 6661
10368 5158
9216 5024
10370 5201
8196 7738
9728 6259
8524 4626
8729 4100
8208 5197
9745 4174
8592 5124
9216 6470
8262 4232
8192 5312
11401 4416
11560 4608
8844 5139
8741 5152
8376 5120
8493 6416
8209 5124
8195 5428
9268 6722
9793 4152
8593 4128
9985 4610
9408 4129
8241 7808
10000 4163
8388 4628
10888 5445
8226 7109
10336 5254
8306 5632
8386 6920
10246 5256
8516 4136
8608 6676
10312 5507
9880 4358
11272 4672
8706 7497
8578 4168
8226 5260
10178 4125
9635 6216
11274 4609
9234 4993
8452 6800
11545 4704
9354 4101
8785 5124
8328 6244
9883 4096
10249 4112
9249 4756
8258 6280
8208 4548
8717 7620
11909 4130
10616 4261
8489 6164
11142 4112
10768 7488
10782 5216
8834 5408
9217 4406
9324 6161
10337 5656
11522 6209
10753 4544
8260 5666
9317 4994
8448 4218
10112 6162
8387 6192
8393 4352
8940 4096
8588 6722
8370 6656
9296 6699
10306 4541
8272 8109
8513 4124
10400 5141
8449 5852
10250 5184
9217 4514
10544 4197
10496 5750
8320 5120
8320 5730
9361 4864
8360 5393
11940 4376
10484 4352
9314 6672
10816 5165
10261 4640
10248 4896
9104 6282
8197 7106
9105 4192
8466 5285
8736 7326
10449 4108
8576 4136
9312 4368
8314 6405
9482 4117
10764 4291
8366 6656
10372 4672
8282 6661
9749 6152
8192 4552
8226 5460
10057 4132
8592 5643
8320 5160
8704 5554
8520 5156
8868 6153
8325 4962
11584 4158
8258 6849
10240 4744
8200 5639
11798 4201
8225 5336
8392 6182
11204 5136
8753 6148
8577 5648
11894 4353
9804 4240
8676 5640
8200 7761
11136 4165
10244 4224
10688 4161
8451 4256
8212 4872
8224 5262
8248 5761
10507 5120
8210 7396
8801 4358
10028 4288
8192 6798
9216 4238
8468 6168
8208 5326
9740 4576
9547 4096
8320 4114
10881 5180
8193 5770
10668 4608
8352 5402
9152 4100
10254 5648
12081 4228
9226 4177
8260 5155
10537 4738
10256 4096
9252 6336
8868 7240
8644 4106
8324 4362
8192 7052
10497 4850
8329 5640
9728 4267
8847 7216
10284 5250
10408 5717
10561 5130
8619 5148
8198 6369
8519 4104
9312 6158
9476 4712
8418 7685
8498 6664
8194 5028
8742 5376
8258 5797
9440 4122
8234 7700
8640 7724
8580 4138
8225 6166
10753 5220
11014 4321
10280 5138
8242 5641
8269 5760
8608 4110
11331 6836
8737 4100
8289 5400
11296 4556
9216 6377
8448 4628
10763 4128
8660 6153
8563 5124
8594 4096
8457 4116
10398 5920
10692 4106
8336 6156
8214 7457
10884 4129
8964 6257
8705 6402
9024 4263
8322 4948
9608 6706
9638 6720
8970 4224
9936 6404
8641 4624
12165 4154
8192 4290
8232 4832
10600 4609
11272 5060
8460 4818
9220 4297
10260 5696
8256 4359
10932 4162
8520 5638
8331 4112
8880 4355
10872 5511
9808 5386
9474 4096
10580 4768
9346 4112
8192 6233
8708 6505
10756 5122
8656 6691
8230 4112
8450 4612
9608 4115
10048 7306
9444 6937
8200 6464
8224 4100
8200 5825
8344 4933
8480 4298
11176 5653
8356 5715
9758 4352
8773 6284
8336 7715
9813 6184
11618 4229
8704 5393
10064 4135
9066 4228
10562 4105
8760 5321
10344 5780
11970 4096
8714 6192
8988 4289
9516 6753
8200 4167
10466 5888
8980 6248
8349 6210
8329 5654
8736 7374
8252 7680
8192 4612
11408 4173
8361 5122
8256 7953
10240 4352
11794 6240
10336 5146
8588 5137
10764 5184
8721 7168
11912 4417
8192 5272
8364 4418
9280 4761
10512 4904
10345 4114
8580 4184
8260 5392
10353 6026
6272 8553
4992 11316
4483 11840
5185 8744
4116 8321
7044 9248
4352 10313
7232 9784
4864 10244
7692 8577
5228 8704
4332 11424
4552 9252
4096 9411
5664 8640
6656 8523
4441 10880
6164 8194
7168 8820
4097 8590
4441 8738
4492 8298
4372 8200
4127 8448
6216 8738
5996 8277
6192 8640
7408 8460
4144 8262
6546 8705
4241 8516
4328 9220
6165 8608
4098 10625
5267 11044
5778 10533
5121 8860
6313 10054
5376 8306
4160 11162
4872 10274
4324 9232
5392 10792
4225 9032
4354 10441
4686 10368
5448 10256
4161 8228
4363 8752
4099 8460
4353 10328
6670 9248
6144 8455
6406 9808
5510 10273
4482 8784
4098 10268
4353 10640
4258 9228
6256 9736
6192 8322
4672 10241
6409 8292
7328 8256
5665 9356
7168 8842
5968 9216
4416 8230
4614 11749
4486 8777
5392 8846
6217 8740
4610 11728
5314 9009
6158 8721
6232 10372
4099 9924
4234 10016
5376 10297
4308 9515
4178 8609
7174 8512
4384 10758
4432 8705
7554 8720
4401 10888
5510 10312
6280 8821
5634 8513
5174 10632
4230 10529
5184 10256
6289 8550
6724 8202
5122 8228
5128 8855
4417 11304
5264 9026
4102 8769
4290 9767
4128 10376
4264 10512
5392 10821
4101 9042
4183 8224
4248 9252
6725 9504
4693 8354
4100 11395
5168 9005
5402 10784
5680 8268
5123 8216
4736 8209
5523 10240
4632 8192
4416 11268
4096 8822
4928 11393
5131 9186
4228 9568
4773 8264
4644 9353
5160 10257
4160 9096
4098 9020
6145 9422
4608 8194
5152 9090
5268 10242
4256 8235
4672 11409
4612 9226
4285 8258
4296 8211
5125 8280
5064 9232
4268 8208
6146 8328
4184 10498
5004 10336
4237 9904
5192 10788
4096 10063
4121 8292
4192 8450
7443 8720
4096 8194
4098 9237
6338 8756
5376 10306
7955 8224
4096 8720
4674 8240
4866 10648
4272 10244
6144 8203
6816 8514
5325 8480
4168 8467
5138 8904
4241 10310
5552 10306
4262 9537
4612 8692
7352 8454
4228 11592
4481 10808
6788 9281
4904 11280
4467 8329
5186 8648
7172 8243
7236 8458
4123 10816
4422 10752
5643 8224
4936 8229
4142 9120
4493 9218
4628 11272
4640 9474
4272 10569
5632 10248
4224 9557
4867 10372
5296 8192
5144 8448
5254 10584
5333 8192
4568 8198
4128 11794
6144 9570
4128 10504
4103 11392
4324 10264
7568 8706
6251 8276
5285 10690
4100 10489
7299 9024
4882 8209
6401 8422
5137 8458
6537 8707
4118 9056
4228 10562
4465 8204
4762 9252
4154 9349
6729 8320
5120 10766
4620 8210
6164 9097
4105 8560
6887 8196
6209 8208
5293 8322
4536 8256
5399 8320
4168 9397
5131 10704
5922 8265
5124 8657
4371 8264
5384 8325
5185 8332
4577 10758
4272 8516
4357 10344
4108 9888
6051 10328
4368 11300
4368 11488
6712 8390
4290 8765
5698 11264
5761 8260
4610 8613
4357 10418
4944 8352
5265 8545
4224 9074
4192 9740
4145 10884
6676 8355
4144 8391
6144 8197
6674 9221
4128 9793
4119 12000
6446 8192
4164 8449
4506 10361
5616 10242
4618 9281
4672 9477
4640 10001
4743 11520
4437 8864
4752 9230
4578 11273
4617 8310
6219 8704
6404 9232
6145 8192
5954 8345
5200 10888
4384 8256
4493 9808
5025 8200
4628 8416
4096 10569
4488 8225
6281 11824
5205 8840
5206 10696
6272 9578
4721 8456
5140 8449
5892 8363
7458 8725
4437 9760
4097 9784
4130 12169
4104 8672
4289 12048
5641 10310
6436 9297
5254 12032
4528 8196
4163 11520
6689 9220
4675 8360
6468 8193
5636 8211
4866 11340
4424 11426
4756 8224
7817 8208
4128 9620
5303 10824
5256 8208
7456 8322
5251 10508
4803 9520
6673 9288
4353 10260
5186 10309
4226 8469
4544 9740
4516 8273
7171 8204
5391 8288
4165 9250
4866 8320
5744 10368
4155 8708
5733 10266
4128 8709
4146 9033
4096 8750
6404 8418
5120 9120
4354 8388
4116 9217
7180 9010
4352 9232
4305 9514
4752 8193
7200 8969
6145 9414
4740 10602
4165 8986
4178 9261
6278 9112
6922 8721
4896 8384
5003 9296
4882 8641
4492 11042
4386 11849
6460 9280
6477 9376
5829 8466
6162 8968
4619 11744
4144 10443
4930 11796
4170 10512
6160 9548
5006 9248
4864 9384
7185 8416
4880 10438
6280 9266
4281 8452
5125 10738
5636 8673
4112 11331
6144 8409
4096 8431
5704 8373
4240 8195
4716 11648
6184 9745
4097 8870
5396 8740
4612 8290
4410 11776
5762 10240
5160 8770
7224 9028
4109 8384
4370 10273
6204 9219
4099 8224
4932 8216
4632 10436
6658 9468
4932 10625
6664 8464
6710 9864
7275 8212
5192 10512
4224 8465
4609 11312
4266 10774
5186 10624
6963 8388
4144 9483
4616 10480
5784 8229
4100 10704
4489 10242
4227 10340
6176 8722
4708 9234
6163 9804
5952 8320
5148 8194
6658 9216
5121 10304
5165 10304
5568 10288
5714 11008
4208 8580
7104 8219
5261 8512
5120 8197
7952 8424
5122 8432
4503 10272
7513 8708
4523 10000
5188 8833
5126 8224
6561 8792
4100 9520
5330 8204
7168 8215
4229 11360
4576 10264
6912 9281
4184 10630
6633 8208
6168 8320
5508 8267
4100 9481
6660 8323
6146 9297
5160 8211
6424 8770
5920 8204
6437 8384
4170 10240
4560 8706
5442 8381
4120 9604
7264 8332
5728 8198
6425 8288
6296 9826
6152 10881
4113 11264
5956 8368
7412 8714
5633 10544
5122 8372
4674 8241
5336 8710
4258 11268
4424 10246
4696 8490
7232 8193
4100 8960
4218 11776
4334 9488
6161 8580
5172 8266
4376 8817
6216 9622
5146 8324
5253 8810
5723 8482
4097 9808
5142 8544
4114 8493
4547 10264
6656 8481
4936 10288
4128 12226
6948 9232
4881 11456
6656 8273
4442 8737
6784 8298
5266 8456
6144 9482
6232 9856
4096 8451
6281 9492
4800 10299
8032 8218
4161 9345
4096 11220
5760 8277
4160 10370
5904 8193
4260 8211
6677 8680
4113 11972
5664 8276
4251 8960
5219 10880
4912 10392
4144 8905
5149 8322
6002 8232
4155 9600
6187 8208
4128 10569
5140 9000
4188 8832
7323 8448
4178 12168
6977 9216
4888 11296
6272 9048
5012 9227
4617 8354
4800 9255
4995 8308
6409 9750
6210 9740
5068 9217
4353 10842
4101 12064
4100 8969
4714 9233
4696 8582
4353 9888
4100 8320
6804 8450
6151 9840
6946 9216
5122 10948
6188 8337
4484 8259
4304 8713
4128 9217
4660 8256
5268 8259
5120 8324
4896 8208
4656 11285
6535 9264
4896 11394
4385 10252
6273 8192
4616 10471
4745 10512
5376 8194
6820 9498
7365 8720
4200 8722
6475 9472
6946 8260
6546 9288
4608 10737
4161 10682
6284 8960
4641 8540
5650 8576
5140 9130
6210 8200
4480 9313
5128 12103
5155 8256
5428 10562
4121 8708
4648 10382
5156 8458
7462 8280
8132 8234
7968 8194
5250 11052
4357 11864
6720 8194
6676 8449
4216 8967
4657 8204
5384 10340
5377 8296
4357 9736
5158 10512
4633 8196
6920 9648
4673 11708
5649 10690
7589 8192
5648 10282
4422 11784
4616 9235
4627 8548
6433 8192
6729 9270
4421 10801
4250 8193
6144 9491
4267 11008
5808 8266
4099 11556
5512 8193
5184 10504
4880 8262
6408 9760
4224 8222
4106 9584
4768 8196
4260 8778
5154 10513
6400 8243
4432 9507
6344 8757
4901 10304
6006 10385
4168 10528
4153 9474
4434 8204
4324 8704
5137 8544
7168 8720
4868 10371
4097 10562
4892 8224
4580 8840
5952 8365
5912 8256
4096 11886
4488 9216
6721 8192
4649 10240
4564 8225
7176 8290
4096 9220
7494 8192
7208 8258
6185 8276
5200 8864
4098 9540
4650 8196
4121 8192
4459 8708
6568 9794
4316 8962
5709 8448
4196 8720
4154 10561
4180 10026
5680 8460
4370 10784
4352 8385
4102 10345
5122 10306
5634 8352
6544 8231
5195 8212
5330 11024
4597 10754
5924 8193
4097 8284
4104 9351
7400 8194
4187 11040
4905 9425
5385 8832
4842 11552
4833 8196
4484 9281
4168 10753
4769 9220
4289 9226
4112 11264
4224 8784
4676 10650
4241 10084
4164 10267
4500 8738
5144 10483
6186 8833
4382 9792
6200 9218
6156 8384
4164 9088
5216 8464
4608 8276
4245 9042
6720 8459
7238 8192
7692 9362
4246 10505
4221 8720
4737 11014
5088 10262
4329 10502
5448 8228
4177 10368
5386 8725
5919 10944
6145 8457
4099 10250
6720 8198
4264 8965
4312 8738
6336 8253
7579 8704
4256 9026
4610 11365
5376 10258
4160 10810
4704 11280
4616 9250
6068 8200
4864 11316
4104 10785
5377 10268
7436 8418
6596 8217
8080 8206
4142 8192
4452 10752
6185 8274
4128 8271
4224 11020
4616 11424
4134 10369
4352 10784
4486 8232
4098 9536
5634 8380
6656 9480
4392 8720
4106 10868
4262 8713
4139 8256
5762 10516
4101 8248
4646 8448
6150 8577
5497 8194
4544 10913
4130 10304
4392 10369
5282 10320
6304 9283
4428 11264
4104 9472
6195 8392
6703 8464
4109 11744
5124 9091
5251 10260
4746 8768
4640 8405
5759 10880
6273 9514
6988 8194
4160 11933
5840 8225
4096 10623
4720 9346
6249 8976
5128 9172
5313 10550
4480 10838
6661 9648
6300 8995
4172 12032
7170 8412
4140 11673
6673 8452
4496 8265
5120 10356
7342 9348
4436 11296
4104 9807
5418 10368
4865 10440
4172 9728
6664 9634
6376 8454
4231 9288
6914 9470
5434 8324
4877 8384
5888 10448
6181 9048
6147 9472
5144 8833
4369 9260
5176 11017
6224 9856
4097 9216
6352 9472
7296 8498
4099 11284
6788 8224
4096 9231
4235 11280
7332 8523
4258 8985
4260 8466
4176 12035
4257 8732
4159 8512
7752 8246
4158 11008
5064 8206
5121 10240
4100 9498
5121 10892
4482 8813
6720 8218
4129 8600
5379 8852
5137 10408
5784 8512
4176 9217
4298 12068
4865 8196
6278 9288
5137 10752
6176 8520
4240 8233
7464 8210
5540 8192
4386 8256
5185 8194
7525 10242
6152 9265
4196 8321
4242 8261
7275 8325
5184 8482
5248 8242
5049 10260
4611 9256
4100 9280
4121 8580
7360 8737
5504 10294
6601 9254
4104 11924
5632 8209
4112 8494
4152 10304
6457 9956
4123 9856
7685 8450
6662 8512
5824 8483
4811 8197
5921 8196
6945 9484
5476 8858
5694 10432
6556 8800
4229 8224
4771 9296
7234 8996
7220 8394
6272 9330
5376 8748
4421 8336
5188 8833
4240 8225
5254 8200
5120 8212
6432 8787
5293 8706
5280 8464
4096 11274
5648 8197
6528 9667
4352 9413
4104 10918
4497 10276
4960 8336
5709 8196
5794 10500
5188 8593
7458 8256
6144 9346
5697 10500
6400 8242
4117 10410
4354 10464
6912 9352
6149 9688
7684 8368
4098 11272
4102 8768
7168 8323
7680 8257
4736 8456
4096 9093
5202 10761
7181 8722
4168 8241
6880 8200
4264 8195
4256 11785
4608 8373
4204 10256
4120 10755
6400 11395
4877 9234
4369 8356
7488 8378
4112 8197
5300 8201
6536 8209
6496 8707
7940 8208
4150 10249
6848 9473
6278 8984
4162 10113
4676 8584
5205 10410
8082 8192
5634 8196
4480 9347
7680 8325
4352 11298
4130 11396
6661 8320
4558 9249
7488 8208
8122 8193
4772 10561
6184 8192
7425 8208
6339 8536
6324 9293
4138 8277
5480 8856
4433 9348
4168 10788
4257 9216
4872 8228
5272 8770
4864 9244
4309 8448
5121 8776
4643 10454
5122 8664
6184 9474
5930 8384
7196 8739
5582 10289
4424 8197
4099 8448
6660 8304
5122 8812
6192 8832
4096 9302
7812 8195
5249 11078
5329 8739
5137 10624
6468 8712
6912 8426
4160 10514
6144 9816
5696 10714
4131 11136
5895 8392
4608 8341
5352 8710
4672 10251
6476 8736
6784 8520
5187 8848
4373 8736
5864 9236
4880 8230
4106 10945
4368 9764
7437 8704
6144 8713
6171 8388
4579 8200
5380 10489
6164 9281
4769 8512
4608 8452
5186 10884
6151 9312
4165 11648
6212 8248
5280 8977
4098 10537
6232 9991
4608 10284
5764 8192
7172 8322
6916 8220
6277 8704
4130 8872
4112 12044
4269 10560
5076 11264
4480 11276
4131 11848
5198 9121
4642 8200
4096 11652
5736 10240
6176 10116
5445 8194
6144 9764
5632 8290
4932 11265
4146 8448
5152 8465
6696 8514
4640 8285
4112 9284
5249 10788
7473 8704
6432 9750
4176 10369
4384 11328
6192 9865
4201 8710
5651 8264
4124 11393
4259 8796
4228 8728
5478 8760
4120 10372
4628 9507
5185 10420
6672 8686
4768 8976
4352 8400
6060 10305
4456 10886
4344 8704
6194 8805
4624 10371
7369 8224
5632 8448
4368 10255
6274 9544
6449 8832
5185 8974
4497 8456
6307 8788
6368 8198
5178 8192
6432 8386
4929 10384
4616 8368
4291 10022
4224 9827
4994 8256
6416 9225
4297 8448
4353 10886
4256 10312
7680 8237
4520 10833
4134 8329
5376 8768
6272 10040
4138 8515
6194 8965
5650 8456
4232 9073
4096 9744
5378 8704
4905 9798
5133 8594
4144 8257
7204 8217
6210 9512
4161 11282
4232 8784
4358 10384
5264 10795
4628 8297
4166 10272
4130 8709
4626 9632
4120 8928
4152 11909
4642 9369
7175 8304
6148 8632
5122 8197
4120 11297
5888 8226
4232 9218
6208 8576
6528 9233
6404 9456
4512 8780
4113 11724
5460 8234
6263 8192
5476 8192
4104 12227
4160 9400
5123 11120
5028 9217
5692 10432
5120 8478
6225 9262
5162 8708
4610 10520
4112 9036
6680 8320
6212 8872
5485 8338
4544 8216
6348 8450
6400 8217
6176 8723
7169 9422
4864 8449
4737 9250
6661 8280
4360 9876
6531 9280
4545 8744
7202 8725
6481 8364
5458 10912
4625 8524
5184 8192
4385 8712
4122 8773
7266 8329
4752 11272
7377 8738
4106 8977
4290 8212
4148 10498
5184 11151
4708 8448
4864 8364
4993 8272
6289 9056
4114 8900
5712 8195
6145 8868
6400 9803
6668 8787
5316 10776
4100 8963
6352 9730
4408 11456
4105 10628
7182 8288
5392 8323
5666 8385
5478 8192
6465 9730
6476 8704
5378 10244
4096 9280
4610 10249
4698 8224
7238 8249
4373 8198
4184 8704
6025 10242
5320 8723
7057 8266
6288 9280
4618 10533
5312 10502
6147 12256
5770 10624
4144 11842
6146 8752
4171 10768
4422 9256
4636 8256
5155 10568
5078 8192
4372 11969
6341 9520
4162 9504
4512 11276
5264 8196
4104 9761
6272 9802
4272 10244
6667 8512
4112 10917
6547 9224
4096 8582
4992 8194
6209 8196
4836 8200
4128 10311
4128 9749
4864 10241
5189 10505
4645 9216
7937 8448
6404 9810
6144 8785
7194 8709
4481 10240
5165 8448
4994 10254
6584 9218
5382 8281
7942 8225
6225 8196
4176 10757
7697 8512
5377 8982
4490 11313
4224 8552
4609 9258
6259 8332
6215 9472
4682 10512
6150 9432
4228 8240
4696 9474
4873 8192
4134 9344
4521 8724
4200 11920
5255 8272
5217 10390
4613 10387
4134 9472
6976 9384
5648 10498
4114 9864
5440 10908
4273 10568
4250 10752
6202 9537
4872 8208
4804 10283
6170 9120
4610 8369
5894 8328
7519 8224
5128 8962
5123 10336
4232 11281
5128 10262
5139 10412
5896 8294
7321 8736
7232 8584
4608 8227
4354 8385
4880 9216
4354 10328
4118 10369
4625 11460
8115 8216
6190 8768
6350 9265
4362 10404
5265 8294
4100 8201
4098 10892
4130 10561
5136 11275
7460 8257
6154 8721
6930 8396
4372 10433
4306 8192
4196 8320
4118 10537
4876 9232
4134 8641
4366 8337
7186 8360
4352 8754
6528 9298
6768 8193
5190 11017
6204 9344
4416 9758
5344 9488
6724 8216
5184 8329
4160 10548
7744 9400
4166 9528
5384 8212
4172 8210
6641 9220
4402 8900
4229 8704
6290 9324
4290 9248
6848 8960
4680 9252
4128 8470
6239 8320
7368 8726
4116 12131
4096 8891
6098 8193
6169 9350
4192 10631
6243 8722
4120 8288
5377 8340
4545 8200
4657 8196
6596 9256
7057 9224
7046 8513
4112 8514
4936 10243
4800 9361
4222 8961
6160 8801
4097 10636
4128 10561
5143 8744
4112 9240
4210 8832
4233 10548
6472 8869
4256 9281
6272 8519
4359 9760
4366 9329
5121 11032
5255 8720
4545 10272
6148 10688
6244 8859
5120 10728
6729 9382
4104 10932
6464 9289
5131 8996
6289 8972
4608 8404
4352 10857
4616 9216
4102 9136
4109 8688
4384 9410
5120 11132
5154 10248
4611 8400
4640 10507
4864 8268
4353 11488
6282 9765
4102 9344
4680 8578
4632 9412
4097 9378
7184 8512
6344 8193
7244 8321
7168 8472
5632 10240
5160 8196
4120 10821
5384 10306
4308 9530
7778 8192
6528 9734
5191 10256
7373 8448
4764 9218
5474 8325
4180 8993
6686 8488
4486 8768
5168 10693
6208 8888
4674 9233
4354 9385
4379 8192
4737 8312
6458 9408
5441 10256
4226 8208
4121 10944
5443 8248
6177 8340
4299 10320
4544 8254
7296 8788
6923 8384
4116 10625
6225 8192
4312 12070
6792 9255
4193 10376
5168 9157
4232 11923
4371 9952
5196 9729
6404 8816
6292 8299
4736 8347
4248 8738
4327 8712
4504 8227
4304 9728
5152 10508
4163 11784
6339 10024
4245 11816
5122 9117
4224 11314
4142 10641
5640 8290
4120 8716
4131 8808
4161 9472
4276 8992
4544 8221
5153 8528
6918 8216
4105 9808
4448 10372
7699 8428
5136 8772
4640 9283
6160 9197
6161 9026
4136 8711
4416 9730
5764 8232
4755 9284
4100 10752
7944 8352
4481 8848
5137 10404
4160 9531
4097 9024
5636 10345
4097 11322
4612 8322
4169 8448
6148 8962
5392 8906
4179 10916
7218 8296
4121 10054
5844 10496
4690 10260
5121 10908
6292 8259
5634 9341
5377 8192
6282 9492
4162 8361
5220 9106
4256 11593
6672 8196
5928 8337
5160 8323
4192 10369
5248 8201
4548 8209
6338 8209
6536 8192
5672 8403
5193 8198
4353 8716
4525 11840
4160 10376
4141 8454
4164 8723
4160 8585
4637 10304
5154 11148
4472 8321
5649 10372
4424 10279
6726 8497
6593 8882
7856 8199
6230 9617
4112 9894
6193 8520
4384 10256
4862 8513
5329 10760
7171 8804
6713 8582
4328 11014
4864 8203
4628 8417
6349 9472
6401 8288
4160 9241
6410 8240
6472 8226
7169 8380
5135 8304
5633 8272
5282 11841
6176 9863
4298 11808
5674 10581
6166 8484
6192 9733
4268 8258
4994 8280
4096 11840
6149 10000
4109 9218
4240 11876
5388 8274
5416 8196
4098 9532
6476 8210
4658 9536
4672 10285
4169 8210
4224 10591
5648 10322
5632 9181
5120 8462
4680 9376
5020 10240
5674 8196
6656 8209
4389 10384
4099 8340
4288 10546
4560 10248
5494 10249
6208 8452
5632 8292
4104 10629
4738 8297
4936 8322
4354 8749
7170 8641
4153 9358
4096 8806
6144 9384
4212 9729
4109 9024
4706 8340
4746 8544
4610 9224
6470 9240
5125 10370
4449 11268
6144 9393
4101 10816
5780 8706
4768 10308
4140 11264
4294 9240
4280 8710
4264 9233
5514 8772
4586 11524
4260 11018
6657 8706
4258 8301
5376 8850
5760 8258
6146 9745
4946 11264
5153 8260
6208 8880
5160 9098
4608 8578
4672 8356
4374 9832
4608 11271
5122 8748
4099 8372
4098 8909
7425 8952
6148 9417
6953 8192
4096 8856
4352 10897
6660 8354
6658 9609
5367 11008
4160 8865
5651 8384
5168 10504
7702 8512
5378 10240
7056 8192
6402 9297
4304 8194
4097 10924
4232 8197
6145 9286
6465 9362
5413 8898
4103 11268
4391 10760
4220 11266
5248 10817
6869 8448
5384 8195
6404 8800
4298 8193
4130 8525
4512 8773
4616 10532
4172 10242
7493 8320
4432 10346
4436 8322
4180 9249
5249 9078
4134 8393
7197 8194
4129 8592
7712 8448
6149 11904
7336 8456
6456 8772
7603 8192
7772 8320
6624 8209
4673 11546
5125 8194
5656 8514
4101 8760
4416 9248
5416 10288
4352 11350
6176 8704
4102 9225
4291 11264
6188 9873
5392 8327
4353 8720
6160 10281
4296 10006
6144 9018
4208 10889
4120 11488
6208 9220
7494 10264
6416 9253
4381 11266
5761 10702
7178 8213
4104 9893
5120 10533
4360 8801
5508 8280
6400 9397
6464 8339
4224 8464
4612 8488
4128 10496
4610 9528
4112 8457
6150 8320
4946 8361
6666 9474
5280 9027
5389 10368
5312 10812
5120 10264
5384 10369
4104 8592
7301 8811
4168 10528
4865 8260
4096 10511
6672 9653
6401 9876
6218 8977
6208 9131
4744 9251
6491 9344
4294 10276
7016 8194
4632 11523
4481 8322
4178 8480
4654 8320
7424 8332
4180 11432
6146 9476
4929 8194
7952 8228
6162 9344
4770 8449
5314 8968
7683 8272
4876 8321
6276 9060
7974 10369
5696 8448
5524 8768
6660 8248
4145 10754
5793 8540
7793 8452
4100 9112
4121 9122
4101 8456
4147 10500
4736 10304
7171 8912
7524 8192
6692 8457
4113 8364
6684 8256
4624 11268
4176 8576
5251 8712
4106 10156
4299 8212
7315 8204
6352 9223
4485 8288
6656 8194
4544 9769
6144 9454
6528 9830
4645 8642
5922 9233
4612 10249
7776 8194
4673 10286
6290 9001
4613 8546
4387 8840
5504 8288
5248 8279
6318 9472
4186 10756
4104 9121
4387 10380
4240 10859
6344 8208
6144 8498
5512 8256
4513 10244
4098 11444
4357 10784
4137 10515
4237 10834
4232 10791
5185 9476
4097 9080
7840 8457
6400 9736
4168 9987
6228 8321
4608 8421
6117 10266
4546 8705
4256 12032
4424 11795
5251 8708
6244 8208
4108 8387
4739 11360
7305 8736
4196 8217
4968 10243
4137 8900
4112 8395
4673 10256
4096 8256
6820 9289
4908 10752
6660 8200
4638 8641
4277 8458
4406 10816
6208 9368
4128 8200
4365 10336
4489 11410
4616 10642
6688 8259
7112 9232
4104 8421
5784 8198
4736 8225
5136 11779
5376 8352
5640 8450
7620 8249
4548 10274
4136 8468
4138 8337
5560 10307
6532 9745
4417 8192
6656 9248
4109 8306
4109 9696
6624 8201
6400 8235
6261 9728
4352 10240
4664 8454
4867 11336
4101 9426
4705 8582
5953 10272
4171 8212
4096 8821
5136 8323
4352 11348
6448 9344
4400 8192
5154 10521
4372 8224
5291 9472
4610 11628
4104 8292
4104 9313
7207 9024
5188 8336
4384 8332
5672 8208
4636 10594
4096 8864
4674 8453
6468 9915
5208 8746
6256 8458
6154 8725
5175 10240
4225 8541
4145 8448
4096 9496
6144 8967
5152 8856
5138 8192
6667 9636
4098 10808
4226 8209
5124 10402
5195 8448
4148 9864
6152 8278
6658 8580
4256 9793
4675 10540
4121 11268
4182 9216
7712 8199
7319 10536
4128 8789
5774 8209
4288 8192
6572 9730
4260 10314
5248 8226
5888 10380
6404 9840
6154 8196
4230 10312
6208 8217
4096 8290
4756 9235
6441 8336
4356 10824
4897 10324
5130 8192
4096 11046
4323 8576
4540 8768
5872 8458
4368 8743
6152 10434
5192 8449
4608 9473
4424 9267
5127 10536
6160 9227
4704 10250
4765 9474
5121 10382
5641 8336
4106 10432
7212 8401
4118 11521
4608 10546
5793 8260
6156 9315
4193 11152
5410 8209
4497 8260
6921 8736
6210 8736
4096 10624
6180 8904
6145 8596
4609 10752
5936 10241
5764 8224
7761 8322
4214 10144
4740 8227
6217 8726
5731 8196
4127 8960
6172 9504
6784 9256
6408 8310
4364 10258
4752 11296
5632 8308
4824 10241
6212 8232
6200 9345
4099 8706
4134 10280
5184 10400
4098 9232
4121 9124
4260 9280
4293 9472
4164 12049
4224 9559
5058 9249
4672 9216
4611 9288
4195 8708
4897 8210
5440 8235
4135 11852
4184 8709
7320 8965
6682 9600
4362 9290
6852 9273
4352 10412
4518 10752
4320 8706
5896 8435
6400 9451
5473 10760
6658 8192
4112 9166
4126 8457
5632 8449
4200 10500
4648 8326
4472 10246
4133 11536
5700 10520
6604 9777
5793 8460
4608 10714
4676 10496
6245 9730
5137 10860
4156 10784
5668 8202
4640 10304
4744 8726
8081 8232
4364 11360
4194 8833
4324 8451
6816 8515
4417 8740
4672 9624
4400 11346
6536 8756
4195 10756
7768 8199
6837 8202
4360 8320
4406 8705
5384 10369
4099 10466
6144 8261
5147 8772
6217 9856
5120 10362
4358 10433
4992 9293
4150 10241
4204 11777
5890 8261
6193 8576
6408 9910
4176 11649
6144 9988
6144 8248
4115 11492
4104 8805
5126 8224
5606 8192
4100 11715
4258 10252
5640 10388
4898 10305
5151 10272
4868 8400
5445 8218
5938 10244
4137 9540
4257 8460
5124 10498
4353 8226
6592 8707
4482 9316
4104 8898
4914 11271
6197 8450
4337 8460
7296 8486
7561 8742
5969 10246
5636 8641
4736 10556
6816 8972
7424 8256
4289 10572
4260 10826
6656 8528
4096 8522
4228 8232
5203 8196
6624 8216
6723 8456
4360 10320
7320 8288
4096 8514
6784 8307
6182 9809
6296 8451
4100 8202
4624 9666
4164 8449
5216 10503
4160 8205
6467 9344
5123 8192
6288 9999
5277 11520
4355 9312
4104 10593
6202 9025
5474 8200
4097 11430
6182 8729
4104 11381
4194 8465
5260 8979
5426 8832
5144 8321
4194 8964
4368 10378
5636 10368
4744 9536
6636 9472
4312 11299
7427 8216
7434 8340
6656 8320
5191 11009
4358 10770
4288 10530
4234 8545
4488 10272
5636 10248
6718 8321
4634 8356
7170 8704
4228 9232
6404 8794
4279 8256
5516 8275
4384 10248
4564 10274
6810 9477
6144 9216
6414 8720
5448 8337
4195 11416
6632 8213
4610 8452
4610 8660
4524 9745
4391 8256
6411 8324
4609 8348
6145 8226
5672 8197
6533 9802
4290 8204
6661 9424
4333 8208
6248 8194
4948 11393
7168 8782
4104 10371
7052 8192
5250 8732
4121 11426
4112 8844
6208 8721
5124 8842
4482 8704
6146 8240
4176 11656
6376 8450
4718 9216
4614 8521
4176 10241
5218 8488
4101 10512
6913 8346
5217 8208
4984 9216
5632 10507
5702 10241
5184 8736
5346 10248
5185 8886
4130 9409
4166 12065
5132 8482
5893 8274
7776 8476
5208 8480
6476 8368
6725 8976
5659 10368
4209 10756
6722 9272
4102 10744
4355 8856
4194 11552
5257 8256
6158 11216
6144 8346
4496 10275
4800 8210
7562 8772
5312 10280
4609 11328
4617 8482
5193 8338
4096 9295
4181 10242
4200 11141
6145 9624
4616 8449
5900 10753
6272 9280
4096 9800
4484 8801
4356 8210
5164 8273
7553 8192
6915 9344
4260 10824
4425 10912
7780 8209
6146 8601
4104 10310
7211 8192
6464 11304
6376 8195
5712 8328
4100 8538
6346 9729
4113 11374
6416 8325
5148 8322
7177 8388
5144 8224
4180 8993
5188 8194
4160 8236
5652 8450
6924 8321
6923 8384
4480 10241
5134 8417
4737 9254
6160 8295
4130 10393
4114 8800
4352 9233
4136 9490
6164 9480
5392 8268
6240 8707
7044 9216
7688 8484
7040 8203
4616 9408
7690 8548
4096 8464
4272 9798
6152 8224
6273 8770
7297 8482
4185 11266
7534 8193
6441 8788
6156 9233
5632 8385
4378 8192
6720 8356
4492 9249
6408 8785
4106 8212
4614 9345
4324 10259
4672 8505
4353 8192
4160 8244
4230 9816
6021 10268
4102 9457
6146 8837
4137 11206
4114 10528
4496 8260
4121 8418
5918 8192
6789 8256
4672 8457
4482 8197
4180 9738
6427 9216
4288 10287
5643 8480
5167 11652
4360 9906
5136 10404
5649 11406
7713 8340
4864 8399
7691 8448
4099 9624
6160 9217
4224 8528
4168 9350
6417 9858
6048 8218
4354 8836
4260 8729
4128 8988
7184 9033
4272 8194
4136 9731
6320 9229
4268 10000
4109 11952
7360 8721
6272 8294
4244 8192
4864 10261
4121 8486
4216 11394
4618 8325
4647 9224
5255 8824
4896 8196
7205 8400
6256 8192
5794 8212
4394 10512
4192 10756
7968 8208
7976 8192
5221 8216
4372 11784
6789 11520
5673 10708
6148 9256
6300 9505
4449 10242
4181 8226
4888 9248
4609 8270
5216 8448
6568 8708
4528 9737
8128 8229
7233 8336
4132 10497
5158 10624
5120 11321
7216 8333
6150 9576
4131 10372
5169 8836
7808 8195
6172 8482
6225 9380
6379 9984
4352 10368
6154 8996
5760 10535
4820 8200
5154 11017
4228 9232
5252 10245
4109 9584
4672 8216
5824 10517
4146 11528
4198 8976
5908 8225
4137 8786
4096 8466
5364 8457
6716 9376
4192 8210
7220 8843
4700 8608
5904 8265
7056 9248
4226 9588
4457 8272
6160 8704
4402 8193
4738 11328
5637 9234
4763 8224
6201 8524
4514 8720
6453 8706
6146 9889
4482 10364
4610 9236
6664 9287
5216 8732
4113 12134
6546 8205
4249 9218
4096 8448
4427 8272
6912 8325
6405 8712
4160 8484
6528 8514
5448 8199
5513 10304
4335 8720
4096 9995
4644 11673
4146 9801
4619 10624
4656 8386
6371 9736
6168 9861
4374 9896
4711 9360
4416 8337
5633 8198
4106 10609
4109 8336
4240 11852
5560 10242
5787 10304
4802 10308
4896 10256
6530 8744
4656 11525
4099 9808
7360 8323
6144 8470
5152 8497
4641 9352
4106 10241
6276 12048
5505 10830
5160 10257
6180 8200
4505 10240
4240 8290
4235 9584
6293 8224
6952 10454
4108 11394
4108 11282
4112 8448
6722 9216
5384 10241
6576 8204
7001 8192
4178 8193
4626 8237
4108 9312
7304 8309
5132 8336
4400 10766
4292 8705
4355 8196
5508 10277
4151 11848
4482 10360
6023 8274
4353 10372
4112 10762
4694 11297
4609 11392
4198 8328
4240 12032
4240 8742
4628 10272
4113 11494
7184 8265
7370 8708
4224 8397
5667 8388
4192 8192
4113 11268
6706 9216
5193 10806
6424 9315
4867 9336
4617 8335
5925 8208
4106 10901
6272 8215
5145 8832
7348 8192
4260 10504
4210 8584
6339 9736
4360 11332
7174 8600
4180 8715
5224 8707
4137 8580
5186 8736
6917 9360
4738 11288
4593 11264
4385 8202
6503 8209
4500 10240
4128 8333
5664 8476
6272 8319
7682 8592
4480 8752
5120 8870
4241 8712
4161 8210
4609 9226
4171 9856
5216 10906
7682 8469
7809 8744
6672 8550
5984 8858
6665 9526
4646 11472
6177 8722
7716 8338
6541 9218
4355 9348
5792 10246
4800 8252
4288 9854
4232 8756
6800 9224
4100 10464
4984 10369
6821 10496
5312 10256
5569 8192
4886 8321
6248 8657
4102 10625
7456 8267
4130 9245
4168 10887
4096 8358
5149 8802
7502 9728
5130 10816
6182 8208
6306 8513
4896 8393
6192 8521
6576 9227
5196 8194
4404 8769
5008 8202
4253 8736
4737 9320
5508 8200
6145 9054
4668 8673
4416 8772
4224 8212
4385 10240
6696 9218
4229 10282
4296 10759
5522 8268
6720 9344
4246 9793
6913 8408
4608 11684
6912 8256
4259 10244
4941 8210
4884 9504
4992 9420
7060 8194
4102 8392
4136 8209
4434 8865
6153 8326
6187 9984
5316 8705
4530 8193
5219 8192
5540 10242
4616 8230
5152 8194
6152 9473
4621 10642
4368 8778
5206 8872
4320 9989
5392 10916
4640 8460
5128 10832
6784 9283
4097 10666
4692 8586
7268 8210
4928 8580
6946 9305
4128 8274
4138 8384
4417 9900
5186 8224
5306 10496
5128 10341
5712 8192
6936 8195
4097 9488
4136 10304
4256 10496
7232 8247
4225 10032
5124 8706
4120 10209
4114 11428
6688 9368
4104 11637
7688 8512
5197 8736
6146 11925
4250 10852
6557 8386
7208 8455
4742 10497
6215 9368
4226 10580
4928 10249
6692 9426
5312 8760
6179 8192
4504 10305
4192 9992
6216 8624
6832 8514
6434 8725
4392 10560
5634 9996
4097 11032
4280 10820
4129 9733
4210 8192
4624 9388
6408 9600
4613 9368
4362 8197
5146 8833
6163 8960
4112 8937
6433 8722
7180 8736
4958 11521
5568 8741
4166 10280
6560 9733
4660 9216
6528 8714
5652 8258
5224 8320
4656 8330
4224 9816
4164 8867
5360 8448
4132 10754
6241 9490
4226 11292
4616 8484
5016 8231
4160 10003
4928 9224
5138 9028
4662 9216
6317 8706
4112 8584
4132 10578
4169 11776
4376 9862
6599 8704
4196 8713
4644 9227
4160 10802
4257 9480
5273 8960
6404 8755
6406 8297
5025 8214
5317 11280
7584 8206
4640 8196
5638 10369
4802 9229
5200 8960
4172 11794
5368 8450
5786 10529
4428 10388
4162 8192
4800 8225
4678 10520
6888 8453
5152 9048
4609 8198
5384 8212
6788 8273
5665 8212
4664 9924
4721 10510
6419 9220
6976 9224
6272 9829
4116 8257
5784 10307
6272 9533
7174 8784
4144 9601
5194 10752
6700 8578
5891 8304
4226 8506
5890 10388
5260 10242
4224 8415
7072 8203
6464 8381
4276 10883
6788 8546
6166 8289
4696 9218
4100 11248
5222 8576
4099 8384
5703 10288
5176 8512
7644 8192
5161 8400
5386 10800
4148 8707
5720 10242
4538 8265
5138 10289
4231 9776
6656 8227
7232 8210
4224 10763
4755 8204
5633 8216
4161 11946
7368 8716
6223 9488
5632 8640
5180 8448
4376 9218
4677 8632
4772 8472
6224 9007
4656 8210
6146 9385
5662 8289
4611 8496
4480 11344
4099 9344
4784 10496
4113 8896
4170 10420
6978 8277
6496 8713
7712 8214
7189 8330
4357 9346
5320 10759
4101 8392
6276 9491
6416 8290
4262 8456
6657 8692
6306 9796
6288 8968
4608 8441
4161 10754
4100 11289
4281 9988
5719 10240
7358 10753
4226 8192
5702 10240
5383 8256
4480 10784
6789 8262
4416 8201
7859 8192
4134 11985
5123 10436
6244 8712
4099 9728
5256 10310
4434 10272
4133 8514
5184 8322
4116 8352
7712 8336
4865 8348
4128 8219
5409 8256
4360 8422
6292 9508
5711 8192
4260 10059
4100 8963
5430 8704
4167 10632
4234 8484
5128 8448
4358 8256
4098 8233
6155 9956
7475 8896
4393 10757
5249 10818
4124 10497
4104 10304
6505 8192
4098 11417
7432 8757
7841 8454
4640 11288
4113 8398
5378 10368
4769 9234
6212 8320
7272 8966
5521 10336
6211 9384
4696 8197
5128 8240
4616 8486
5419 8256
6032 10312
7432 8194
4264 8962
7168 9008
4096 11094
4162 12189
4252 11088
7232 8464
6277 9536
4870 10257
4756 9217
7297 8256
5921 8488
4688 10630
5731 8604
4212 8969
5609 10242
5364 10498
6181 8274
6785 8454
4296 8195
5635 8452
6321 8450
4718 8321
7812 8484
4096 11834
7314 8516
4258 8220
4236 9472
7186 8224
6877 8480
4224 9280
6720 8622
7682 8224
4288 11008
4168 8326
5478 10376
4225 8200
4096 8881
7432 8276
4256 8726
4271 8720
6146 10144
4376 9412
6752 8449
4496 8261
5237 8194
4556 9218
5632 8670
4707 11648
6124 8449
7169 8274
6144 8242
5266 9025
4288 11529
5321 8194
6168 9095
6537 8804
6832 8199
4368 8201
4226 8764
6669 9360
4482 10761
4192 10265
4238 10272
4388 9734
5568 8213
5123 10452
7689 8384
4648 8275
6865 8459
5124 10738
4547 10014
5332 8227
5668 9496
5123 8404
6158 9764
4776 10360
5348 8200
4354 8885
4960 10273
4234 8964
4106 8277
4570 10884
5160 10756
4692 8320
6177 9928
6402 9300
5632 10280
6409 11780
4330 9488
7248 9989
5504 8774
7445 8192
7297 8276
7684 9259
4112 8930
4736 10512
4676 11288
4417 8704
4160 10536
6284 9987
4368 11811
4194 8848
7298 8216
4480 11595
4288 12070
5653 8200
4302 8193
5476 10248
4998 10256
6560 9236
5526 10304
4612 10529
4361 8422
6181 8792
6404 8722
4581 10266
4157 11776
6666 8420
5577 10244
4209 12034
4224 9304
4447 9344
7180 9120
4544 8194
4232 11783
4208 9498
4098 9984
4416 10244
5150 8328
6976 9363
6149 8304
6277 8744
6155 8768
5605 8976
4940 10243
5381 8282
4168 10244
7236 8840
5409 8906
4482 10364
6724 9472
6752 8197
7696 8266
4801 9270
5156 10439
4417 9276
5132 10370
4146 9225
4224 8248
4096 10773
5140 8715
4269 9552
6226 8713
4205 11296
4448 9485
6144 8566
5320 10245
5120 10919
5138 8264
6560 8211
4099 9805
4672 9216
5636 8304
4114 9449
5399 8704
4177 12040
4352 9281
5286 10241
7716 8322
5835 8256
4291 10756
4096 8268
4355 11860
4194 9392
4162 11441
5140 10752
6184 8448
4100 9657
4096 9228
4896 11392
6665 8626
7172 8803
4627 11584
4616 10240
4224 11781
5647 8352
4110 10913
6528 8262
6262 8448
5204 9099
5188 8864
7697 8578
7426 8793
5644 10240
4426 8197
4121 9730
5633 8324
4456 9217
4121 12032
6278 9049
6355 8712
5068 10291
4741 11336
4099 8352
4375 8392
6160 10177
5283 8516
4736 8464
4112 8710
4673 9248
4544 11289
6158 8416
4201 8212
4356 10832
6401 9414
5476 8705
5196 10400
6960 8258
4289 10274
6381 8978
5761 8274
6656 8260
4646 8196
4800 10273
5184 10656
4137 8578
6848 8480
4098 8272
5504 8288
5073 8196
4176 9508
4360 9249
8149 10240
4096 9267
4113 9742
5408 11418
4128 11288
5653 10704
4674 9613
4619 10496
6740 9216
7683 8232
5602 10256
4360 8196
4096 10772
4177 10660
4096 12070
4096 9186
6673 8320
6656 8312
4608 9277
4144 10890
4658 11332
4881 11404
7222 8768
5665 10624
7238 8865
4227 9540
6964 10240
7484 10467
5604 8195
4232 10756
4160 8232
4122 11136
5536 8198
4591 10752
6193 8262
5122 8860
4617 8196
5152 8652
6370 9245
6656 8290
6396 9730
6160 8448
4396 8211
6419 9224
5376 8277
4102 10656
6858 8448
4354 8192
5397 8298
4164 9515
6176 9924
4096 8230
4997 10306
6800 8205
6338 10016
5408 8323
4108 9283
4128 9813
4228 8288
7716 9233
5185 8366
4633 10406
4096 9216
4101 10258
6435 8216
6796 8306
4641 10240
7681 8406
6792 9301
4112 8203
4688 9480
4322 8737
6353 8968
6179 9732
4123 11556
4402 11392
7168 8320
5720 8197
4132 8960
4748 11297
6660 9297
7688 9217
5384 11779
4169 10512
6279 9536
5964 10240
7183 8480
7248 8712
4632 8448
6189 10000
4194 9232
4612 10689
6336 11267
4224 8772
7296 8785
6544 8770
5141 10570
5696 8228
5728 8336
5158 8217
5777 8326
6400 8202
4364 8833
6658 9248
5472 10279
5890 8712
5706 8261
6280 10018
7436 8195
4228 9769
4145 9160
4104 11528
7686 8377
4560 8748
6144 8554
6234 9476
6474 9856
4372 8288
4200 11138
4160 9064
4400 10819
5123 8476
7308 8737
6160 9410
6658 9344
4102 9672
5785 9508
5540 8260
4096 10779
4486 10352
4865 8334
5249 8450
5379 8280
4164 9216
4737 10268
6660 8450
4096 10610
4096 12096
7561 8215
6944 8279
6196 9984
5168 8327
6688 8512
4792 10562
4608 11737
6752 8205
5513 10240
4625 11556
4992 8213
4384 10780
4353 10795
6432 9355
4466 8201
4613 9480
6149 8370
5157 10504
4250 8449
4163 10628
6178 9861
4833 10242
6400 9836
5634 10368
5648 8358
4224 10517
6180 9681
6144 8609
4608 9284
5432 8834
5152 10631
4264 11344
4160 11815
5144 9122
7564 8704
5248 10273
7520 8720
6931 9220
4128 9796
7169 8538
5168 10252
4259 11604
6148 9306
4178 8225
4560 10240
7972 8192
5152 8708
5920 8281
4164 11921
7752 8240
4288 10784
4614 8448
5633 8216
6840 8192
4216 11524
6417 8809
4776 8209
5184 8345
4225 8212
4099 11936
6720 9510
6336 8200
4316 8993
4611 10660
4624 8257
4160 10400
5740 10368
5126 8208
5252 8736
4896 9227
7168 8762
6416 9448
4896 9232
7184 8385
6626 9728
4168 10112
4140 10003
6168 8353
4996 11339
4104 10000
4354 8745
4746 10596
6553 9284
4749 8208
6169 8708
6402 8356
5335 8768
4162 8192
4650 10448
4168 10548
4107 10240
6403 8848
6424 8225
4224 11130
4514 9236
5188 8712
5985 10252
5026 9240
6272 9728
7362 8448
6205 8450
4238 8800
4272 10246
7170 8213
4870 10312
4258 11800
4866 8233
5202 10412
4548 8193
4904 11405
6696 9224
6160 8257
5236 8962
5268 8302
4297 9136
6720 9252
4465 9868
6496 9732
6656 8698
6146 10188
5706 8192
6308 8209
5636 8320
4736 9217
4097 8448
5188 8346
4452 9289
4388 10771
5672 8198
7192 8192
6160 8200
5164 8576
6792 9493
4306 8237
4294 10600
6232 8449
4189 11170
7042 8192
6784 8448
4296 8192
4622 8256
4137 9088
4243 9028
5133 10514
4448 8212
7184 9101
4107 9248
6673 9348
5427 10848
6213 9512
5452 8705
7673 8704
4868 8233
5220 8200
4096 10308
4165 8594
6160 8844
4356 9744
6417 8866
7712 8449
4096 11941
5249 9116
4996 10353
4128 8286
4353 9736
4418 8872
4288 9532
6496 8706
5143 8296
4356 8866
6304 8256
4672 10675
4308 8488
5220 8192
4929 8236
5022 10241
4997 9280
4512 8715
6177 8706
5125 10994
4482 11312
4096 11585
4387 9304
4225 8760
4368 8256
4232 9808
6336 9504
4116 8368
4848 11273
4110 8947
4130 8336
4096 10256
6192 9729
4193 8322
4288 9732
4998 9320
4097 9962
4149 8712
5201 8714
4820 8482
4521 10758
4146 8769
6930 8233
6661 8466
5650 8321
4371 12184
5929 9360
7864 8448
4176 8708
4642 11733
4608 9472
4624 9600
6209 8204
5146 8800
6688 8196
4389 8220
4146 11585
4290 8724
4501 10760
6144 8589
6152 9364
6419 9224
6736 10500
4908 11466
5720 10369
7719 8448
7176 8400
5897 8242
5208 8868
6432 8794
4132 9728
4573 11776
6406 8225
4140 8386
4675 9520
7278 8200
4364 8769
7428 8792
4100 11186
4098 10752
4354 8328
4240 8526
7171 8656
7197 8544
4245 11048
6400 8204
6266 8724
4115 11684
7040 8276
4355 8220
4243 11140
5984 10246
4760 9477
6166 8768
4356 9736
7840 8290
6243 9344
6144 9054
6145 8268
5446 8243
6936 8384
6706 8320
4132 8272
5193 10386
4192 8852
4384 10304
6272 9260
5634 10528
6160 9445
6657 8200
5930 8256
6212 9728
5376 10788
6528 9252
4872 11460
4440 9221
5890 10400
6210 9480
4176 8967
4256 8274
4386 8200
4608 10443
6150 8729
5776 10538
6346 9232
4100 11499
4360 9749
7236 9314
4618 9680
4176 8776
5424 10370
4496 8713
4754 10752
5168 8199
6785 8456
7684 8418
6406 8425
4649 9284
5024 8283
4484 9224
4322 10248
5155 10832
4233 8998
4643 11328
4434 8193
4608 10662
4154 11008
4736 11312
4665 9536
4353 8304
7872 8478
4868 8413
4388 11794
6312 8257
5640 8260
4493 11776
6968 8193
5604 8216
4992 11283
6658 8193
6164 8617
4358 8801
4229 9801
4369 9346
4784 8196
4616 10337
6268 8320
4151 10816
6944 8520
4116 10753
7621 8542
5120 8993
6304 8265
4672 10257
4360 8272
6160 8840
4664 8322
5256 8289
4128 10512
7200 8712
4632 8544
4816 8448
4289 8200
4417 10272
4165 9488
4164 11810
6146 8512
4752 10244
5907 9408
7432 8862
5382 8224
4274 8772
4165 9986
5552 8770
6272 9296
6220 9778
7682 8416
4105 8324
6368 8722
6016 10515
6346 8192
7120 9512
4612 8479
4866 10432
4773 9306
6369 9752
4096 8547
4164 9096
6694 8528
7430 8856
4500 8712
4101 8506
4105 11396
4098 8404
4101 9992
7730 8196
4616 10241
4361 8848
4552 10258
5280 11032
4590 9218
7176 8224
4419 8704
7313 8524
4147 11840
6404 8202
6338 8732
7680 8601
6403 8384
6402 8296
4622 11608
4676 8320
7189 8794
4418 9413
4355 11340
4676 8210
7956 8320
4096 11851
4225 10850
4300 11264
5892 10344
4098 12072
7731 8460
4610 11405
4224 10581
5122 8497
5000 10468
4673 11286
5158 8384
7696 8451
6464 8366
4577 9224
7178 8917
4969 8338
7308 8993
4392 8385
5248 10593
6164 8512
4408 9346
4121 10116
7168 8202
5513 10756
5377 10480
5123 8340
6147 9240
4650 8337
5160 10519
5452 9234
4805 9256
4617 8242
4161 8964
5252 8289
6914 8384
4484 10355
6146 9304
4480 8776
4881 8204
5600 8721
4936 11392
4112 8424
4386 9732
5249 8192
4260 9226
5952 8202
5424 10378
4393 9556
4144 8258
6177 10088
7680 8204
7745 8448
4425 8736
6164 9729
4192 10883
6016 8271
4608 8372
4512 8771
4105 11344
4101 8962
5148 10306
5504 8704
7200 8986
4509 10304
4105 9680
6690 9492
5024 8212
4665 8456
4899 9240
4192 11526
4260 9233
6183 9856
4232 11363
4096 8240
4268 11282
4096 8208
4096 8716
4120 11845
4310 11809
4405 10890
6312 9232
5314 8704
6148 9770
6972 9217
4178 10917
6342 10248
6158 9313
7192 8198
5454 10752
5097 11264
4097 8610
4993 8292
4422 8193
6170 8192
7684 8217
4482 8924
7744 8225
6216 8839
4580 8217
6805 8480
4152 11334
4100 10416
6304 8257
4800 8488
6176 8585
5441 10250
5120 8457
4129 11400
4182 11433
4865 8262
4736 11363
5801 10502
4675 11520
5604 10242
6144 8343
6434 8213
9312 8964
8744 8451
10241 9098
11288 8388
8901 9264
8516 8195
8704 11409
8708 8227
10082 10332
8352 11290
10241 9844
9737 10656
8325 8978
8544 8605
10272 9360
8196 9281
8260 9744
8256 8337
8192 9411
9600 8715
10821 9504
8257 8240
8266 8194
11431 8652
9521 8194
10308 9480
10510 9361
10467 9220
8267 8712
9680 8228
8328 8290
8464 10820
10240 8333
8297 12048
12041 8192
8232 10640
11045 9352
10536 9939
9746 8352
8200 8498
10812 9473
10389 9825
8264 9885
8976 9409
9025 8212
8576 10794
11319 10696
8455 8216
11266 9064
8720 8197
10833 8324
8866 8193
9828 10259
8480 10320
8458 11313
9764 10243
8729 10304
10581 8714
8242 8961
10009 10240
8222 8233
9798 10385
11776 8519
8304 11012
8204 10883
9359 8512
10708 9378
9024 10283
9484 10256
10228 10242
8504 11330
9781 10632
11792 8616
8480 11410
8333 9250
10288 8775
9986 10277
10396 8321
8960 8204
8880 8256
9857 8276
8608 8722
11430 8209
11094 8200
10378 8977
9280 8848
11808 8469
9240 11712
11320 9154
9216 10244
10288 8267
8232 8214
9364 8707
8392 8448
8388 9033
8224 9798
8474 8773
8480 8709
8448 9380
8238 8336
10244 8489
8416 9218
8797 9602
8833 11274
9235 8328
8224 8208
10277 10432
8656 8224
8332 8816
8200 10820
10228 8200
8384 8214
9232 10240
8192 9975
9334 8328
10535 9872
9264 8907
9752 10726
11274 8452
9761 10264
8192 9158
8442 8965
8258 9252
8456 8336
10148 8200
10788 9280
8784 9633
8456 10305
8192 8515
10369 9316
8197 11425
8514 8353
8192 8192
9212 10257
9348 8474
8770 10292
9070 9216
8195 9472
8672 9225
10306 8473
8193 10894
9413 8468
8462 9729
8253 9792
8337 8456
8240 11554
9628 8736
8221 8960
9296 10505
9252 8649
8208 8832
9221 10282
8704 8526
10240 10123
8352 8477
8258 8212
9874 10240
8748 10576
8264 9394
9984 8195
8192 10373
8226 8272
8464 8738
8204 8240
10332 9856
9857 8512
8617 10816
8448 10255
10314 9344
9680 10243
8336 10772
9730 8512
10758 9225
8345 9508
9296 8320
8450 8200
11664 9225
8519 9808
8527 8244
10241 8296
9505 8786
8196 9224
9216 8800
10801 8264
9310 8976
8416 9497
8200 9765
8792 8614
15648 12416
12836 12306
13316 12472
12428 1088
16098 12
13329 648
12584 3600
12960 3073
14731 2096
14528 314
12442 512
14856 416
13316 2434
13422 2832
13482 512
14620 608
13396 2057
13132 19
12807 344
13856 469
12800 1088
12355 1180
13272 3077
12352 1031
12564 1066
14466 1800
12832 193
13836 2115
15636 162
12484 1795
13356 579
14528 25
13852 2435
13408 2316
12321 282
12328 1091
13056 2161
12293 1280
16163 128
14402 1200
12448 2050
12860 2304
13312 2098
12320 81
13442 2105
13413 408
14848 193
14652 0
15640 119
12416 3891
13704 2672
12576 1104
12867 2184
12320 2053
14852 56
13320 176
14449 262
12570 1697
12404 2178
13460 2616
12317 3360
15125 34
15408 269
12416 15
12334 384
12288 514
15166 129
13608 149
14975 1408
14644 2120
15378 102
16040 22
15490 2597
14386 1032
14404 1698
12818 3500
12445 2080
12292 1688
12356 1835
14341 674
14019 0
12555 1312
14360 898
13316 2721
12290 2757
15688 6
15490 832
14342 529
12340 131
14892 81
15670 200
12357 2216
14860 273
14355 1032
13337 64
12324 536
12368 384
12289 2532
13568 14
12518 16
12488 1024
12293 2050
12584 3776
12417 1058
14018 16
12320 1286
12544 2698
14340 144
12516 26
13361 2048
12874 2305
12368 544
13548 2352
12330 900
13064 1172
14384 1032
12560 674
13925 152
15600 263
12494 337
12385 3472
13824 320
13376 306
12304 164
15682 532
15393 128
12297 562
13476 91
12433 4
14696 7
14416 1569
15682 136
13064 2210
12821 130
12864 1062
13312 2121
12866 2056
13364 522
12328 1044
13060 2056
12918 2561
13601 16
12858 196
12584 1025
12688 41
12427 3904
12381 2464
13352 131
12656 2061
12800 375
12935 24
16169 68
13337 902
15412 387
12424 3076
12814 400
12344 3586
15488 782
12512 3072
12968 1047
13920 29
12750 3121
13009 1280
12321 3840
14340 777
12420 20
12368 2434
12552 2211
12320 1621
14451 1412
13596 2112
12417 1406
14873 0
12288 260
14694 1672
12312 1414
13698 2072
15624 2578
12584 1030
12753 1058
14692 0
12864 2330
15963 1312
13824 205
12292 1833
14380 1154
14339 1856
14720 555
13568 13
13836 1
12392 806
12424 1568
14616 1025
12544 2280
14354 1549
16128 217
15493 72
12548 9
12800 1110
15373 898
13016 2083
13598 609
13065 3104
12449 2056
12737 3094
12448 1289
12384 771
13827 20
14465 534
12328 2896
15392 580
12806 1160
12576 80
14339 12
12296 84
12428 352
12356 2176
14336 1891
14150 48
13312 66
15429 302
12288 67
12897 2332
12304 3496
12498 2568
13356 1361
12370 1280
12376 3202
16128 0
12564 2625
13376 0
12801 1038
14336 1027
12627 1664
12313 32
13970 5
12401 778
12464 514
14405 264
14688 130
14977 84
15360 128
13096 2114
12426 3876
12290 1024
12585 3648
12934 2448
12610 3584
12416 3137
12291 2204
12568 1232
14048 285
12288 2189
15174 16
12288 1922
13320 39
12864 53
12302 128
12804 161
14336 596
12499 512
12695 616
13955 2312
12429 3840
12625 2568
13330 524
13096 2115
12289 1800
12448 2931
13386 2725
14400 1818
12775 520
14915 1176
13056 2188
15410 76
12581 590
12544 173
13442 2672
13828 448
14914 1281
14016 2048
12992 1170
15464 20
15878 113
13160 2064
13378 53
12342 1224
13857 130
15488 595
13280 2050
13320 469
12826 389
13504 812
12355 2048
13440 104
13392 2979
12800 1296
12810 400
12512 3344
13904 34
14352 73
12456 2
13333 354
12528 3336
12393 144
14864 488
13328 2068
12548 2106
13892 170
13568 18
13444 72
12844 2305
12834 348
12304 2881
12768 2073
14616 230
15368 96
13888 3
13892 404
15621 226
16144 1164
13688 129
12496 1538
12444 2306
12872 3462
14362 1029
15026 1284
16366 0
15144 1159
12866 1369
14593 568
13313 2896
12512 2844
15164 1152
13888 2208
13312 808
14084 80
14360 37
12289 3586
12353 154
16218 1
14856 100
12314 2116
12464 3842
12433 2080
12305 1380
14352 1038
12931 2080
13856 155
12368 1053
12850 3585
14912 3126
12427 292
12801 1508
13381 2338
12552 196
13876 3
14850 272
13312 2276
14212 2129
12444 2560
12293 904
12432 1536
12674 17
12568 737
12868 442
13762 17
12556 1042
13569 242
15475 1024
13320 2464
13338 324
14474 517
14400 1687
12552 3121
14627 92
13841 2252
12488 1056
12322 1045
13920 520
13074 521
14466 33
12416 263
14468 100
15269 1024
12552 2757
15403 576
14464 1069
15721 2
12800 3394
13677 26
12704 9
12324 112
13312 620
12293 1240
14600 580
12532 1802
13336 2614
14605 1734
12850 3149
12300 2049
15505 290
12301 48
14336 1438
12353 1072
12481 1568
13920 133
12355 2612
13505 4
14432 2526
13312 16
12544 3084
14468 75
12288 1386
15360 64
12366 3328
12634 2213
13062 192
12545 2058
15408 320
15986 140
12299 32
12316 2819
12304 1697
12482 3849
13258 2100
15601 266
14737 1568
13569 20
14517 256
13968 2378
13664 523
13120 60
12454 2387
12562 513
12436 2080
14870 576
15425 24
12800 2188
15433 546
13830 257
13184 3112
12803 3136
13515 580
13329 36
14658 1584
14699 724
12421 2560
13988 793
13316 256
13389 2176
12452 3585
12321 3458
13348 2322
12548 3786
13522 645
12290 2276
12996 282
12329 2434
13571 588
12744 2049
12680 2048
14552 1
13382 264
15876 1033
14912 1041
14376 336
12293 3402
13604 579
14817 528
14464 1138
12960 3072
12832 2455
12476 320
12880 1408
14597 1120
14344 277
15936 404
12947 3112
14720 76
14336 1699
13328 2092
14336 269
14336 928
12416 1024
12809 2064
13076 1057
12448 2312
15756 512
13866 84
15236 74
12436 1280
13065 2178
12528 2306
12743 1024
14161 128
14464 612
14346 65
14340 560
15362 264
12424 2369
13545 2304
13512 277
12745 1040
14370 652
13711 2112
15424 15
12564 1544
12425 1044
12296 1971
12297 2226
14347 64
12842 2313
12309 1024
14620 1666
12288 1272
14372 1792
14340 1425
13321 2596
13122 160
12812 147
12332 1538
14336 209
12581 128
12418 3652
12322 2384
13366 139
13828 3338
12881 386
13840 2081
13390 416
13890 2060
14352 1153
13952 19
13382 17
12419 69
12677 3088
12808 454
14356 1440
13730 2116
13452 2562
12882 2337
14397 128
12577 16
13334 2592
13731 268
12308 329
12712 80
13856 2390
14786 1572
14384 776
13312 2115
14851 164
12320 1284
12865 3204
14532 1080
13842 233
12451 2828
14066 0
12640 4
13587 2112
14340 1072
15042 608
12436 1027
14639 192
13605 2560
14368 140
14345 2384
13322 340
15240 1088
12308 2062
14176 261
13380 312
13440 2056
12964 3138
13320 2112
12288 3852
13368 770
13892 128
13338 512
13667 2053
12811 3140
12481 2090
12608 2575
15714 529
13376 649
13704 548
12417 3858
14401 4
15880 178
12418 3133
13576 64
12466 535
12936 0
12818 3112
15622 161
14464 1052
13125 3104
12304 1540
13332 2848
13463 552
15360 677
14470 520
12344 1536
16006 289
13615 2
16080 297
12421 258
15366 64
15421 836
12864 1296
15236 114
13828 2368
12355 1584
14784 524
12546 2649
12352 2593
12289 3900
15232 1081
14596 1026
14500 10
12644 1168
12294 1185
12840 145
12561 2630
12416 3118
12808 84
12933 3154
14380 537
12801 3284
12290 1632
12549 3072
14342 864
12288 398
12424 592
13057 1032
12403 2056
12482 32
12832 270
13312 19
12814 2185
14616 580
13338 100
14324 8
12701 3074
12344 2626
13384 417
12293 802
12442 2048
12419 2160
13961 258
12288 3603
15172 1044
12939 1072
14934 128
12418 2389
15489 858
13888 397
15365 594
12814 288
12752 3372
12289 1152
13196 16
14493 1538
13577 226
14377 132
12544 2
12419 3168
12293 3586
12609 2094
13139 41
15128 224
12304 653
15635 2244
12361 1574
15152 1088
14340 602
13323 2320
12650 1540
15672 0
15360 602
14528 1584
13314 209
13082 2144
15426 660
16132 121
12896 268
12570 1028
12372 3355
14338 1040
12547 1060
12304 1354
13312 81
14720 1090
13840 195
14408 772
14902 65
13440 285
12673 520
12801 3232
12417 550
12342 1057
15382 8
15388 321
12882 1160
13313 256
12880 322
13312 2210
12724 3082
14344 679
12544 1540
12945 1090
14657 1064
14338 152
12368 289
14532 512
12850 192
12947 44
15368 496
12800 133
14613 66
15233 8
12354 3628
12307 68
12608 3106
12308 1649
13901 16
12585 2054
14436 64
12306 1293
14914 404
12810 3524
14080 712
14882 1348
12340 265
14513 1868
12295 264
14508 768
14594 685
14596 1250
13704 0
13664 256
12552 67
14854 1152
14352 1120
13396 2816
12736 2317
12672 3694
13829 184
16128 2049
12321 264
12384 3328
13825 150
13064 134
12357 3232
14890 1104
13632 2595
12994 2356
12290 917
13409 656
13190 2056
12300 1
12336 1730
13072 1062
12360 2594
12293 840
13826 25
13440 618
12296 2081
12500 2080
12326 2824
13192 1040
12304 800
12688 2
14592 1054
12508 32
14144 2208
14664 1633
14360 130
14860 2338
14337 1056
14754 517
14353 10
12752 2590
12821 2242
13573 610
13552 2318
12683 2593
12312 3651
12836 273
15601 516
14339 620
13066 181
14849 334
15744 604
15392 466
13345 74
12516 1809
12396 914
12842 3265
12294 176
14080 145
12288 2115
15408 134
12464 3329
16138 192
12298 1584
13344 264
13337 2528
13456 843
16144 45
12624 136
12312 2436
13952 322
14083 2304
14624 709
12948 2338
12308 448
14758 8
12486 305
14336 48
12584 534
14978 1089
14019 2076
13454 1
14353 834
12560 1760
12289 3084
12385 2180
12805 392
13440 587
12290 2568
12993 2322
14374 1432
12296 2672
12937 3328
13505 2565
14357 578
13376 552
13336 512
15032 256
12314 421
12755 2080
15184 16
12436 2314
12690 68
13396 128
14384 1550
14400 1285
12432 96
12506 3620
15023 1120
15915 320
13364 770
12865 258
15027 256
13312 905
13586 0
12832 154
13316 459
14384 66
12420 2577
12289 544
12928 108
12416 2077
12561 14
12302 1601
15360 521
15016 338
12698 5
12296 3012
12296 1873
12505 3840
13456 9
12688 1061
13513 276
12800 14
14652 3585
12297 246
14723 548
12452 3137
12348 384
12548 3717
12385 144
13010 1024
12472 3584
12411 1280
12700 65
12869 275
15413 480
15530 528
14760 1108
13569 2244
12384 2437
15376 742
15416 324
12664 2563
13795 2056
12684 2160
12880 1153
13982 2112
12578 512
12288 1282
12473 3076
12941 2050
12289 2212
12803 2200
13716 1068
15128 4
13536 770
15394 796
12290 2197
13984 336
14634 528
12504 1284
15370 256
13563 516
13063 248
12420 800
14608 7
12352 523
14468 1290
12291 18
13952 101
12512 2320
12560 2176
12442 545
12300 1024
13100 3073
16268 84
13313 2119
13312 2564
12290 1297
14465 518
12302 3376
15402 3
12802 1041
12296 724
12881 260
14356 3522
16005 370
13442 365
13184 3074
14128 2244
14406 1056
14480 558
12308 515
12434 1293
14441 16
13768 1
12302 2725
12296 69
12802 1328
15276 0
12363 896
13348 2249
12289 3666
15628 80
13444 74
13367 0
13093 2176
13152 2054
12288 1238
13316 2304
12454 3600
15412 288
12705 1038
14909 130
12355 2052
12932 1088
12397 3218
12992 3344
14344 144
12608 2192
14592 17
13638 2729
14768 591
12897 2308
12816 128
15416 2
14912 20
13464 517
14854 0
12706 2052
15392 83
13203 100
13312 2820
12328 1040
12845 2448
15616 96
12552 2244
12888 1411
14338 1032
14460 512
13633 128
13872 34
13059 1152
16200 14
12833 2320
12672 2056
12673 2056
12577 1024
12361 2224
14706 641
12325 1674
14044 1
13125 2064
12428 3328
12673 1080
12585 0
14740 10
12295 1096
13320 898
14406 1057
12802 197
12590 1217
14865 110
12552 3637
16200 160
14337 1798
14385 138
12494 2080
13649 2080
13834 128
15388 518
12723 2560
12752 3072
12356 3248
12288 2466
12344 4
12384 1025
13513 512
13408 144
14529 1038
12444 64
12548 136
12992 2177
12335 64
12314 5
14642 1737
12432 3335
13323 832
12560 2058
12929 2064
14418 1152
12288 3081
12709 2122
14347 688
12480 38
13184 102
12918 1057
14877 1408
12940 3072
12833 282
13088 3163
13587 656
13316 2147
15600 2304
12675 1656
12905 1154
15537 1280
13074 128
13490 68
12608 1057
12804 3104
14914 1152
12384 2432
13250 3073
13984 265
12496 2504
13825 354
13349 2378
12872 1
12444 2049
14348 1248
12360 1158
14352 1733
13381 1056
12806 65
14337 740
14916 261
14370 1089
12423 3616
13592 676
15618 586
14480 1902
12355 1541
12288 1044
13760 13
12840 2242
12710 1624
14416 2
13363 136
12802 1308
12673 76
14080 302
12378 2208
13827 1056
12550 1248
12464 514
12600 516
12297 3138
13832 624
14474 1585
13008 2060
12371 2436
13568 41
13137 34
14482 265
13825 2192
15397 194
12424 2055
12865 446
12312 546
15505 296
14352 64
12322 2313
13250 8
12844 275
14336 238
14922 276
12572 2560
15360 386
12592 1601
16225 6
13475 772
12824 3331
13316 2226
14681 128
12610 165
14593 46
14417 682
13312 3013
13536 769
12358 2560
12880 165
14400 1801
14912 1081
14480 1735
12424 3586
13234 3137
12548 2138
13828 176
12294 129
15426 24
12836 2200
12566 1665
12901 3074
13994 321
15013 32
13335 576
13336 290
15886 177
12344 3842
13006 1040
12401 2048
12364 2082
12916 2058
12832 460
12672 3191
13868 392
13572 2593
12592 128
12802 2048
15445 160
12880 4
13234 4
12816 480
13344 257
12832 385
14916 10
13873 14
12514 1284
12901 1048
13988 2
12976 1030
14658 1032
13632 2056
12853 2498
13840 164
13396 0
15960 164
12346 132
12656 512
12485 1418
12377 3104
12377 2466
13188 96
14880 149
12554 528
13204 2048
12384 514
15369 982
12938 260
14805 1056
14468 1090
13329 266
14420 1
12958 0
13550 2048
13508 48
13414 2432
13441 360
13312 2056
12392 1158
13361 2850
12288 910
14466 108
14466 1092
12544 2576
12824 3139
14612 1728
12544 126
13824 327
12416 29
12400 265
12324 2312
13712 2052
13824 2072
15114 128
13324 50
14978 1028
14592 516
15504 802
12320 786
15043 1336
14466 776
14368 17
15368 642
14721 114
12416 1330
13481 256
12933 2
12885 1280
14875 1060
12384 1040
14408 676
12600 1602
15424 674
12360 257
12289 2136
15376 1504
13576 3203
14626 1152
13424 2819
12298 2117
12436 2570
12301 2112
13168 1028
13346 2077
14352 513
12448 1353
15360 501
12416 2848
12288 1315
15364 643
14980 16
12438 65
14352 652
14336 1
12800 3204
12800 30
13479 24
12800 1045
12304 2592
13413 896
12396 1682
12312 695
12820 3114
13332 2242
12706 3077
13280 10
13892 200
12381 3746
13056 1043
14481 42
14985 1072
12492 1
12488 2049
15650 64
15362 820
14881 1292
13330 836
15636 649
12672 561
13580 146
13441 34
15073 8
13320 2338
12292 4017
14346 1616
12582 521
12291 2088
14871 288
12617 1184
13070 32
12424 3585
12293 3616
12867 2340
13349 282
12864 261
12361 806
12293 2000
13467 72
14720 1044
14929 1056
13896 19
12879 2432
16000 291
12532 258
13457 2598
14594 2113
12306 2081
12823 2274
12544 3689
12307 936
14384 654
13080 37
15001 1830
13833 2240
12491 3072
12360 642
12362 165
12404 0
12320 2396
12597 1160
12368 3112
14514 1344
12639 1188
12868 2314
13248 1
13952 2099
12816 197
12920 1026
14892 321
13392 132
15136 1088
14898 5
12941 322
12343 264
13668 2
13516 3
14369 0
14353 40
13537 768
12304 2600
14596 11
12428 3090
12568 1091
13318 5
13701 74
12368 512
12352 52
14755 512
13444 2594
14368 8
12800 294
14466 2593
13696 98
12299 4032
12544 684
12828 1216
12552 3201
14340 11
12613 1066
12804 3139
12970 2049
13526 2600
15152 1
13084 2593
13505 2074
13314 2156
12544 1579
12553 1152
14284 2
12936 3601
12544 1037
12879 48
14520 260
14592 9
14856 22
12544 2262
13378 2609
14603 2112
14369 924
13340 65
15233 14
13584 554
12850 44
12294 256
12483 4
15192 1184
13162 1153
12615 3080
13312 2584
13891 296
12864 158
14928 269
13056 58
12544 2738
12868 1315
12880 2061
13192 1045
13351 328
12426 2613
13738 80
12698 1569
15225 0
12304 2310
12844 2514
12800 68
12304 3097
14946 1040
12397 401
12290 115
12308 1121
13835 2292
12296 290
13888 148
12825 96
15256 99
14913 1188
14993 1062
14336 102
15447 160
14812 512
13320 36
12825 260
14369 1170
12677 6
12305 560
14628 521
12296 1536
12306 1120
14464 1290
12820 2400
13025 0
12346 260
12956 1281
12417 2089
12301 432
14568 512
15032 2
13504 786
13379 554
15776 24
14436 256
12301 56
15176 1040
14337 210
12706 540
12832 64
12288 1330
12504 6
14464 1616
12833 2456
12960 70
12298 1104
14352 256
14658 657
14562 1800
12869 3520
12701 80
13172 2058
12544 2246
12839 3328
14876 66
12321 3713
13328 2060
12801 216
12296 2049
12300 3840
12320 585
12456 275
12288 2492
13825 2082
12802 68
13699 608
14626 1608
14384 9
12804 2345
12800 1031
12336 386
12810 3216
12292 152
13363 2120
14339 684
12320 3010
13512 2593
15008 1284
12288 578
12930 284
12614 3112
12801 246
12372 3242
12292 465
14592 288
13059 2220
13605 2048
12800 1399
12842 2384
13440 2083
12290 3932
15492 522
12648 5
13440 118
12612 1208
13312 289
12662 1664
12296 2373
14920 2097
15128 162
12804 162
12290 656
14401 428
12308 2562
14372 64
12289 64
12802 1244
13184 0
14420 1578
12394 905
14464 1856
14449 42
13280 1029
12568 1254
12481 60
12292 1281
15452 256
12291 3690
12289 1028
12848 2320
13249 516
12361 2944
12480 2304
14337 296
14595 1044
14373 1026
13893 10
13312 80
15432 423
14340 40
12904 131
12756 3081
14384 385
12309 2504
12547 2708
13376 2576
13858 220
14349 960
12561 2120
13522 641
15938 97
13075 0
12432 1090
12552 18
15942 313
12562 513
13058 1048
12448 2143
12300 53
14512 353
12808 866
14232 2146
12800 1335
13324 2059
12832 320
12308 225
12912 2189
12416 2596
12945 6
12832 3090
14378 1664
14248 2070
14720 1030
13668 2056
12608 62
12736 3619
12902 256
14497 594
13312 2882
13448 530
12323 1540
12802 409
12686 560
13324 2420
14592 1760
13129 152
13376 2868
12556 674
13312 1137
13104 198
12418 124
12644 1160
12713 1360
12818 2340
13464 834
12394 2565
12546 1165
12544 2191
12808 15
12369 302
14721 1114
14233 2082
13312 2187
13324 658
12940 1379
16176 0
12802 2308
16216 164
12290 2968
13745 8
14345 324
13680 524
12939 52
12686 2080
15456 258
12805 2112
12553 2068
12642 1040
12296 688
13064 2068
14336 1559
12433 1294
13095 0
12344 1024
12417 1128
12448 2072
16002 208
14504 516
12850 2185
12290 3020
15779 520
13376 2049
12320 586
12840 1218
13377 28
12800 81
14352 1248
12336 328
12929 3426
13732 1099
15032 3
12544 1165
13459 2856
13880 454
14424 0
12352 3224
14146 33
14473 512
13872 2177
12288 780
14348 2609
12832 1178
12488 608
14624 64
12430 3073
13652 1033
12292 3011
12872 34
12548 18
14608 680
14346 1473
13360 3009
14336 78
13120 119
12800 1418
14960 129
12366 533
12293 304
14884 162
14849 1344
14729 36
14337 1229
12848 1285
13376 2048
12354 288
14525 1792
12423 1056
12432 97
15168 164
12426 260
12400 2189
12337 1174
13328 2056
12739 1032
12436 2658
12296 1136
15491 592
12360 290
12841 2068
13072 78
12392 2065
14724 1138
14864 4
14440 1028
14728 1028
12700 513
12864 152
12460 1536
12855 1216
13336 769
14432 1556
13824 36
12289 1236
13444 257
14640 1026
14848 1321
13524 801
14385 1610
12386 8
13345 2328
12292 11
14612 10
13856 2387
12288 304
12810 1428
14656 1076
12490 1824
12307 2184
12326 2112
12294 384
13484 2048
13398 2953
12416 2091
13440 40
12964 1042
12386 2308
14338 1617
12944 35
12526 2048
12304 2214
12817 264
15525 600
14722 1145
12961 1306
12704 3089
12290 2117
13580 128
13336 997
14957 1170
12550 3601
12312 1568
14933 424
12320 2565
12555 564
13352 2509
13076 136
12646 2186
12288 1757
14385 0
13698 8
12548 9
13091 80
14484 2
12956 1315
13840 3
12824 2692
12457 1796
15504 811
12288 324
12384 400
13586 32
12300 2192
12752 3117
15256 1250
12878 2048
12416 1917
12545 162
14340 2353
13828 385
12602 2176
12546 1545
12552 3074
12784 1546
12297 2580
14354 1164
12610 3072
12320 1602
12804 1280
12642 2189
13312 2097
12293 2480
15428 787
12314 4000
15632 196
12675 2136
14436 18
14592 192
13058 152
15689 6
15640 4
14857 1168
13825 138
12288 1738
12865 1024
13851 2176
12545 2088
12393 22
15944 34
15498 516
12328 1734
12290 1244
12648 0
13568 532
14080 168
16000 304
12832 259
14368 403
12548 2163
13216 1039
13718 2080
12321 3520
12720 1024
12326 3393
12376 1924
14530 513
12408 3330
13504 260
12520 2304
14345 48
12292 1138
14339 772
13844 2344
14336 434
12356 2185
12435 2048
12304 481
12872 3105
12801 354
12696 1542
12322 1606
12676 2659
13851 160
12864 59
12518 2200
14164 2090
12290 2473
12360 36
15064 1316
14729 16
12440 2311
13888 170
14800 40
12292 5
16128 69
15374 912
14346 593
12610 1153
12293 1408
12816 3393
12560 1225
13705 64
12450 3396
12376 1542
12616 2592
13341 1536
13104 1226
13442 2328
13844 386
13570 8
14976 345
13824 2496
12296 322
13314 841
12457 1282
12520 1047
12292 2454
12832 226
12610 712
12801 1284
12291 2704
13149 32
12288 403
12404 2218
13184 96
12544 1
12833 1036
12368 512
15520 5
12357 2088
12288 1560
13383 24
14337 652
14743 0
12320 2819
12288 2639
14344 677
12416 1541
12288 1540
14100 2048
16292 3
14389 1794
13056 128
12816 452
13440 863
12385 2570
12744 1539
14490 1793
12305 1408
12416 1102
12288 67
12298 148
12937 322
12290 3100
13680 525
12544 603
14977 1536
12297 2834
12544 1094
12353 1958
14404 17
12866 137
15376 609
12354 2309
14606 81
14402 1340
12296 5
12376 2084
15426 513
12481 3338
15137 450
14858 1321
14728 22
12881 2440
13329 130
12436 3624
13170 2181
14532 776
14376 1
12680 256
12611 652
12802 3261
14680 644
12295 800
13451 2144
13112 3085
12288 3592
12436 34
13432 2816
13760 2048
14384 97
15258 100
14472 544
13030 16
12352 665
12688 100
13584 2598
13196 1057
12804 24
15104 217
12373 1288
12552 656
12560 3080
13392 268
12417 1026
16140 18
12809 1414
14504 19
13317 480
13906 5
13064 1200
12833 322
13747 36
12296 160
15424 772
15556 530
12600 3073
12354 824
13548 2576
14336 1680
14358 1153
12369 8
12672 2561
12710 1616
12289 1038
15564 2
14603 1024
15408 1344
12868 440
12624 1069
13408 2057
13853 608
14474 772
12600 576
12327 793
15376 134
12304 1738
12824 2336
14858 21
12768 3592
12327 2640
12434 329
13344 2179
13696 624
13083 68
12968 3345
12309 1088
12321 965
13330 320
12596 520
12288 2192
12320 257
12844 1363
12674 2145
12551 64
16176 3
13322 33
12816 1322
12932 19
15703 40
14608 1026
12802 2485
12452 1811
12530 1025
13859 264
13323 256
14336 48
12845 6
13492 768
14672 648
13328 34
14336 1160
15953 266
12300 2816
12339 270
12296 2209
15522 576
13498 2057
13392 7
13688 7
13270 32
14281 34
14466 821
13749 522
14097 40
14356 1290
12324 1027
12331 20
12436 256
12320 2818
14352 1992
12291 464
14496 522
14593 48
12443 2080
12816 2348
12544 34
14337 1230
12337 454
14340 169
15432 2
12352 512
12496 512
13332 259
15456 2568
14980 1048
12800 1096
13440 2071
14272 57
14337 1344
12804 192
12304 519
13360 578
12674 1569
12352 1618
12384 17
13538 8
12993 1024
12306 3529
12801 296
12850 1217
13318 1433
13444 2570
12418 2096
14720 620
12288 1312
14993 76
12416 2107
12320 221
14146 2213
12689 612
13569 2116
14594 1760
13058 116
15152 65
12310 136
12309 546
13338 2753
12292 1024
12301 1712
15422 256
13634 148
14530 1028
13452 545
12484 257
14872 1057
13322 2198
14193 138
13380 2088
12547 1024
12359 1184
12595 580
15520 286
12338 512
12988 1283
15406 512
13064 3204
12288 773
15424 8
13378 533
13530 516
12357 2322
14347 644
14690 1668
12305 1576
15424 517
14468 2
12801 1082
13444 66
15040 257
12648 2049
12297 549
15034 64
12290 512
12547 3136
12800 2053
13152 2050
12810 2308
13713 96
13671 8
12740 3592
14725 106
12560 2624
12288 2212
12337 2816
12548 649
13954 2056
13440 339
12304 1028
12544 1642
12419 528
14624 1756
14864 97
13032 272
12684 515
14610 60
12448 2142
12633 1028
12424 512
13128 19
12812 2053
12560 2089
14736 2730
14993 1094
14658 157
12808 1027
15116 145
12449 12
15392 2374
12826 1088
12562 524
13824 599
12361 2080
12506 3840
14080 104
12289 1136
12373 1162
12290 1265
12874 2084
12972 96
12681 34
13696 2586
12420 1552
15372 115
12294 512
13856 146
12576 1034
12292 2416
15362 324
15748 521
12306 5
12834 2125
12292 3793
12320 900
14609 40
14369 6
15744 25
13569 192
13633 640
14342 960
12432 1633
13214 3136
12308 1792
14933 128
13440 27
14336 1539
12288 530
12446 36
12472 3143
12288 946
13990 81
13473 324
12430 1792
13185 2392
14216 2163
15680 141
14601 1188
12840 645
14865 384
14404 946
12411 2944
12288 3232
12568 674
14744 32
14344 273
12803 360
13470 2304
12800 3538
14560 283
13001 20
13441 8
15620 1
14092 2279
12312 3364
12288 248
14857 70
14880 19
12522 1088
12609 556
12318 3872
12328 2576
14344 2306
13576 2065
14900 329
12488 516
15889 32
12608 2560
14361 36
12341 643
15425 554
12424 321
14341 739
12561 580
14104 230
12825 3138
12544 208
12352 2056
15380 392
13337 290
12321 722
13041 18
13832 224
12944 256
13432 2176
12288 3101
13377 530
12434 1541
13572 154
15377 164
12328 1217
12688 1637
15394 16
12816 262
12295 3120
13120 144
12842 1088
13264 1082
13585 2752
14664 1060
13056 70
12802 2105
12826 2052
13856 2256
13954 2405
15113 1152
12289 932
12580 3657
13393 640
13328 2956
14864 1285
12749 512
12809 1170
14656 1024
13058 149
12891 1026
15416 69
13600 514
12868 1281
12994 1336
12673 2064
12803 288
13394 5
14568 275
15506 617
13384 544
16352 19
16128 138
12545 384
13320 2066
12454 265
12306 3077
12681 560
13352 68
13024 3072
12456 1044
12828 258
13509 296
13699 580
12806 2448
14378 321
12421 610
12872 2196
14340 1664
12323 18
14496 321
12576 223
13888 176
13328 8
13324 3200
13836 384
14346 804
15406 645
13442 312
12442 580
13595 4
14433 256
12560 3691
12356 3329
13884 2306
13097 82
12376 261
14037 2336
12880 1291
12546 216
13568 2257
12312 3268
13318 32
13313 2530
12306 1097
12457 1554
12833 456
14864 87
12546 1092
14400 572
13607 2560
14922 3073
13842 137
13256 4
12386 164
12568 2758
13601 161
13698 8
12902 256
12288 1827
14722 1636
12564 64
12297 322
14348 323
14347 596
13363 2048
15627 629
12320 1544
13352 135
14336 1684
13352 2448
14337 58
15365 50
14433 50
12408 1025
15879 18
12557 32
12288 283
12364 2304
15489 270
13410 2833
12424 6
12514 0
14232 14
12424 289
13440 802
12309 2122
13218 2049
14352 1645
14401 1298
14881 468
12704 528
12852 1336
13184 82
14852 1041
12645 1026
12384 1539
14533 10
13312 580
12322 73
15506 304
15394 128
14600 276
14873 1156
12432 2569
15040 1296
14404 1432
14881 1292
16016 1344
14092 16
16129 68
12301 2994
14928 257
12308 8
12832 641
16226 0
12835 2252
12426 513
13608 193
13169 2048
13792 2
12610 2688
12292 1152
15488 574
12677 26
12545 532
14358 256
13424 256
13008 3368
12684 2081
12299 1220
12296 1378
12355 0
12289 1060
13379 2344
12324 1153
12642 685
12870 2560
12320 23
12610 53
12289 1552
13552 266
12928 2309
15648 158
12560 132
12866 656
13363 388
12306 1832
12961 3088
13314 272
15943 0
13314 665
13441 842
12309 778
12419 556
12293 2128
14368 152
13154 12
12292 1243
15076 10
13968 2372
12303 2112
14646 1088
12434 801
12547 3201
15445 166
12692 1026
13058 8
13698 28
12304 32
12544 3088
13409 2944
12302 1568
15392 320
12966 88
13830 2304
12962 340
14337 1092
12801 224
12865 2080
14353 322
12610 1
13328 384
13574 696
15360 481
14674 1541
12657 520
12344 130
15852 49
13320 2194
12306 453
12586 1541
12816 143
12290 905
12630 161
15112 737
12858 1861
13072 2088
12488 2068
13954 329
15892 423
12992 18
12549 1026
12551 544
12453 3912
13480 2306
14345 1156
12424 3139
14944 1026
12296 2656
12547 1056
12376 132
13872 832
14369 144
12297 3190
12290 3144
14872 1223
13237 2112
14368 640
13937 6
14386 641
14341 1026
12864 1042
14588 1024
15680 33
14545 516
12630 1568
13034 1285
14388 3080
12320 1088
12839 320
13440 0
12740 1549
12352 648
14337 166
15657 208
12932 3576
15426 185
12416 2931
15041 276
14336 1921
14336 104
14373 128
12880 2210
14012 2112
12473 2048
12416 276
12386 2198
12620 3125
12876 147
14370 521
14856 164
12389 1672
15625 4
12362 1028
12916 3075
13968 16
14362 1540
14337 656
12429 1298
12544 1184
12672 1400
12417 368
12292 2880
13108 11
14729 1042
15924 0
13613 640
12430 1872
12360 515
14458 4
12833 2134
14145 164
15276 66
14404 729
13344 2321
12322 1573
12545 18
12288 1248
13440 604
13456 3336
12368 519
12866 304
12334 16
12308 450
12680 864
12300 2051
14336 29
13828 2353
12420 3123
12344 532
13312 8
12837 2066
12416 1028
12804 1280
12545 1716
12416 5
15126 1
13465 866
14208 24
13224 3072
12808 1047
16322 37
14721 1196
12292 2320
12288 3
12289 1574
14660 1537
12544 198
12886 32
12896 3089
13644 32
15392 320
13589 514
12896 3073
12298 500
12302 193
12545 668
12850 2048
13101 1088
14596 1561
13416 2052
15120 1025
12319 2656
13584 2177
13379 536
12312 2049
13440 544
12363 288
13376 186
13547 262
12907 2176
14721 1074
12398 2049
14896 904
12288 1522
12408 1028
12801 290
14353 962
14353 1204
15296 2071
13489 270
12481 2304
15232 1181
12736 2560
14082 2240
13891 2208
14721 1080
12563 3244
12833 1052
12338 197
12560 2246
14855 392
15112 2276
12552 2133
15368 348
15129 192
12544 144
13734 2128
13858 257
13856 21
12432 2382
12809 3296
13510 2072
14354 353
12297 1284
12960 269
12608 52
12290 208
15873 438
14338 1812
13410 2688
15808 514
13954 325
12482 49
15360 66
13256 3092
12562 609
13443 620
12874 1952
13885 130
14451 1280
12810 1361
14369 644
14568 258
12344 1345
13313 2306
12929 2316
12352 1537
12346 3649
12468 73
14486 264
12441 1284
12546 632
12832 1116
14356 1088
12826 224
12688 2180
14336 1284
12328 1108
14592 1226
13476 2816
12680 65
12450 3085
12416 11
12804 2139
14345 640
14468 1074
12852 12
15458 204
13324 896
12330 1876
12289 664
14856 257
12864 3501
12686 3136
12624 2200
12546 676
12320 2114
12288 28
12364 1026
15876 322
14087 40
12800 1132
15637 224
14370 333
13322 613
13856 203
13120 45
15920 203
12466 0
12685 3648
15616 45
12288 593
12320 3980
12420 256
13443 516
12549 112
14378 385
15236 1027
12352 280
15621 704
12469 2112
12617 146
13970 5
13418 17
12354 256
12336 202
12722 3592
12680 3632
15425 548
13408 9
12424 2883
13363 328
13440 123
12572 3104
13426 528
15784 100
12808 2438
15985 808
12800 128
13312 664
12546 3620
14340 1736
12578 2508
12392 1028
15363 64
12977 1038
14892 274
12953 38
13764 42
12646 1033
12426 2900
13089 154
15117 1072
12642 136
16128 183
14488 1062
14657 272
13872 2080
12416 2562
14627 128
12296 3654
13464 2854
14336 1098
14416 1509
12420 1043
12289 4002
14853 1090
12568 101
13376 167
15936 4
15425 2708
12289 1668
12303 528
12488 1536
12533 74
12416 1094
12610 2573
12296 2336
14421 1058
12676 3136
12866 164
12608 3616
12288 39
13003 3344
13264 1067
12444 256
13640 818
13321 2882
15779 256
14819 1560
13378 944
12289 1282
12450 0
12964 1307
14368 5
12435 2368
12312 162
12940 1040
14740 1634
13315 885
12836 3203
12391 2320
12296 3178
12429 3136
14852 74
12576 3
13673 2580
14656 1696
13440 832
12298 1029
14976 6
13324 2066
12352 138
15362 28
13403 0
12549 578
14342 529
12302 2688
12348 1280
12360 897
12950 1344
13332 2570
12836 80
14439 128
12296 1282
15907 388
13827 2496
12352 1542
13321 3472
12674 2121
15368 646
12300 162
12300 1089
12289 1318
12388 1153
14408 1680
13568 2165
14540 1331
12715 1024
12816 172
12291 0
12336 332
12810 0
12932 25
12869 800
14488 257
15104 1043
12964 3153
12338 2702
12295 648
15681 26
12314 2433
12836 2114
12295 434
12292 1745
15457 28
15056 10
12546 2360
14707 264
16012 257
14865 1313
13002 256
13841 2344
12746 0
12928 1033
13056 1435
12296 2724
14368 1831
12620 2689
13440 68
14516 1322
12504 3104
15621 568
14886 132
13200 3141
14084 1
13448 784
12353 1726
14336 1282
14603 96
15431 912
12289 3072
12353 140
14595 1200
15733 0
12808 50
13329 968
14545 520
13440 2
14492 1026
13387 2084
14339 1876
14482 2116
15488 771
14042 0
12429 2320
12945 294
16048 300
15525 1112
12373 642
14353 450
13097 2066
15312 9
12327 2176
12336 1421
12626 1024
13344 4
12472 2626
14404 906
12288 32
13476 5
14534 1352
13856 2058
13344 4
12304 3844
13980 1056
15880 32
12577 1538
13373 272
14598 696
14640 40
13361 512
12304 3693
12326 216
12848 1795
12358 1173
12296 1445
12292 2227
15360 453
15110 144
13347 728
12548 3778
13961 274
13189 34
14656 149
13328 194
14536 1028
12560 57
13328 2632
13018 3105
12428 2
14596 1931
13002 1041
12353 2192
12290 3352
14602 0
13121 258
13750 0
14472 1652
12289 2962
12419 32
13442 769
15375 416
14370 256
13926 144
13441 778
15503 544
12804 1482
12292 2066
13325 320
12294 1320
13440 2839
13316 97
13136 37
13842 2054
13320 2324
12508 256
12884 2184
13880 133
12616 1041
13960 310
12320 1668
12962 1280
14592 121
14389 1546
12579 640
13634 156
12293 4040
12824 3175
12801 2
12420 1656
15493 738
13446 256
12709 2072
13864 385
12434 2656
12835 64
12992 10
12560 3680
12288 816
12811 292
14404 131
14860 225
15424 319
12288 7
13906 133
14024 293
12864 3593
14848 96
13393 518
13184 73
15105 136
12288 3136
12481 256
13841 110
12401 896
12704 18
13446 2392
12304 2944
12488 3362
12352 284
12616 32
14611 1024
13313 448
12288 1291
12296 3765
14369 536
15397 304
12288 2093
14336 1800
12322 3848
12939 320
14404 442
12452 81
14344 294
12933 3120
12897 2434
14348 1217
12359 2432
13824 267
12872 2176
13824 2066
12301 2960
12404 1164
14405 1570
13360 2242
12976 330
13862 2313
12524 2368
12421 10
13574 568
12480 1058
12289 3008
12641 2
12289 2098
12441 3394
12401 524
14405 290
13420 2594
12289 154
15360 42
13056 2084
12435 1888
13636 2232
15884 33
13090 2116
13568 66
12417 804
12396 1096
12385 3342
14634 528
12962 3329
14612 1185
13321 2436
12384 2191
14341 784
13460 2859
14216 2082
13340 2434
12490 3072
14464 1354
15360 422
12833 64
12929 3156
12288 1420
14480 641
12678 3584
12353 2450
12888 1024
13568 527
12896 3076
15842 0
13185 2068
13652 674
13093 2248
13024 16
14468 1024
13610 532
15365 64
12419 352
12421 1624
12417 2346
12304 2382
14438 1681
13673 2306
12288 2371
13413 2184
12818 1189
13360 840
13312 2156
14605 168
12321 2072
12593 2
15525 2050
12356 1306
14961 1154
12291 1312
15654 128
12309 512
16041 4
12307 2464
12868 51
13921 2074
13320 149
14304 1024
14928 8
12356 1441
14917 2
12296 36
15508 104
12436 2401
13328 784
13597 108
12835 1360
16153 66
12551 168
14595 540
15041 1316
13430 513
12305 3616
12962 348
12839 1664
12338 4
13746 2048
13312 2176
13378 32
12553 167
12384 1046
12555 3264
13314 2260
12292 16
12512 514
12984 260
12489 18
14912 17
13320 530
14730 612
13400 260
12292 3387
12384 3
14434 1153
12289 1458
12428 560
12292 1385
13312 2334
12483 0
12864 130
12320 2270
14402 1281
12818 128
14597 0
14400 306
15765 0
14404 272
13589 98
13312 80
14368 1101
12672 570
14401 1058
13856 337
15370 1
14592 108
13868 2225
14720 16
13840 2337
12562 1033
12344 260
12958 3104
14424 292
13785 0
13424 396
12630 1536
12856 1026
12376 1314
12581 1168
13120 2432
12612 2083
14400 930
13332 64
13331 396
12811 2768
12322 1681
12827 64
14632 214
12582 2056
12597 2050
13331 44
12448 581
12548 24
13256 51
12288 2608
12303 416
12812 3111
15360 463
13389 130
12288 1052
12360 3204
14467 792
12728 2054
13265 1036
12328 144
14513 256
13313 352
13328 394
12800 97
12289 2224
12484 866
14340 437
15444 289
13161 6
12868 2050
13088 2440
13824 2354
13507 292
13163 3716
12338 329
12299 1300
15788 81
14121 16
12804 168
12426 3173
12841 2448
13909 2208
12896 3329
12480 30
15217 2
13794 640
13890 8
12546 724
13634 2577
14480 266
12820 9
13720 2048
14880 6
12900 1418
12289 1800
14425 256
12512 2562
12417 1572
14128 2113
12432 584
12288 1223
12576 64
12544 139
12802 1216
12352 644
12384 669
13602 2048
12545 1742
13516 528
13249 132
13451 2560
14083 120
12325 2378
15012 264
14592 104
12328 384
12992 8
12305 794
13700 3
13316 2160
14884 1112
13337 2560
14341 1354
14656 1064
12688 880
12930 8
13351 2504
12588 3
14609 1038
12364 1808
12550 1576
14914 1200
12640 3738
15169 1026
13313 136
14336 1073
13697 1105
12840 3202
14595 16
12416 1870
12577 2136
15376 768
13322 784
12570 649
12354 1
16294 18
12904 1
12357 530
13824 257
14592 0
14437 1034
13413 402
12576 2626
12816 11
15616 577
12308 864
12897 1296
13826 12
12296 131
13416 2064
12601 1088
14506 1076
14592 1673
14894 0
12306 2048
12336 452
12801 3470
13841 4
12296 1188
14532 1851
12353 2592
14628 66
13331 520
15768 612
12376 1027
13825 2094
12309 256
12288 1833
12439 2400
12309 3776
12600 2049
14421 801
12448 539
12393 276
15113 240
12480 2085
12416 1080
12810 2224
12332 2641
14632 193
13869 2320
12825 1032
13312 2663
13386 2960
12304 256
14434 1096
13344 72
13132 1075
12432 390
13330 2436
14368 334
14488 515
13070 1073
15492 336
13312 2869
14666 33
12746 1
12439 1120
13352 2832
12371 2592
12618 3109
14474 1040
15009 18
14473 82
12324 858
12352 26
13450 2865
13088 17
15377 620
12320 1739
12289 144
13454 2609
14472 1536
16135 80
12361 2320
14369 1792
13329 160
12320 3201
12298 2112
13098 2128
16070 41
12321 2752
15360 776
12874 20
15250 36
13103 3264
12289 586
12885 392
15680 645
14522 1793
13539 2060
12548 1033
12352 2309
14637 66
13826 176
14888 512
15432 22
15178 164
15424 50
12608 1551
13057 2342
14356 200
13665 520
12313 2340
12800 2285
13065 3232
13681 2060
13068 34
12464 7
14736 589
13704 2113
14034 385
14880 1170
13465 100
12305 1544
13320 65
14371 596
12298 2132
12514 513
13078 40
12434 1536
12870 2048
13089 1088
12289 22
12388 1929
12376 519
13194 256
12620 3089
13060 235
14593 1134
12368 2412
13354 2325
14081 192
13312 646
15792 522
12816 1217
13409 2700
12554 69
14464 2325
12584 2704
14084 41
14924 1027
12801 2488
12297 1906
12800 217
14903 128
12306 384
14354 800
12550 513
16148 2
14337 34
12672 2653
12424 3411
13578 641
13392 2318
12805 2200
14857 1168
14864 234
12416 2826
15016 261
12296 6
12584 1
12420 1562
12433 1640
12428 2368
12650 3728
12720 1606
12830 161
15904 455
12481 1666
13317 642
12836 3352
12417 1059
15833 38
14994 1280
12290 2689
12744 1026
12308 34
12866 1193
12297 642
12932 3106
12353 664
15616 232
13052 256
12577 3218
12800 1409
12800 3132
12298 69
12420 3401
15007 1088
15368 150
12358 1560
14888 86
12436 1697
12289 2144
12288 1883
14385 3272
12320 83
12519 265
12364 1792
16128 2062
15720 128
12841 1088
14101 2080
13224 1043
14424 514
12370 428
14480 1537
14408 1172
12296 145
13648 557
13378 272
14272 35
14468 328
12333 1600
12551 3808
14336 1606
12312 288
12602 2052
15361 384
14592 1515
13312 2369
13412 0
15174 17
12806 0
12304 6
12434 672
14352 1317
12418 1549
12675 4
13302 2080
14424 1664
13632 146
12864 3107
13328 551
12432 2374
14482 36
12289 606
15496 2850
15178 577
12289 346
12352 2436
12294 1417
13320 26
12480 2318
12324 3072
12289 1230
13825 194
12289 3538
13617 2048
12293 730
12640 1
12442 1443
12320 2644
12548 3072
13864 337
12882 429
12487 2586
12333 1360
12739 520
13322 2577
12933 1056
12431 1648
12850 2049
15107 68
13747 512
12329 1792
16128 50
14444 1170
12812 1250
12417 3328
13333 386
13152 3713
13446 2424
13442 2353
12432 1059
13380 2483
12616 2577
14376 3078
14600 130
12356 2048
12960 2057
12461 2066
13136 37
15410 901
14929 8
12297 548
12288 3314
14351 416
12833 454
12320 21
13377 538
12426 593
13193 1088
12624 171
13351 2760
13872 2060
15872 188
12673 2066
13896 34
12410 514
14739 8
13124 1160
12673 3080
12697 2624
14848 40
12816 294
12823 2436
13570 1040
12976 2304
12353 1082
14339 224
12457 3088
12288 684
13088 2755
12302 2624
14357 1536
14721 44
12291 908
13060 48
12365 528
15889 36
13760 38
14402 49
13344 2182
12838 2049
14344 625
14932 416
12678 73
13810 517
12417 48
15380 78
13345 528
12864 435
14081 132
12872 2177
12294 1145
15378 76
12608 3201
14596 144
15617 38
14608 231
12298 273
12430 480
8358 13584
9296 12684
8280 14982
8196 13328
11264 12620
8248 13312
8250 13701
10635 13316
8220 15616
8893 14336
9232 12804
10257 13312
8760 13764
11276 12352
10289 13514
8962 15436
8200 12338
10241 12386
9064 12304
11585 12304
10248 12486
11480 12804
10817 13356
9354 14692
9224 15296
8452 12840
8794 15492
11277 12386
9482 12320
8896 14339
9482 15490
8449 13920
9488 12324
11776 12673
8834 12629
8214 16136
8448 12560
9924 12570
10298 12480
9040 12325
8268 12833
8268 12800
8836 12339
8208 12899
11036 13315
8832 13056
10256 13664
12224 12300
8240 13381
9240 14977
8224 14598
8595 12908
8336 13356
8400 13363
8291 12376
10418 12613
8708 13448
8292 14491
9149 13314
9216 13242
8448 13445
8769 15634
8256 13064
8224 14729
8196 14914
8704 15705
10690 12321
9674 12288
10240 14350
10762 13764
8792 13574
9456 14341
8719 14352
8496 13002
10256 12995
10440 12839
8314 14593
8325 12776
10848 13712
12257 12292
9224 14932
10657 12356
9160 12322
10088 14337
8704 12337
8193 12416
8217 12512
8451 13408
10244 13921
10898 13384
8836 12361
8496 12484
11024 13577
10912 13326
8329 14644
10254 12976
9544 12836
9307 14464
9872 12385
8289 14360
8792 14340
8404 14089
10288 14144
8480 15900
10056 14466
8704 15600
9177 12326
8724 13441
11136 12295
9154 12477
9766 12490
10240 12993
10372 13331
10764 13315
8930 13568
11809 12504
10352 12289
4322 15872
5385 13000
5524 14338
4617 12356
4865 12290
6270 13952
4416 15372
4272 14849
5825 14340
6919 12434
6147 12460
4096 13101
7170 12320
4880 13379
5132 12881
7364 13569
4961 13452
7172 12456
4096 14465
4106 13216
4128 12866
4674 13709
5120 14757
4114 15024
6480 12425
7696 12321
5023 15362
7217 13256
4292 13569
5248 12412
6277 12352
5396 12362
6596 13826
4456 12928
6016 12291
4644 13632
5664 12299
6912 12386
4128 13073
4352 12936
4403 14340
4273 12292
5504 12304
4420 12929
5141 14400
5408 12489
4620 12530
6864 13316
6247 12304
7200 12800
4456 14337
4418 13852
6384 12300
4099 13872
6449 13516
5088 15378
4181 12832
7472 12424
4485 12288
5000 12289
4721 14592
6544 13835
5388 12353
6171 13728
7168 12572
5392 12456
4164 12322
4330 13312
4240 13063
6539 12612
4304 15879
4300 16160
5120 15290
4164 12577
4160 12422
4105 16024
4516 14914
4355 13384
5377 12360
7476 12872
6195 14088
4194 15752
4356 14448
4264 15170
4320 15632
4116 13579
4417 13312
4162 14088
6145 12842
5133 12500
6152 12995
4136 13504
4177 14984
4880 14404
4164 13337
5253 12368
6539 12354
6226 12416
6713 12294
5632 12442
5376 14887
4096 14730
7048 12288
4612 12627
4225 12304
4683 12676
5364 12288
7681 12558
4672 12577
5673 12368
5129 15296
4538 15361
6048 12316
5408 12559
4096 15146
4381 13314
4234 13072
15618 6809
14436 4224
14380 4227
12488 6675
12450 6657
12546 5701
15440 4396
15746 4618
14894 5120
12619 7168
14124 4177
12946 5189
13314 4417
14747 4640
12295 7320
12328 4934
12294 7000
13444 4187
13257 4112
12289 4096
15376 4429
13064 4322
15107 4256
13824 6354
15361 4372
13312 4272
13984 6220
12328 4745
12944 5121
12308 4360
13056 6144
13568 6359
12544 6238
12800 5369
12576 4226
12560 7843
15232 4114
13577 4806
14640 4160
14788 4642
12368 4867
12288 6821
13860 4571
12574 4224
13377 4100
12620 4114
14511 5648
14564 4747
12434 4101
12620 6163
14674 4097
12425 5409
13344 6348
14986 5137
12681 7686
13570 6732
12304 4197
12816 4330
12296 5510
14344 7363
12416 4727
14340 5816
12288 6208
15616 4812
14337 4168
12853 4418
12801 7414
13644 6273
12625 6702
14736 4706
12658 7189
12845 6608
15496 4930
13344 4866
12402 4104
12336 4882
14338 5121
12320 7236
14376 6019
12778 6165
14381 4608
12388 5120
12992 4384
12803 4096
14593 5314
12944 4106
14471 7168
13076 4288
13185 5248
12320 5514
13312 4352
14528 5897
12320 4100
13069 4112
13336 7714
13313 6644
12325 4432
12932 6490
14352 4386
12288 6866
12488 7734
12810 7537
14658 5249
14720 5130
12304 4228
12361 6304
12549 6816
12296 6164
12289 6280
12320 6161
14459 4224
12690 7265
12288 5820
14720 5684
12288 4926
13578 4241
12848 4995
12620 10368
13057 8416
12628 9226
12944 8484
15362 8749
14338 9240
13824 10378
12436 9986
12544 8747
12294 9248
12596 9280
15538 9805
12464 11788
14348 8448
12483 9988
15519 8512
12335 10177
13409 10380
13920 8208
12450 8272
13072 9281
13840 9347
12450 8784
13696 8192
12800 8224
14477 8722
13825 8246
12448 11286
12372 10881
12619 8704
14381 9088
13165 9864
12296 12244
15080 9216
12352 10000
14354 9448
13360 10628
12296 11585
13888 9267
14336 8286
14403 10088
14992 8196
12576 8720
12372 9985
15427 8200
12421 8192
12304 10029
13738 8208
12336 9344
12312 11648
15494 8713
13954 8249
14366 9120
13394 10756
12952 8196
14340 8738
13389 11178
12804 9243
13849 10726
12304 8357
14435 8200
12316 10242
13413 10496
14978 8497
15752 8256
13159 8348
12816 10244
12357 9768
12482 9484
12889 8352
13901 10242
14473 10052
12292 9257
14258 8198
13836 8563
12876 9232
13074 8204
12837 9232
12369 10890
12316 8737
14851 9608
13442 8208
12741 9224
12544 11404
12288 11322
12290 10394
12807 10288
14848 8212
12468 9473
14337 9872
12808 9364
12384 9292
12488 10498
12577 10386
12297 9380
12296 11010
12352 10532
12416 11077
14596 10098
12512 10882
15194 8229
13592 8736
12812 8194
15666 8264
14481 8712
12593 8834
12722 11332
12317 9666
14594 8209
15457 9094
15992 8448
12842 8208
15488 8536
12466 9541
12586 9940
12544 8202
13312 8272
